row_id,filename,year,month,bbox_origin_x,bbox_origin_y,bbox_width,bbox_height,bbox_confidence,antler_status,age_status,head_visibility,status,fallback,attempts,finish_reason,error
0,SSWI000000027884533B.jpg,2022,6,0.2687,0.1066,0.5043,0.6933,0.966,ANTLERLESS,YOUNG,visible,ok,False,1,stop,
1,SSWI000000019469717A.jpg,2020,9,0.4831,0.2608,0.5168,0.7275,0.978,ANTLERLESS,YOUNG,visible,ok,False,1,stop,
2,SSWI000000020749648B.jpg,2021,1,0.0,0.475,0.6606,0.5216,0.978,ANTLERLESS,YOUNG,not_visible,ok,False,1,stop,
3,SSWI000000010695719B.jpg,2018,8,0.2587,0.4591,0.1531,0.3833,0.969,ANTLERLESS,YOUNG,visible,ok,False,1,stop,
4,SSWI000000020110273C.jpg,2020,8,0.2068,0.7733,0.2693,0.2241,0.956,ANTLERLESS,YOUNG,visible,ok,False,1,stop,
5,SSWI000000011340915C.jpg,2018,8,0.1943,0.6874,0.3031,0.31,0.966,ANTLERLESS,YOUNG,visible,ok,False,1,stop,
6,SSWI000000027884532C.jpg,2022,6,0.3806,0.2141,0.5737,0.5783,0.97,ANTLERLESS,YOUNG,visible,ok,False,1,stop,
7,SSWI000000013189074A.jpg,2019,5,0.0,0.6175,0.4925,0.3816,0.976,ANTLERLESS,YOUNG,visible,ok,False,1,stop,
8,SSWI000000012449090C.jpg,2018,12,0.7862,0.3599,0.155,0.4516,0.973,ANTLERLESS,YOUNG,visible,ok,False,1,stop,
9,SSWI000000030689976C.jpg,2023,4,0.0,0.635,0.5343,0.3625,0.983,ANTLERLESS,YOUNG,visible,ok,False,1,stop,
10,SSWI000000027505482A.jpg,2022,8,0.4043,0.2491,0.5956,0.7466,0.976,ANTLERLESS,YOUNG,visible,ok,False,1,stop,
11,SSWI000000023785301A.jpg,2021,9,0.8112,0.5058,0.1887,0.4925,0.97,ANTLERLESS,YOUNG,visible,ok,False,1,stop,
12,SSWI000000032298927C.jpg,2023,9,0.715,0.3149,0.2849,0.4858,0.963,ANTLERLESS,YOUNG,visible,ok,False,1,stop,
13,SSWI000000021386191A.jpg,2021,2,0.0,0.3249,0.4449,0.6725,0.984,ANTLERLESS,YOUNG,visible,ok,False,1,stop,
14,SSWI000000022400514C.jpg,2021,7,0.3331,0.5999,0.28,0.2691,0.966,ANTLERLESS,YOUNG,visible,ok,False,1,stop,
15,SSWI000000010437537B.jpg,2018,7,0.0,0.5141,0.2887,0.4474,0.963,ANTLERLESS,YOUNG,visible,ok,False,1,stop,
16,SSWI000000019152383C.jpg,2020,9,0.8099,0.5349,0.1599,0.2083,0.966,ANTLERLESS,YOUNG,visible,ok,False,1,stop,
17,SSWI000000010858037A.jpg,2018,9,0.1162,0.6416,0.1012,0.2683,0.965,ANTLERLESS,YOUNG,visible,ok,False,1,stop,
18,SSWI000000014648041C.jpg,2019,7,0.18,0.5549,0.5156,0.4433,0.98,ANTLERLESS,YOUNG,visible,ok,False,1,stop,
19,SSWI000000029324421B.jpg,2023,1,0.1543,0.4333,0.4756,0.5625,0.985,ANTLERLESS,YOUNG,visible,ok,False,1,stop,
20,SSWI000000010541476B.jpg,2018,8,0.03499,0.6866,0.3168,0.3125,0.976,ANTLERLESS,YOUNG,visible,ok,False,1,stop,
21,SSWI000000008397129C.jpg,2018,3,0.1875,0.6075,0.2912,0.2316,0.974,ANTLERLESS,YOUNG,visible,ok,False,1,stop,
22,SSWI000000032405901A.jpg,2023,8,0.0275,0.6666,0.4281,0.3325,0.97,ANTLERLESS,YOUNG,visible,ok,False,1,stop,
23,SSWI000000019560477A.jpg,2020,9,0.4668,0.6799,0.2425,0.3166,0.974,ANTLERLESS,YOUNG,visible,ok,False,1,stop,
24,SSWI000000025671022A.jpg,2021,9,0.5806,0.43,0.1543,0.2599,0.96,ANTLERLESS,YOUNG,visible,ok,False,1,stop,
25,SSWI000000020163401C.jpg,2020,8,0.5224,0.6308,0.3818,0.3683,0.963,ANTLERLESS,YOUNG,visible,ok,False,1,stop,
26,SSWI000000017888676B.jpg,2020,5,0.0,0.36,0.4174,0.5691,0.975,ANTLERLESS,YOUNG,visible,ok,False,1,stop,
27,SSWI000000014292195B.jpg,2019,7,0.0,0.4441,0.2637,0.4683,0.969,ANTLERLESS,YOUNG,visible,ok,False,1,stop,
28,SSWI000000032405899B.jpg,2023,8,0.7218,0.4516,0.2781,0.5483,0.974,ANTLERLESS,YOUNG,visible,ok,False,1,stop,
29,SSWI000000025670988B.jpg,2021,9,0.2824,0.5091,0.2531,0.4474,0.976,ANTLERLESS,YOUNG,visible,ok,False,1,stop,
30,SSWI000000014648042B.jpg,2019,7,0.2112,0.4858,0.4862,0.5108,0.972,ANTLERLESS,YOUNG,visible,ok,False,1,stop,
31,SSWI000000032118744A.jpg,2023,7,0.295,0.3266,0.3431,0.5766,0.965,ANTLERLESS,YOUNG,visible,ok,False,1,stop,
32,SSWI000000020664352A.jpg,2020,6,0.4612,0.4883,0.2287,0.3458,0.967,ANTLERLESS,YOUNG,visible,ok,False,1,stop,
33,SSWI000000028547096A.jpg,2022,11,0.04062,0.4399,0.4012,0.3691,0.967,ANTLERLESS,YOUNG,visible,ok,False,1,stop,
34,SSWI000000010479443A.jpg,2018,8,0.006874,0.4033,0.2881,0.2983,0.962,ANTLERLESS,YOUNG,visible,ok,False,1,stop,
35,SSWI000000024456321B.jpg,2021,11,0.6262,0.5025,0.2631,0.4958,0.963,ANTLERLESS,YOUNG,visible,ok,False,1,stop,
36,SSWI000000028797398A.jpg,2022,10,0.04562,0.5483,0.3981,0.4516,0.977,ANTLERLESS,YOUNG,visible,ok,False,1,stop,
37,SSWI000000010453516A.jpg,2018,8,0.09062,0.6691,0.1362,0.33,0.963,ANTLERLESS,YOUNG,not_visible,ok,False,1,stop,
38,SSWI000000012410613B.jpg,2018,9,0.01375,0.435,0.5437,0.5641,0.971,ANTLERLESS,YOUNG,visible,ok,False,1,stop,
39,SSWI000000018918463A.jpg,2020,8,0.2837,0.5308,0.3331,0.3041,0.956,ANTLERLESS,YOUNG,visible,ok,False,1,stop,
40,SSWI000000011064394B.jpg,2018,8,0.1437,0.5024,0.395,0.3816,0.951,ANTLERLESS,YOUNG,visible,ok,False,1,stop,
41,SSWI000000030689917C.jpg,2023,3,0.3237,0.4974,0.1687,0.1816,0.95,ANTLERLESS,YOUNG,visible,ok,False,1,stop,
42,SSWI000000014375037B.jpg,2019,6,0.3574,0.4233,0.1412,0.2275,0.954,ANTLERLESS,YOUNG,visible,ok,False,1,stop,
43,SSWI000000010541479A.jpg,2018,8,0.0,0.5583,0.1243,0.2841,0.95,ANTLERLESS,YOUNG,visible,ok,False,1,stop,
44,SSWI000000016236242C.jpg,2019,7,0.1549,0.6258,0.4025,0.3725,0.98,ANTLERLESS,YOUNG,visible,ok,False,1,stop,
45,SSWI000000010828144C.jpg,2018,9,0.03562,0.6741,0.5681,0.3233,0.974,ANTLERLESS,YOUNG,visible,ok,False,1,stop,
46,SSWI000000018768652B.jpg,2020,8,0.3787,0.5508,0.2943,0.2958,0.954,ANTLERLESS,YOUNG,visible,ok,False,1,stop,
47,SSWI000000019469722B.jpg,2020,9,0.0,0.09666,0.5993,0.8999,0.971,ANTLERLESS,YOUNG,visible,ok,False,1,stop,
48,SSWI000000009161561C.jpg,2018,6,0.2243,0.775,0.5118,0.2241,0.971,ANTLERLESS,YOUNG,visible,ok,False,1,stop,
49,SSWI000000014844279B.jpg,2019,8,0.1712,0.7541,0.2574,0.2441,0.967,ANTLERLESS,YOUNG,visible,ok,False,1,stop,
50,SSWI000000009583871A.jpg,2018,7,0.2593,0.3775,0.2362,0.3449,0.968,ANTLERLESS,YOUNG,visible,ok,False,1,stop,
51,SSWI000000019560461C.jpg,2020,9,0.5518,0.6066,0.2712,0.3933,0.957,ANTLERLESS,YOUNG,visible,ok,False,1,stop,
52,SSWI000000014347006C.jpg,2019,7,0.0625,0.515,0.2606,0.4841,0.978,ANTLERLESS,YOUNG,visible,ok,False,1,stop,
53,SSWI000000023480248A.jpg,2021,8,0.4874,0.5883,0.2956,0.3166,0.96,ANTLERLESS,YOUNG,visible,ok,False,1,stop,
54,SSWI000000023594688A.jpg,2021,8,0.7931,0.4416,0.2068,0.1991,0.956,ANTLERLESS,YOUNG,visible,ok,False,1,stop,
55,SSWI000000024640822A.jpg,2021,8,0.4293,0.3933,0.3881,0.4841,0.967,ANTLERLESS,YOUNG,visible,ok,False,1,stop,
56,SSWI000000014921381C.jpg,2019,7,0.04437,0.6816,0.4293,0.3166,0.972,ANTLERLESS,YOUNG,visible,ok,False,1,stop,
57,SSWI000000013189279A.jpg,2019,6,0.3387,0.5508,0.2943,0.4483,0.967,ANTLERLESS,YOUNG,visible,ok,False,1,stop,
58,SSWI000000027304916B.jpg,2022,8,0.05124,0.795,0.3493,0.2041,0.97,ANTLERLESS,YOUNG,visible,ok,False,1,stop,
59,SSWI000000024701436B.jpg,2021,10,0.1943,0.3974,0.4156,0.4866,0.968,ANTLERLESS,YOUNG,visible,ok,False,1,stop,
60,SSWI000000023594802C.jpg,2021,9,0.5781,0.54,0.1531,0.4241,0.966,ANTLERLESS,YOUNG,not_visible,ok,False,1,stop,
61,SSWI000000023366624A.jpg,2021,7,0.5781,0.4675,0.1662,0.3833,0.965,ANTLERLESS,YOUNG,visible,ok,False,1,stop,
62,SSWI000000019573325A.jpg,2020,9,0.3075,0.5999,0.17,0.3149,0.971,ANTLERLESS,YOUNG,visible,ok,False,1,stop,
63,SSWI000000012448774C.jpg,2019,1,0.8081,0.3875,0.1918,0.4108,0.972,ANTLERLESS,YOUNG,visible,ok,False,1,stop,
64,SSWI000000027912326B.jpg,2022,9,0.5656,0.5983,0.4343,0.3991,0.982,ANTLERLESS,YOUNG,visible,ok,False,1,stop,
65,SSWI000000019152388B.jpg,2020,9,0.0,0.5133,0.2568,0.4008,0.976,ANTLERLESS,YOUNG,visible,ok,False,1,stop,
66,SSWI000000011037544C.jpg,2018,11,0.08749,0.64,0.2412,0.2374,0.959,ANTLERLESS,YOUNG,visible,ok,False,1,stop,
67,SSWI000000009956774A.jpg,2018,8,0.5162,0.5983,0.3806,0.3983,0.956,ANTLERLESS,YOUNG,visible,ok,False,1,stop,
68,SSWI000000019187196B.jpg,2020,8,0.1599,0.5475,0.3975,0.3666,0.964,ANTLERLESS,YOUNG,visible,ok,False,1,stop,
69,SSWI000000023787446A.jpg,2021,8,0.0,0.2916,0.4562,0.7058,0.98,ANTLERLESS,YOUNG,visible,ok,False,1,stop,
70,SSWI000000010476163B.jpg,2018,8,0.04749,0.7316,0.4131,0.2658,0.97,ANTLERLESS,YOUNG,visible,ok,False,1,stop,
71,SSWI000000010479589B.jpg,2018,8,0.1712,0.3558,0.1762,0.2425,0.959,ANTLERLESS,YOUNG,visible,ok,False,1,stop,
72,SSWI000000011341523C.jpg,2018,8,0.1574,0.6266,0.7062,0.37,0.975,ANTLERLESS,YOUNG,visible,ok,False,1,stop,
73,SSWI000000020749649B.jpg,2021,1,0.0,0.4025,0.5118,0.5941,0.981,ANTLERLESS,YOUNG,visible,ok,False,1,stop,
74,SSWI000000010184900B.jpg,2018,8,0.07124,0.3875,0.2118,0.3808,0.961,ANTLERLESS,YOUNG,visible,ok,False,1,stop,
75,SSWI000000028797398B.jpg,2022,10,0.06812,0.5641,0.2643,0.435,0.951,ANTLERLESS,YOUNG,visible,ok,False,1,stop,
76,SSWI000000027884533C.jpg,2022,6,0.2506,0.12,0.5199,0.6716,0.96,ANTLERLESS,YOUNG,visible,ok,False,1,stop,
77,SSWI000000014375191C.jpg,2019,6,0.0,0.3908,0.2337,0.3249,0.959,ANTLERLESS,YOUNG,visible,ok,False,1,stop,
78,SSWI000000014869976C.jpg,2019,8,0.6218,0.8425,0.1506,0.155,0.955,ANTLERLESS,YOUNG,not_visible,ok,False,1,stop,
79,SSWI000000010856937B.jpg,2018,11,0.1043,0.4175,0.5418,0.5791,0.981,ANTLERLESS,YOUNG,visible,ok,False,1,stop,
80,SSWI000000028544989C.jpg,2022,8,0.6943,0.7174,0.2049,0.2808,0.961,ANTLERLESS,YOUNG,visible,ok,False,1,stop,
81,SSWI000000019469723B.jpg,2020,9,0.0006249,0.2991,0.6018,0.6974,0.973,ANTLERLESS,YOUNG,not_visible,ok,False,1,stop,
82,SSWI000000027294320A.jpg,2022,7,0.2493,0.6641,0.2906,0.3333,0.981,ANTLERLESS,YOUNG,visible,ok,False,1,stop,
83,SSWI000000023092373B.jpg,2021,1,0.6625,0.43,0.3375,0.5674,0.981,ANTLERLESS,YOUNG,visible,ok,False,1,stop,
84,SSWI000000010543035B.jpg,2018,9,0.03312,0.7074,0.2206,0.2924,0.965,ANTLERLESS,YOUNG,visible,ok,False,1,stop,
85,SSWI000000027911990A.jpg,2022,8,0.5506,0.7166,0.4493,0.2816,0.963,ANTLERLESS,YOUNG,not_visible,ok,False,1,stop,
86,SSWI000000015444799A.jpg,2019,10,0.0,0.6499,0.2393,0.3366,0.969,ANTLERLESS,YOUNG,visible,ok,False,1,stop,
87,SSWI000000009956749A.jpg,2018,7,0.1562,0.4091,0.3956,0.5866,0.968,ANTLERLESS,YOUNG,visible,ok,False,1,stop,
88,SSWI000000018009076A.jpg,2019,8,0.1687,0.7216,0.8312,0.2766,0.95,ANTLERLESS,YOUNG,visible,ok,False,1,stop,
89,SSWI000000032053804B.jpg,2023,8,0.0,0.2274,0.2924,0.3841,0.972,ANTLERLESS,YOUNG,visible,ok,False,1,stop,
90,SSWI000000026147714B.jpg,2022,3,0.2606,0.6133,0.1068,0.3841,0.966,ANTLERLESS,YOUNG,visible,ok,False,1,stop,
91,SSWI000000010902469B.jpg,2018,7,0.4349,0.5233,0.2374,0.2683,0.951,ANTLERLESS,YOUNG,visible,ok,False,1,stop,
92,SSWI000000010479520C.jpg,2018,8,0.6549,0.3666,0.1981,0.3108,0.969,ANTLERLESS,YOUNG,visible,ok,False,1,stop,
93,SSWI000000010707920B.jpg,2018,10,0.3818,0.5366,0.1493,0.1383,0.956,ANTLERLESS,YOUNG,visible,ok,False,1,stop,
94,SSWI000000014648093C.jpg,2019,7,0.1493,0.6516,0.85,0.3466,0.956,ANTLERLESS,YOUNG,visible,ok,False,1,stop,
95,SSWI000000019480793C.jpg,2020,8,0.2987,0.6341,0.3443,0.3633,0.973,ANTLERLESS,YOUNG,visible,ok,False,1,stop,
96,SSWI000000011340888A.jpg,2018,8,0.2712,0.675,0.1562,0.3241,0.957,ANTLERLESS,YOUNG,visible,ok,False,1,stop,
97,SSWI000000008397076B.jpg,2018,2,0.1037,0.6033,0.08749,0.2399,0.958,ANTLERLESS,YOUNG,visible,ok,False,1,stop,
98,SSWI000000015050123B.jpg,2019,8,0.0,0.4283,0.4118,0.5691,0.981,ANTLERLESS,YOUNG,visible,ok,False,1,stop,
99,SSWI000000027906759A.jpg,2022,7,0.07187,0.55,0.5681,0.4474,0.959,ANTLERLESS,YOUNG,visible,ok,False,1,stop,
100,SSWI000000013819243C.jpg,2019,7,0.4931,0.5699,0.1449,0.2041,0.971,ANTLERLESS,YOUNG,visible,ok,False,1,stop,
101,SSWI000000012805852C.jpg,2018,11,0.2681,0.6033,0.3243,0.3958,0.977,ANTLERLESS,YOUNG,visible,ok,False,1,stop,
102,SSWI000000009489057A.jpg,2018,6,0.1362,0.4808,0.1949,0.1574,0.96,ANTLERLESS,YOUNG,visible,ok,False,1,stop,
103,SSWI000000023421857C.jpg,2021,8,0.0,0.6425,0.3006,0.3574,0.967,ANTLERLESS,YOUNG,visible,ok,False,1,stop,
104,SSWI000000009816899B.jpg,2018,5,0.4,0.5091,0.3937,0.2983,0.955,ANTLERLESS,YOUNG,visible,ok,False,1,stop,
105,SSWI000000015964927A.jpg,2019,9,0.0,0.2749,0.2612,0.4158,0.951,ANTLERLESS,YOUNG,visible,ok,False,1,stop,
106,SSWI000000027674150B.jpg,2022,7,0.4937,0.7091,0.3112,0.2874,0.974,ANTLERLESS,YOUNG,not_visible,ok,False,1,stop,
107,SSWI000000020586713B.jpg,2021,1,0.2387,0.7041,0.2787,0.2949,0.974,ANTLERLESS,YOUNG,visible,ok,False,1,stop,
108,SSWI000000027613753B.jpg,2022,8,0.4381,0.6633,0.2049,0.185,0.955,ANTLERLESS,YOUNG,visible,ok,False,1,stop,
109,SSWI000000019152384A.jpg,2020,9,0.8068,0.5166,0.1293,0.2266,0.95,ANTLERLESS,YOUNG,visible,ok,False,1,stop,
110,SSWI000000027542702C.jpg,2022,7,0.05999,0.7041,0.1424,0.2924,0.959,ANTLERLESS,YOUNG,visible,ok,False,1,stop,
111,SSWI000000033587228A.jpg,2023,7,0.0,0.6375,0.3418,0.3625,0.974,ANTLERLESS,YOUNG,visible,ok,False,1,stop,
112,SSWI000000023366699A.jpg,2021,7,0.7918,0.5049,0.2081,0.4933,0.982,ANTLERLESS,YOUNG,visible,ok,False,1,stop,
113,SSWI000000032382074C.jpg,2023,8,0.6212,0.5975,0.2781,0.1958,0.954,ANTLERLESS,YOUNG,visible,ok,False,1,stop,
114,SSWI000000011176739A.jpg,2018,5,0.4337,0.7316,0.1506,0.2675,0.956,ANTLERLESS,YOUNG,visible,ok,False,1,stop,
115,SSWI000000011037539A.jpg,2018,11,0.3737,0.7608,0.1768,0.1375,0.952,ANTLERLESS,YOUNG,visible,ok,False,1,stop,
116,SSWI000000024681506B.jpg,2021,9,0.1643,0.1716,0.3218,0.4583,0.97,ANTLERLESS,YOUNG,visible,ok,False,1,stop,
117,SSWI000000009488748C.jpg,2018,5,0.2981,0.3575,0.1368,0.4141,0.964,ANTLERLESS,YOUNG,visible,ok,False,1,stop,
118,SSWI000000014648114C.jpg,2019,8,0.002499,0.4933,0.6518,0.5066,0.952,ANTLERLESS,YOUNG,visible,ok,False,1,stop,
119,SSWI000000015011290B.jpg,2019,8,0.09312,0.5941,0.2237,0.1808,0.951,ANTLERLESS,YOUNG,visible,ok,False,1,stop,
120,SSWI000000010902713A.jpg,2018,8,0.7362,0.5416,0.2637,0.3816,0.961,ANTLERLESS,YOUNG,not_visible,ok,False,1,stop,
121,SSWI000000010479431B.jpg,2018,8,0.5512,0.4099,0.1931,0.2891,0.97,ANTLERLESS,YOUNG,visible,ok,False,1,stop,
122,SSWI000000010476095A.jpg,2018,8,0.5449,0.7733,0.31,0.2241,0.959,ANTLERLESS,YOUNG,visible,ok,False,1,stop,
123,SSWI000000013914747C.jpg,2019,6,0.08499,0.5608,0.3425,0.3383,0.963,ANTLERLESS,YOUNG,visible,ok,False,1,stop,
124,SSWI000000009678497C.jpg,2018,7,0.48,0.8083,0.28,0.1916,0.97,ANTLERLESS,YOUNG,visible,ok,False,1,stop,
125,SSWI000000011022528B.jpg,2018,9,0.3368,0.26,0.2387,0.28,0.952,ANTLERLESS,YOUNG,visible,ok,False,1,stop,
126,SSWI000000019431002B.jpg,2020,9,0.1831,0.7349,0.3593,0.2591,0.966,ANTLERLESS,YOUNG,visible,ok,False,1,stop,
127,SSWI000000029352361A.jpg,2022,8,0.4349,0.7941,0.2374,0.2033,0.965,ANTLERLESS,YOUNG,visible,ok,False,1,stop,
128,SSWI000000018786907B.jpg,2020,9,0.1331,0.3641,0.4081,0.6341,0.976,ANTLERLESS,YOUNG,visible,ok,False,1,stop,
129,SSWI000000027911249C.jpg,2022,9,0.09937,0.7149,0.1843,0.2808,0.955,ANTLERLESS,YOUNG,visible,ok,False,1,stop,
130,SSWI000000023366547B.jpg,2021,7,0.3524,0.8133,0.4387,0.1841,0.955,ANTLERLESS,YOUNG,visible,ok,False,1,stop,
131,SSWI000000011416611C.jpg,2018,10,0.6506,0.5625,0.2818,0.4325,0.97,ANTLERLESS,YOUNG,visible,ok,False,1,stop,
132,SSWI000000013189279C.jpg,2019,6,0.3381,0.6083,0.4375,0.3908,0.968,ANTLERLESS,YOUNG,visible,ok,False,1,stop,
133,SSWI000000023421881A.jpg,2021,8,0.1331,0.5566,0.5856,0.4408,0.978,ANTLERLESS,YOUNG,visible,ok,False,1,stop,
134,SSWI000000028353141A.jpg,2022,8,0.4149,0.4833,0.2368,0.2658,0.964,ANTLERLESS,YOUNG,visible,ok,False,1,stop,
135,SSWI000000011262718B.jpg,2018,8,0.04,0.7541,0.3981,0.245,0.966,ANTLERLESS,YOUNG,visible,ok,False,1,stop,
136,SSWI000000014844014B.jpg,2019,8,0.6556,0.6774,0.3443,0.3216,0.977,ANTLERLESS,YOUNG,visible,ok,False,1,stop,
137,SSWI000000024681497B.jpg,2021,9,0.7568,0.1983,0.2431,0.4424,0.961,ANTLERLESS,YOUNG,visible,ok,False,1,stop,
138,SSWI000000027294180A.jpg,2022,6,0.7581,0.7241,0.2418,0.2725,0.972,ANTLERLESS,YOUNG,visible,ok,False,1,stop,
139,SSWI000000010847181B.jpg,2018,7,0.7331,0.6375,0.2293,0.3608,0.976,ANTLERLESS,YOUNG,visible,ok,False,1,stop,
140,SSWI000000028822849C.jpg,2022,8,0.2662,0.8133,0.2574,0.1858,0.966,ANTLERLESS,YOUNG,visible,ok,False,1,stop,
141,SSWI000000010541142A.jpg,2018,8,0.0,0.6124,0.155,0.3874,0.962,ANTLERLESS,YOUNG,visible,ok,False,1,stop,
142,SSWI000000012449097A.jpg,2018,12,0.7368,0.2983,0.165,0.5425,0.965,ANTLERLESS,YOUNG,visible,ok,False,1,stop,
143,SSWI000000031590790A.jpg,2023,7,0.2375,0.7241,0.4975,0.2733,0.976,ANTLERLESS,YOUNG,visible,ok,False,1,stop,
144,SSWI000000010488746A.jpg,2018,7,0.0,0.6424,0.3856,0.3549,0.979,ANTLERLESS,YOUNG,visible,ok,False,1,stop,
145,SSWI000000025670998A.jpg,2021,9,0.3406,0.5716,0.1837,0.2233,0.969,ANTLERLESS,YOUNG,visible,ok,False,1,stop,
146,SSWI000000013989021A.jpg,2019,6,0.2768,0.5791,0.125,0.1924,0.951,ANTLERLESS,YOUNG,visible,ok,False,1,stop,
147,SSWI000000024460406B.jpg,2021,11,0.4424,0.5916,0.4006,0.3591,0.969,ANTLERLESS,YOUNG,visible,ok,False,1,stop,
148,SSWI000000018918559B.jpg,2020,8,0.1568,0.6258,0.3075,0.2691,0.957,ANTLERLESS,YOUNG,visible,ok,False,1,stop,
149,SSWI000000011200568C.jpg,2018,8,0.05375,0.5041,0.1274,0.23,0.952,ANTLERLESS,YOUNG,visible,ok,False,1,stop,
150,SSWI000000027542796B.jpg,2022,8,0.1668,0.5641,0.3018,0.3766,0.965,ANTLERLESS,YOUNG,visible,ok,False,1,stop,
151,SSWI000000014962037C.jpg,2019,7,0.4406,0.5358,0.2712,0.3191,0.951,ANTLERLESS,YOUNG,visible,ok,False,1,stop,
152,SSWI000000011064403B.jpg,2018,8,0.000625,0.5816,0.7206,0.4166,0.98,ANTLERLESS,YOUNG,visible,ok,False,1,stop,
153,SSWI000000015214590A.jpg,2019,8,0.7806,0.4966,0.1581,0.1774,0.953,ANTLERLESS,YOUNG,visible,ok,False,1,stop,
154,SSWI000000027823753B.jpg,2022,7,0.5618,0.42,0.3193,0.2883,0.965,ANTLERLESS,YOUNG,visible,ok,False,1,stop,
155,SSWI000000010488746C.jpg,2018,7,0.1312,0.6375,0.3762,0.3608,0.982,ANTLERLESS,YOUNG,visible,ok,False,1,stop,
156,SSWI000000030689988C.jpg,2023,4,0.2168,0.6124,0.2493,0.3791,0.965,ANTLERLESS,YOUNG,visible,ok,False,1,stop,
157,SSWI000000028783429C.jpg,2022,8,0.4862,0.4816,0.4868,0.5149,0.978,ANTLERLESS,YOUNG,visible,ok,False,1,stop,
158,SSWI000000010478934B.jpg,2018,7,0.0,0.3849,0.2824,0.2849,0.962,ANTLERLESS,YOUNG,visible,ok,False,1,stop,
159,SSWI000000027937748B.jpg,2022,6,0.7174,0.7599,0.2824,0.2366,0.97,ANTLERLESS,YOUNG,visible,ok,False,1,stop,
160,SSWI000000019469725B.jpg,2020,9,0.0,0.3166,0.4818,0.6808,0.966,ANTLERLESS,YOUNG,visible,ok,False,1,stop,
161,SSWI000000024681650C.jpg,2021,9,0.3625,0.2591,0.2393,0.3841,0.982,ANTLERLESS,YOUNG,visible,ok,False,1,stop,
162,SSWI000000024460123C.jpg,2021,9,0.6293,0.5875,0.3706,0.4099,0.977,ANTLERLESS,YOUNG,visible,ok,False,1,stop,
163,SSWI000000020586713A.jpg,2021,1,0.2443,0.6249,0.2318,0.3508,0.967,ANTLERLESS,YOUNG,visible,ok,False,1,stop,
164,SSWI000000031371362B.jpg,2023,6,0.7206,0.4574,0.1637,0.3258,0.962,ANTLERLESS,YOUNG,visible,ok,False,1,stop,
165,SSWI000000009957092C.jpg,2018,9,0.3287,0.5324,0.1268,0.2541,0.958,ANTLERLESS,YOUNG,visible,ok,False,1,stop,
166,SSWI000000010476506B.jpg,2018,8,0.2981,0.4491,0.2675,0.2708,0.97,ANTLERLESS,YOUNG,visible,ok,False,1,stop,
167,SSWI000000025651044C.jpg,2022,1,0.3087,0.5524,0.2106,0.3,0.97,ANTLERLESS,YOUNG,visible,ok,False,1,stop,
168,SSWI000000010477522C.jpg,2018,9,0.6312,0.4491,0.2543,0.43,0.958,ANTLERLESS,YOUNG,visible,ok,False,1,stop,
169,SSWI000000023092478C.jpg,2020,9,0.5106,0.5883,0.1981,0.4108,0.977,ANTLERLESS,YOUNG,visible,ok,False,1,stop,
170,SSWI000000018768537B.jpg,2020,7,0.2749,0.4708,0.23,0.4716,0.961,ANTLERLESS,YOUNG,visible,ok,False,1,stop,
171,SSWI000000014962457A.jpg,2019,9,0.08749,0.7241,0.9125,0.2741,0.953,ANTLERLESS,YOUNG,visible,ok,False,1,stop,
172,SSWI000000019573386B.jpg,2020,9,0.3543,0.6891,0.2681,0.3083,0.976,ANTLERLESS,YOUNG,visible,ok,False,1,stop,
173,SSWI000000011223475B.jpg,2018,10,0.008749,0.4216,0.1537,0.2983,0.965,ANTLERLESS,YOUNG,visible,ok,False,1,stop,
174,SSWI000000014673140A.jpg,2019,8,0.3031,0.5083,0.2049,0.2249,0.952,ANTLERLESS,YOUNG,visible,ok,False,1,stop,
175,SSWI000000018918018C.jpg,2020,6,0.6062,0.5258,0.2125,0.23,0.96,ANTLERLESS,YOUNG,visible,ok,False,1,stop,
176,SSWI000000019469722A.jpg,2020,9,0.000625,0.2866,0.5906,0.7099,0.978,ANTLERLESS,YOUNG,not_visible,ok,False,1,stop,
177,SSWI000000010476096B.jpg,2018,8,0.6249,0.7933,0.1606,0.2033,0.966,ANTLERLESS,YOUNG,visible,ok,False,1,stop,
178,SSWI000000010733024B.jpg,2018,8,0.0,0.4724,0.2506,0.5274,0.967,ANTLERLESS,YOUNG,visible,ok,False,1,stop,
179,SSWI000000027912290C.jpg,2022,9,0.5493,0.5308,0.1556,0.3725,0.951,ANTLERLESS,YOUNG,not_visible,ok,False,1,stop,
180,SSWI000000010479499A.jpg,2018,8,0.8099,0.3641,0.08062,0.2533,0.951,ANTLERLESS,YOUNG,visible,ok,False,1,stop,
181,SSWI000000027872588B.jpg,2022,9,0.4131,0.4883,0.2,0.3174,0.964,ANTLERLESS,YOUNG,visible,ok,False,1,stop,
182,SSWI000000010877321C.jpg,2018,8,0.5812,0.765,0.1962,0.2325,0.963,ANTLERLESS,YOUNG,visible,ok,False,1,stop,
183,SSWI000000024619780B.jpg,2021,9,0.5818,0.6683,0.3443,0.3291,0.96,ANTLERLESS,YOUNG,visible,ok,False,1,stop,
184,SSWI000000015302731C.jpg,2019,9,0.6787,0.7175,0.1256,0.2125,0.957,ANTLERLESS,YOUNG,visible,ok,False,1,stop,
185,SSWI000000018954238C.jpg,2020,9,0.7287,0.6858,0.2081,0.3133,0.972,ANTLERLESS,YOUNG,visible,ok,False,1,stop,
186,SSWI000000028353140C.jpg,2022,8,0.1443,0.4749,0.1943,0.31,0.972,ANTLERLESS,YOUNG,visible,ok,False,1,stop,
187,SSWI000000029352516C.jpg,2022,9,0.2256,0.7991,0.2556,0.2,0.951,ANTLERLESS,YOUNG,visible,ok,False,1,stop,
188,SSWI000000010442246A.jpg,2018,8,0.2143,0.5033,0.3612,0.2891,0.952,ANTLERLESS,YOUNG,visible,ok,False,1,stop,
189,SSWI000000010541438C.jpg,2018,8,0.6343,0.6783,0.3375,0.3208,0.976,ANTLERLESS,YOUNG,visible,ok,False,1,stop,
190,SSWI000000012449038C.jpg,2018,12,0.8087,0.3566,0.1912,0.6333,0.964,ANTLERLESS,YOUNG,visible,ok,False,1,stop,
191,SSWI000000032382171B.jpg,2023,8,0.0,0.6058,0.36,0.3916,0.978,ANTLERLESS,YOUNG,visible,ok,False,1,stop,
192,SSWI000000027675810B.jpg,2022,8,0.4818,0.53,0.3306,0.4675,0.976,ANTLERLESS,YOUNG,visible,ok,False,1,stop,
193,SSWI000000008651787A.jpg,2018,5,0.1374,0.5141,0.1662,0.18,0.953,ANTLERLESS,YOUNG,visible,ok,False,1,stop,
194,SSWI000000010695519B.jpg,2018,7,0.4031,0.5608,0.1512,0.2691,0.956,ANTLERLESS,YOUNG,visible,ok,False,1,stop,
195,SSWI000000010190708A.jpg,2018,9,0.3968,0.5758,0.2012,0.4233,0.965,ANTLERLESS,YOUNG,visible,ok,False,1,stop,
196,SSWI000000031371390B.jpg,2023,6,0.0006249,0.5124,0.2081,0.2208,0.969,ANTLERLESS,YOUNG,visible,ok,False,1,stop,
197,SSWI000000014962410B.jpg,2019,9,0.09687,0.6341,0.3331,0.3541,0.966,ANTLERLESS,YOUNG,visible,ok,False,1,stop,
198,SSWI000000014504530A.jpg,2019,7,0.6512,0.6533,0.2706,0.3441,0.961,ANTLERLESS,YOUNG,visible,ok,False,1,stop,
199,SSWI000000033193822C.jpg,2023,10,0.03437,0.4558,0.6706,0.5416,0.972,ANTLERLESS,YOUNG,visible,ok,False,1,stop,
200,SSWI000000007580756A.jpg,2018,1,0.3818,0.365,0.4543,0.4716,0.978,ANTLERLESS,YOUNG,visible,ok,False,1,stop,
201,SSWI000000019906541C.jpg,2020,8,0.0,0.7841,0.3968,0.215,0.95,ANTLERLESS,YOUNG,not_visible,ok,False,1,stop,
202,SSWI000000023321664B.jpg,2021,8,0.3506,0.4824,0.4387,0.5141,0.966,ANTLERLESS,YOUNG,visible,ok,False,1,stop,
203,SSWI000000028353209B.jpg,2022,8,0.725,0.5466,0.275,0.2,0.95,ANTLERLESS,YOUNG,visible,ok,False,1,stop,
204,SSWI000000011037542B.jpg,2018,11,0.4487,0.5925,0.2431,0.3083,0.975,ANTLERLESS,YOUNG,visible,ok,False,1,stop,
205,SSWI000000014409218C.jpg,2019,8,0.0,0.6558,0.3256,0.3416,0.963,ANTLERLESS,YOUNG,visible,ok,False,1,stop,
206,SSWI000000015302774C.jpg,2019,9,0.2093,0.7566,0.2524,0.2416,0.974,ANTLERLESS,YOUNG,visible,ok,False,1,stop,
207,SSWI000000010479443C.jpg,2018,8,0.01,0.4016,0.2849,0.3,0.957,ANTLERLESS,YOUNG,visible,ok,False,1,stop,
208,SSWI000000023480115B.jpg,2021,8,0.0,0.7208,0.2381,0.2766,0.955,ANTLERLESS,YOUNG,visible,ok,False,1,stop,
209,SSWI000000023629169B.jpg,2021,8,0.0,0.6158,0.2549,0.3833,0.966,ANTLERLESS,YOUNG,not_visible,ok,False,1,stop,
210,SSWI000000018768694B.jpg,2020,8,0.06687,0.555,0.1637,0.4441,0.957,ANTLERLESS,YOUNG,not_visible,ok,False,1,stop,
211,SSWI000000032382039A.jpg,2023,7,0.6712,0.5866,0.2393,0.3808,0.969,ANTLERLESS,YOUNG,visible,ok,False,1,stop,
212,SSWI000000020749744C.jpg,2020,11,0.6162,0.7158,0.3837,0.2824,0.959,ANTLERLESS,YOUNG,not_visible,ok,False,1,stop,
213,SSWI000000014648004C.jpg,2019,7,0.0,0.5349,0.4568,0.4616,0.961,ANTLERLESS,YOUNG,visible,ok,False,1,stop,
214,SSWI000000011088492C.jpg,2018,8,0.3537,0.66,0.1193,0.2433,0.95,ANTLERLESS,YOUNG,visible,ok,False,1,stop,
215,SSWI000000009533129B.jpg,2018,7,0.1168,0.6516,0.1562,0.3483,0.963,ANTLERLESS,YOUNG,visible,ok,False,1,stop,
216,SSWI000000024701367C.jpg,2021,9,0.3568,0.4958,0.4531,0.3933,0.98,ANTLERLESS,YOUNG,visible,ok,False,1,stop,
217,SSWI000000032298927B.jpg,2023,9,0.7156,0.3133,0.2843,0.4799,0.963,ANTLERLESS,YOUNG,visible,ok,False,1,stop,
218,SSWI000000010877317B.jpg,2018,8,0.7437,0.7908,0.2562,0.2083,0.968,ANTLERLESS,YOUNG,visible,ok,False,1,stop,
219,SSWI000000010479501C.jpg,2018,8,0.7968,0.3625,0.1737,0.2549,0.967,ANTLERLESS,YOUNG,visible,ok,False,1,stop,
220,SSWI000000010541444C.jpg,2018,8,0.5218,0.58,0.1937,0.2475,0.968,ANTLERLESS,YOUNG,visible,ok,False,1,stop,
221,SSWI000000014673413B.jpg,2019,8,0.4056,0.5025,0.2468,0.2016,0.952,ANTLERLESS,YOUNG,visible,ok,False,1,stop,
222,SSWI000000018312987A.jpg,2020,3,0.3525,0.3608,0.2224,0.4158,0.973,ANTLERLESS,YOUNG,visible,ok,False,1,stop,
223,SSWI000000028544700B.jpg,2022,6,0.6943,0.6591,0.1968,0.34,0.953,ANTLERLESS,YOUNG,visible,ok,False,1,stop,
224,SSWI000000009744653A.jpg,2018,7,0.04624,0.5974,0.1987,0.2133,0.966,ANTLERLESS,YOUNG,visible,ok,False,1,stop,
225,SSWI000000009744799B.jpg,2018,7,0.06437,0.6216,0.1112,0.305,0.955,ANTLERLESS,YOUNG,visible,ok,False,1,stop,
226,SSWI000000010487612A.jpg,2018,7,0.0,0.8083,0.3837,0.1908,0.962,ANTLERLESS,YOUNG,visible,ok,False,1,stop,
227,SSWI000000019626397B.jpg,2020,8,0.6031,0.6016,0.2175,0.395,0.977,ANTLERLESS,YOUNG,visible,ok,False,1,stop,
228,SSWI000000010828158C.jpg,2018,9,0.3868,0.6266,0.1868,0.2275,0.95,ANTLERLESS,YOUNG,visible,ok,False,1,stop,
229,SSWI000000027869775A.jpg,2022,9,0.355,0.4316,0.4306,0.5649,0.979,ANTLERLESS,YOUNG,visible,ok,False,1,stop,
230,SSWI000000010453515C.jpg,2018,8,0.04375,0.6391,0.2568,0.36,0.971,ANTLERLESS,YOUNG,visible,ok,False,1,stop,
231,SSWI000000024265150B.jpg,2021,8,0.6887,0.66,0.3112,0.3375,0.964,ANTLERLESS,YOUNG,visible,ok,False,1,stop,
232,SSWI000000032382105C.jpg,2023,8,0.485,0.5416,0.07374,0.34,0.956,ANTLERLESS,YOUNG,visible,ok,False,1,stop,
233,SSWI000000010903139C.jpg,2018,10,0.6862,0.8041,0.1837,0.1949,0.96,ANTLERLESS,YOUNG,visible,ok,False,1,stop,
234,SSWI000000010848294C.jpg,2018,10,0.2781,0.6316,0.2681,0.365,0.957,ANTLERLESS,YOUNG,visible,ok,False,1,stop,
235,SSWI000000013914858B.jpg,2019,7,0.7362,0.4899,0.2487,0.4608,0.973,ANTLERLESS,YOUNG,visible,ok,False,1,stop,
236,SSWI000000011088410B.jpg,2018,7,0.2981,0.6883,0.1043,0.3116,0.969,ANTLERLESS,YOUNG,visible,ok,False,1,stop,
237,SSWI000000032702742C.jpg,2023,8,0.6375,0.47,0.3625,0.5266,0.973,ANTLERLESS,YOUNG,visible,ok,False,1,stop,
238,SSWI000000015542100B.jpg,2019,8,0.4443,0.6908,0.2993,0.2899,0.95,ANTLERLESS,YOUNG,visible,ok,False,1,stop,
239,SSWI000000023421939C.jpg,2021,8,0.4968,0.5533,0.3362,0.4291,0.973,ANTLERLESS,YOUNG,visible,ok,False,1,stop,
240,SSWI000000032298926A.jpg,2023,9,0.7181,0.39,0.2818,0.4124,0.957,ANTLERLESS,YOUNG,visible,ok,False,1,stop,
241,SSWI000000019573324C.jpg,2020,9,0.4593,0.5924,0.1375,0.2416,0.97,ANTLERLESS,YOUNG,visible,ok,False,1,stop,
242,SSWI000000019480798A.jpg,2020,8,0.3743,0.6583,0.14,0.3416,0.956,ANTLERLESS,YOUNG,not_visible,ok,False,1,stop,
243,SSWI000000020110315B.jpg,2020,9,0.6481,0.5883,0.1562,0.1875,0.95,ANTLERLESS,YOUNG,visible,ok,False,1,stop,
244,SSWI000000032418176A.jpg,2023,9,0.5674,0.4358,0.1749,0.1533,0.96,ANTLERLESS,YOUNG,visible,ok,False,1,stop,
245,SSWI000000024681222A.jpg,2021,7,0.3318,0.455,0.2206,0.5416,0.97,ANTLERLESS,YOUNG,visible,ok,False,1,stop,
246,SSWI000000027912174B.jpg,2022,8,0.7093,0.5541,0.2906,0.3966,0.962,ANTLERLESS,YOUNG,visible,ok,False,1,stop,
247,SSWI000000010481356C.jpg,2018,7,0.1787,0.4024,0.2181,0.595,0.971,ANTLERLESS,YOUNG,visible,ok,False,1,stop,
248,SSWI000000018785893C.jpg,2020,8,0.0,0.5099,0.1793,0.3716,0.955,ANTLERLESS,YOUNG,visible,ok,False,1,stop,
249,SSWI000000024619726A.jpg,2021,9,0.4431,0.7925,0.4343,0.2058,0.952,ANTLERLESS,YOUNG,visible,ok,False,1,stop,
250,SSWI000000028353137C.jpg,2022,8,0.2668,0.5366,0.1512,0.2399,0.958,ANTLERLESS,YOUNG,not_visible,ok,False,1,stop,
251,SSWI000000027499004A.jpg,2022,7,0.445,0.5866,0.4812,0.4108,0.983,ANTLERLESS,YOUNG,visible,ok,False,1,stop,
252,SSWI000000027761303B.jpg,2022,8,0.7862,0.5808,0.165,0.2416,0.964,ANTLERLESS,YOUNG,visible,ok,False,1,stop,
253,SSWI000000027542729A.jpg,2022,8,0.4093,0.5933,0.1831,0.1975,0.952,ANTLERLESS,YOUNG,visible,ok,False,1,stop,
254,SSWI000000023092391B.jpg,2020,8,0.0,0.5275,0.4043,0.4724,0.973,ANTLERLESS,YOUNG,visible,ok,False,1,stop,
255,SSWI000000027499007B.jpg,2022,7,0.1231,0.5583,0.1362,0.2408,0.958,ANTLERLESS,YOUNG,visible,ok,False,1,stop,
256,SSWI000000023480157B.jpg,2021,8,0.375,0.805,0.625,0.1924,0.952,ANTLERLESS,YOUNG,visible,ok,False,1,stop,
257,SSWI000000009533142C.jpg,2018,7,0.0,0.4449,0.2506,0.5541,0.968,ANTLERLESS,YOUNG,not_visible,ok,False,1,stop,
258,SSWI000000014673359A.jpg,2019,8,0.3843,0.5991,0.1749,0.2433,0.955,ANTLERLESS,YOUNG,visible,ok,False,1,stop,
259,SSWI000000010479619B.jpg,2018,8,0.8174,0.385,0.1131,0.33,0.95,ANTLERLESS,YOUNG,visible,ok,False,1,stop,
260,SSWI000000018768684C.jpg,2020,8,0.0,0.4725,0.3231,0.5066,0.964,ANTLERLESS,YOUNG,visible,ok,False,1,stop,
261,SSWI000000018312360C.jpg,2020,7,0.0,0.7408,0.1912,0.2558,0.962,ANTLERLESS,YOUNG,visible,ok,False,1,stop,
262,SSWI000000018999455A.jpg,2020,8,0.3149,0.7458,0.1668,0.2208,0.952,ANTLERLESS,YOUNG,visible,ok,False,1,stop,
263,SSWI000000031590831A.jpg,2023,8,0.4749,0.6608,0.3987,0.3358,0.975,ANTLERLESS,YOUNG,visible,ok,False,1,stop,
264,SSWI000000011037202C.jpg,2018,9,0.6875,0.7491,0.2912,0.2475,0.973,ANTLERLESS,YOUNG,visible,ok,False,1,stop,
265,SSWI000000023366548A.jpg,2021,7,0.7012,0.4508,0.2637,0.5466,0.976,ANTLERLESS,YOUNG,visible,ok,False,1,stop,
266,SSWI000000010707429A.jpg,2018,7,0.5806,0.55,0.1587,0.1875,0.951,ANTLERLESS,YOUNG,visible,ok,False,1,stop,
267,SSWI000000028223442B.jpg,2022,8,0.2849,0.2458,0.5131,0.6374,0.969,ANTLERLESS,YOUNG,visible,ok,False,1,stop,
268,SSWI000000009800150C.jpg,2018,8,0.0,0.4574,0.4612,0.5425,0.971,ANTLERLESS,YOUNG,visible,ok,False,1,stop,
269,SSWI000000027294133A.jpg,2022,6,0.3931,0.67,0.2893,0.2991,0.953,ANTLERLESS,YOUNG,visible,ok,False,1,stop,
270,SSWI000000027089989C.jpg,2022,7,0.6393,0.5233,0.1268,0.1899,0.958,ANTLERLESS,YOUNG,visible,ok,False,1,stop,
271,SSWI000000022339164C.jpg,2021,5,0.2,0.5824,0.3662,0.3549,0.968,ANTLERLESS,YOUNG,visible,ok,False,1,stop,
272,SSWI000000011049671C.jpg,2018,10,0.3806,0.7249,0.1931,0.2725,0.964,ANTLERLESS,YOUNG,not_visible,ok,False,1,stop,
273,SSWI000000020301006C.jpg,2020,8,0.0,0.6024,0.2887,0.3941,0.961,ANTLERLESS,YOUNG,visible,ok,False,1,stop,
274,SSWI000000010184910B.jpg,2018,8,0.0,0.3141,0.43,0.68,0.976,ANTLERLESS,YOUNG,visible,ok,False,1,stop,
275,SSWI000000031325775A.jpg,2023,7,0.1475,0.6383,0.2218,0.2091,0.964,ANTLERLESS,YOUNG,visible,ok,False,1,stop,
276,SSWI000000018918558B.jpg,2020,8,0.1631,0.6308,0.3056,0.2916,0.956,ANTLERLESS,YOUNG,visible,ok,False,1,stop,
277,SSWI000000012450084C.jpg,2018,11,0.6775,0.2274,0.3224,0.7691,0.973,ANTLERLESS,YOUNG,visible,ok,False,1,stop,
278,SSWI000000015302731A.jpg,2019,9,0.8143,0.7358,0.1818,0.2083,0.955,ANTLERLESS,YOUNG,visible,ok,False,1,stop,
279,SSWI000000023275563A.jpg,2021,8,0.0,0.6074,0.2318,0.3908,0.96,ANTLERLESS,YOUNG,not_visible,ok,False,1,stop,
280,SSWI000000025650468A.jpg,2022,2,0.3893,0.4691,0.3206,0.1691,0.977,ANTLERLESS,YOUNG,visible,ok,False,1,stop,
281,SSWI000000014375528C.jpg,2019,8,0.4612,0.3358,0.1943,0.3108,0.971,ANTLERLESS,YOUNG,visible,ok,False,1,stop,
282,SSWI000000023629169C.jpg,2021,8,0.0,0.6166,0.2524,0.3824,0.955,ANTLERLESS,YOUNG,not_visible,ok,False,1,stop,
283,SSWI000000008397026A.jpg,2018,2,0.5693,0.5458,0.1737,0.1299,0.964,ANTLERLESS,YOUNG,visible,ok,False,1,stop,
284,SSWI000000019187193C.jpg,2020,8,0.5725,0.5333,0.1531,0.2841,0.954,ANTLERLESS,YOUNG,visible,ok,False,1,stop,
285,SSWI000000010695557B.jpg,2018,7,0.4068,0.5174,0.07562,0.2808,0.957,ANTLERLESS,YOUNG,visible,ok,False,1,stop,
286,SSWI000000027499005B.jpg,2022,7,0.3975,0.6316,0.2218,0.365,0.977,ANTLERLESS,YOUNG,not_visible,ok,False,1,stop,
287,SSWI000000014347026B.jpg,2019,7,0.0,0.5108,0.2824,0.485,0.966,ANTLERLESS,YOUNG,visible,ok,False,1,stop,
288,SSWI000000030689943C.jpg,2023,3,0.1956,0.5874,0.535,0.4091,0.969,ANTLERLESS,YOUNG,visible,ok,False,1,stop,
289,SSWI000000028544987C.jpg,2022,8,0.5356,0.74,0.4643,0.2599,0.954,ANTLERLESS,YOUNG,visible,ok,False,1,stop,
290,SSWI000000023014196B.jpg,2021,7,0.2625,0.7266,0.5556,0.2733,0.965,ANTLERLESS,YOUNG,visible,ok,False,1,stop,
291,SSWI000000010829107C.jpg,2018,8,0.6049,0.6066,0.2518,0.3908,0.972,ANTLERLESS,YOUNG,visible,ok,False,1,stop,
292,SSWI000000024681181C.jpg,2021,7,0.3912,0.3424,0.2056,0.3366,0.977,ANTLERLESS,YOUNG,visible,ok,False,1,stop,
293,SSWI000000019392483B.jpg,2020,8,0.2987,0.685,0.2306,0.3125,0.962,ANTLERLESS,YOUNG,not_visible,ok,False,1,stop,
294,SSWI000000027912159C.jpg,2022,8,0.6793,0.5375,0.1562,0.1941,0.953,ANTLERLESS,YOUNG,visible,ok,False,1,stop,
295,SSWI000000010487578B.jpg,2018,7,0.0,0.7008,0.1637,0.2975,0.962,ANTLERLESS,YOUNG,visible,ok,False,1,stop,
296,SSWI000000023421835B.jpg,2021,8,0.6962,0.6725,0.2931,0.3274,0.979,ANTLERLESS,YOUNG,visible,ok,False,1,stop,
297,SSWI000000030689924C.jpg,2023,3,0.0,0.6758,0.2793,0.3216,0.967,ANTLERLESS,YOUNG,not_visible,ok,False,1,stop,
298,SSWI000000023480223C.jpg,2021,8,0.2993,0.6225,0.3274,0.3108,0.952,ANTLERLESS,YOUNG,visible,ok,False,1,stop,
299,SSWI000000011340893B.jpg,2018,8,0.006875,0.6966,0.3993,0.3025,0.953,ANTLERLESS,YOUNG,visible,ok,False,1,stop,
300,SSWI000000009744881B.jpg,2018,8,0.1781,0.5341,0.1737,0.1758,0.962,ANTLERLESS,YOUNG,visible,ok,False,1,stop,
301,SSWI000000027912301B.jpg,2022,9,0.4831,0.5166,0.2668,0.2741,0.961,ANTLERLESS,YOUNG,visible,ok,False,1,stop,
302,SSWI000000031326609C.jpg,2023,7,0.0,0.7741,0.3224,0.2258,0.97,ANTLERLESS,YOUNG,visible,ok,False,1,stop,
303,SSWI000000010847180B.jpg,2018,7,0.6699,0.6533,0.1837,0.3449,0.971,ANTLERLESS,YOUNG,visible,ok,False,1,stop,
304,SSWI000000010902744A.jpg,2018,9,0.7162,0.4699,0.2837,0.4366,0.955,ANTLERLESS,YOUNG,visible,ok,False,1,stop,
305,SSWI000000012410556A.jpg,2018,8,0.0,0.0008333,1.0,0.9975,0.963,ANTLERLESS,YOUNG,visible,ok,False,1,stop,
306,SSWI000000023480225B.jpg,2021,8,0.0,0.7583,0.1981,0.2399,0.964,ANTLERLESS,YOUNG,visible,ok,False,1,stop,
307,SSWI000000023275562B.jpg,2021,8,0.03375,0.5124,0.1293,0.4866,0.954,ANTLERLESS,YOUNG,visible,ok,False,1,stop,
308,SSWI000000014375451B.jpg,2019,7,0.3206,0.3166,0.2343,0.3933,0.976,ANTLERLESS,YOUNG,visible,ok,False,1,stop,
309,SSWI000000013914747A.jpg,2019,6,0.1193,0.4766,0.3087,0.4233,0.97,ANTLERLESS,YOUNG,visible,ok,False,1,stop,
310,SSWI000000027499008A.jpg,2022,7,0.1499,0.5424,0.1099,0.2325,0.958,ANTLERLESS,YOUNG,visible,ok,False,1,stop,
311,SSWI000000019187195A.jpg,2020,8,0.1606,0.3975,0.395,0.5274,0.973,ANTLERLESS,YOUNG,visible,ok,False,1,stop,
312,SSWI000000009956804C.jpg,2018,8,0.0,0.3774,0.4356,0.6216,0.978,ANTLERLESS,YOUNG,visible,ok,False,1,stop,
313,SSWI000000018786906C.jpg,2020,9,0.01624,0.4866,0.2643,0.5124,0.962,ANTLERLESS,YOUNG,visible,ok,False,1,stop,
314,SSWI000000008397343C.jpg,2018,4,0.4168,0.5975,0.2249,0.2025,0.978,ANTLERLESS,YOUNG,visible,ok,False,1,stop,
315,SSWI000000010481357A.jpg,2018,7,0.1768,0.5391,0.2412,0.4591,0.968,ANTLERLESS,YOUNG,visible,ok,False,1,stop,
316,SSWI000000027674146B.jpg,2022,7,0.7843,0.57,0.2156,0.2524,0.958,ANTLERLESS,YOUNG,visible,ok,False,1,stop,
317,SSWI000000033256790C.jpg,2023,8,0.05937,0.6541,0.4206,0.3449,0.974,ANTLERLESS,YOUNG,visible,ok,False,1,stop,
318,SSWI000000018999585B.jpg,2020,8,0.1537,0.8241,0.2506,0.1749,0.96,ANTLERLESS,YOUNG,visible,ok,False,1,stop,
319,SSWI000000032929123C.jpg,2023,10,0.0,0.6833,0.4056,0.3133,0.962,ANTLERLESS,YOUNG,not_visible,ok,False,1,stop,
320,SSWI000000025671007A.jpg,2021,9,0.05687,0.5616,0.2125,0.2216,0.965,ANTLERLESS,YOUNG,visible,ok,False,1,stop,
321,SSWI000000010479501B.jpg,2018,8,0.7962,0.3641,0.1756,0.2533,0.967,ANTLERLESS,YOUNG,visible,ok,False,1,stop,
322,SSWI000000032227394C.jpg,2023,8,0.3862,0.5558,0.1731,0.3158,0.963,ANTLERLESS,YOUNG,visible,ok,False,1,stop,
323,SSWI000000023480277A.jpg,2021,8,0.2406,0.6416,0.1656,0.3566,0.975,ANTLERLESS,YOUNG,not_visible,ok,False,1,stop,
324,SSWI000000031371383C.jpg,2023,6,0.745,0.4441,0.1418,0.31,0.976,ANTLERLESS,YOUNG,visible,ok,False,1,stop,
325,SSWI000000010437537C.jpg,2018,7,0.02562,0.48,0.2887,0.4783,0.96,ANTLERLESS,YOUNG,visible,ok,False,1,stop,
326,SSWI000000011340926C.jpg,2018,8,0.3218,0.7683,0.3137,0.2308,0.964,ANTLERLESS,YOUNG,visible,ok,False,1,stop,
327,SSWI000000010074857B.jpg,2018,8,0.0,0.6091,0.3406,0.3908,0.961,ANTLERLESS,YOUNG,visible,ok,False,1,stop,
328,SSWI000000018768722C.jpg,2020,8,0.2718,0.5091,0.3668,0.3,0.956,ANTLERLESS,YOUNG,visible,ok,False,1,stop,
329,SSWI000000023092393C.jpg,2020,8,0.6962,0.5074,0.3037,0.49,0.966,ANTLERLESS,YOUNG,visible,ok,False,1,stop,
330,SSWI000000015189714B.jpg,2019,8,0.0,0.4249,0.2337,0.5733,0.979,ANTLERLESS,YOUNG,visible,ok,False,1,stop,
331,SSWI000000008397092A.jpg,2018,2,0.4987,0.5716,0.1274,0.125,0.954,ANTLERLESS,YOUNG,visible,ok,False,1,stop,
332,SSWI000000008396968A.jpg,2018,1,0.4856,0.5983,0.1931,0.36,0.98,ANTLERLESS,YOUNG,visible,ok,False,1,stop,
333,SSWI000000023452127A.jpg,2021,9,0.6237,0.5083,0.1287,0.2275,0.965,ANTLERLESS,YOUNG,visible,ok,False,1,stop,
334,SSWI000000019431039B.jpg,2020,9,0.2349,0.7441,0.4149,0.2549,0.98,ANTLERLESS,YOUNG,visible,ok,False,1,stop,
335,SSWI000000024692373A.jpg,2021,7,0.6668,0.5733,0.3331,0.4241,0.981,ANTLERLESS,YOUNG,visible,ok,False,1,stop,
336,SSWI000000023318760C.jpg,2021,8,0.2737,0.4299,0.3293,0.2766,0.964,ANTLERLESS,YOUNG,visible,ok,False,1,stop,
337,SSWI000000014962320C.jpg,2019,8,0.06062,0.6825,0.4012,0.3091,0.972,ANTLERLESS,YOUNG,visible,ok,False,1,stop,
338,SSWI000000015709737A.jpg,2019,8,0.4143,0.5274,0.2256,0.3766,0.958,ANTLERLESS,YOUNG,visible,ok,False,1,stop,
339,SSWI000000027911322A.jpg,2022,9,0.4537,0.6966,0.4662,0.3,0.979,ANTLERLESS,YOUNG,visible,ok,False,1,stop,
340,SSWI000000033587177A.jpg,2023,7,0.4818,0.5766,0.3443,0.4216,0.958,ANTLERLESS,YOUNG,visible,ok,False,1,stop,
341,SSWI000000009576800C.jpg,2018,6,0.3674,0.4541,0.2406,0.335,0.968,ANTLERLESS,YOUNG,visible,ok,False,1,stop,
342,SSWI000000013751481C.jpg,2019,7,0.0,0.5533,0.165,0.2666,0.96,ANTLERLESS,YOUNG,visible,ok,False,1,stop,
343,SSWI000000014713549A.jpg,2019,7,0.2012,0.7283,0.1962,0.2475,0.954,ANTLERLESS,YOUNG,visible,ok,False,1,stop,
344,SSWI000000015212850C.jpg,2019,10,0.4162,0.3316,0.1037,0.2824,0.953,ANTLERLESS,YOUNG,not_visible,ok,False,1,stop,
345,SSWI000000031371405C.jpg,2023,6,0.7887,0.5316,0.1737,0.4216,0.96,ANTLERLESS,YOUNG,visible,ok,False,1,stop,
346,SSWI000000023421837B.jpg,2021,8,0.3643,0.5891,0.4606,0.4091,0.969,ANTLERLESS,YOUNG,visible,ok,False,1,stop,
347,SSWI000000024701514C.jpg,2021,11,0.3343,0.4141,0.5575,0.4733,0.975,ANTLERLESS,YOUNG,visible,ok,False,1,stop,
348,SSWI000000029375382A.jpg,2022,12,0.7893,0.5408,0.17,0.1491,0.973,ANTLERLESS,YOUNG,visible,ok,False,1,stop,
349,SSWI000000014017506B.jpg,2019,6,0.4737,0.6391,0.3262,0.3583,0.955,ANTLERLESS,YOUNG,visible,ok,False,1,stop,
350,SSWI000000019152380B.jpg,2020,9,0.7931,0.5316,0.1606,0.4108,0.966,ANTLERLESS,YOUNG,visible,ok,False,1,stop,
351,SSWI000000008397182A.jpg,2018,3,0.7818,0.5641,0.1631,0.18,0.971,ANTLERLESS,YOUNG,visible,ok,False,1,stop,
352,SSWI000000033587179A.jpg,2023,7,0.1293,0.6299,0.6731,0.37,0.955,ANTLERLESS,YOUNG,visible,ok,False,1,stop,
353,SSWI000000032382038B.jpg,2023,7,0.6668,0.6333,0.2143,0.3283,0.963,ANTLERLESS,YOUNG,visible,ok,False,1,stop,
354,SSWI000000027912167C.jpg,2022,8,0.1481,0.6474,0.4268,0.3499,0.981,ANTLERLESS,YOUNG,visible,ok,False,1,stop,
355,SSWI000000032405902C.jpg,2023,8,0.0,0.6841,0.3899,0.3141,0.966,ANTLERLESS,YOUNG,not_visible,ok,False,1,stop,
356,SSWI000000014843307B.jpg,2019,8,0.1662,0.5008,0.3512,0.3224,0.968,ANTLERLESS,YOUNG,visible,ok,False,1,stop,
357,SSWI000000020491718A.jpg,2020,12,0.6637,0.6925,0.3362,0.3066,0.977,ANTLERLESS,YOUNG,visible,ok,False,1,stop,
358,SSWI000000023594782B.jpg,2021,9,0.5674,0.6316,0.4325,0.3658,0.983,ANTLERLESS,YOUNG,not_visible,ok,False,1,stop,
359,SSWI000000023035941B.jpg,2021,8,0.2812,0.5775,0.3181,0.4199,0.975,ANTLERLESS,YOUNG,visible,ok,False,1,stop,
360,SSWI000000032118790C.jpg,2023,7,0.2031,0.4949,0.2787,0.4724,0.956,ANTLERLESS,YOUNG,visible,ok,False,1,stop,
361,SSWI000000014672379C.jpg,2019,6,0.5706,0.5699,0.2118,0.165,0.957,ANTLERLESS,YOUNG,visible,ok,False,1,stop,
362,SSWI000000021619030C.jpg,2020,12,0.3375,0.5741,0.2806,0.2633,0.969,ANTLERLESS,YOUNG,visible,ok,False,1,stop,
363,SSWI000000023318767B.jpg,2021,8,0.0,0.48,0.49,0.5183,0.98,ANTLERLESS,YOUNG,visible,ok,False,1,stop,
364,SSWI000000012805851B.jpg,2018,11,0.2293,0.595,0.3481,0.4033,0.978,ANTLERLESS,YOUNG,visible,ok,False,1,stop,
365,SSWI000000019392485B.jpg,2020,8,0.4599,0.5299,0.485,0.4699,0.974,ANTLERLESS,YOUNG,visible,ok,False,1,stop,
366,SSWI000000009830486B.jpg,2018,8,0.6775,0.7441,0.3224,0.2524,0.975,ANTLERLESS,YOUNG,visible,ok,False,1,stop,
367,SSWI000000024102146B.jpg,2021,8,0.23,0.6933,0.4987,0.3033,0.955,ANTLERLESS,YOUNG,not_visible,ok,False,1,stop,
368,SSWI000000023092476B.jpg,2020,9,0.3287,0.73,0.4037,0.2683,0.956,ANTLERLESS,YOUNG,visible,ok,False,1,stop,
369,SSWI000000010648543C.jpg,2018,9,0.5156,0.7083,0.1562,0.2891,0.969,ANTLERLESS,YOUNG,not_visible,ok,False,1,stop,
370,SSWI000000017888675B.jpg,2020,5,0.2612,0.4674,0.2306,0.4174,0.977,ANTLERLESS,YOUNG,visible,ok,False,1,stop,
371,SSWI000000027252345A.jpg,2022,6,0.6356,0.5249,0.1956,0.4733,0.974,ANTLERLESS,YOUNG,visible,ok,False,1,stop,
372,SSWI000000010903139A.jpg,2018,10,0.8474,0.7591,0.1525,0.2383,0.973,ANTLERLESS,YOUNG,visible,ok,False,1,stop,
373,SSWI000000010453514C.jpg,2018,8,0.1874,0.5683,0.27,0.4316,0.964,ANTLERLESS,YOUNG,visible,ok,False,1,stop,
374,SSWI000000017591894C.jpg,2020,6,0.4862,0.5766,0.3993,0.3283,0.97,ANTLERLESS,YOUNG,visible,ok,False,1,stop,
375,SSWI000000031590831C.jpg,2023,8,0.7012,0.6516,0.2987,0.3458,0.98,ANTLERLESS,YOUNG,visible,ok,False,1,stop,
376,SSWI000000019469495A.jpg,2020,8,0.7387,0.3324,0.2193,0.2291,0.958,ANTLERLESS,YOUNG,visible,ok,False,1,stop,
377,SSWI000000033383302C.jpg,2023,9,0.4212,0.6899,0.2437,0.3066,0.972,ANTLERLESS,YOUNG,not_visible,ok,False,1,stop,
378,SSWI000000010488745A.jpg,2018,7,0.001249,0.6266,0.3756,0.3716,0.983,ANTLERLESS,YOUNG,visible,ok,False,1,stop,
379,SSWI000000033587171A.jpg,2023,7,0.4768,0.6175,0.2762,0.3816,0.955,ANTLERLESS,YOUNG,visible,ok,False,1,stop,
380,SSWI000000014375530A.jpg,2019,8,0.3506,0.2841,0.3006,0.375,0.965,ANTLERLESS,YOUNG,visible,ok,False,1,stop,
381,SSWI000000009550105B.jpg,2018,6,0.000625,0.725,0.6093,0.275,0.975,ANTLERLESS,YOUNG,visible,ok,False,1,stop,
382,SSWI000000023321669A.jpg,2021,8,0.6712,0.3166,0.3287,0.6808,0.973,ANTLERLESS,YOUNG,visible,ok,False,1,stop,
383,SSWI000000027542700B.jpg,2022,7,0.695,0.7575,0.305,0.2399,0.953,ANTLERLESS,YOUNG,visible,ok,False,1,stop,
384,SSWI000000024797811A.jpg,2021,9,0.6468,0.5191,0.2031,0.4799,0.977,ANTLERLESS,YOUNG,visible,ok,False,1,stop,
385,SSWI000000019187192B.jpg,2020,8,0.5137,0.5225,0.2381,0.2849,0.959,ANTLERLESS,YOUNG,visible,ok,False,1,stop,
386,SSWI000000008397162A.jpg,2018,3,0.2362,0.5283,0.3206,0.2624,0.977,ANTLERLESS,YOUNG,visible,ok,False,1,stop,
387,SSWI000000032298930A.jpg,2023,9,0.2562,0.4933,0.7437,0.5033,0.966,ANTLERLESS,YOUNG,visible,ok,False,1,stop,
388,SSWI000000010894093B.jpg,2018,9,0.0006249,0.5399,0.5681,0.4566,0.97,ANTLERLESS,YOUNG,visible,ok,False,1,stop,
389,SSWI000000019786981A.jpg,2020,10,0.04625,0.7158,0.1512,0.1616,0.956,ANTLERLESS,YOUNG,visible,ok,False,1,stop,
390,SSWI000000023969463B.jpg,2021,7,0.5212,0.4441,0.4031,0.4025,0.977,ANTLERLESS,YOUNG,visible,ok,False,1,stop,
391,SSWI000000015303152A.jpg,2019,9,0.6881,0.7691,0.2137,0.2275,0.967,ANTLERLESS,YOUNG,visible,ok,False,1,stop,
392,SSWI000000016236863A.jpg,2019,7,0.0,0.3216,1.0,0.6758,0.954,ANTLERLESS,YOUNG,visible,ok,False,1,stop,
393,SSWI000000010210700A.jpg,2018,8,0.2274,0.2333,0.7724,0.7649,0.964,ANTLERLESS,YOUNG,visible,ok,False,1,stop,
394,SSWI000000010453513C.jpg,2018,8,0.13,0.7391,0.1881,0.2608,0.961,ANTLERLESS,YOUNG,not_visible,ok,False,1,stop,
395,SSWI000000019480797B.jpg,2020,8,0.3468,0.6149,0.1706,0.3841,0.954,ANTLERLESS,YOUNG,visible,ok,False,1,stop,
396,SSWI000000010695576C.jpg,2018,7,0.1318,0.615,0.2874,0.3816,0.978,ANTLERLESS,YOUNG,visible,ok,False,1,stop,
397,SSWI000000019187947A.jpg,2020,7,0.0,0.6133,0.4037,0.3858,0.979,ANTLERLESS,YOUNG,visible,ok,False,1,stop,
398,SSWI000000011058255B.jpg,2018,8,0.0,0.5658,0.2837,0.3066,0.961,ANTLERLESS,YOUNG,visible,ok,False,1,stop,
399,SSWI000000013914858C.jpg,2019,7,0.7837,0.4883,0.2018,0.4633,0.974,ANTLERLESS,YOUNG,visible,ok,False,1,stop,
400,SSWI000000015212614A.jpg,2019,9,0.4618,0.2008,0.3375,0.4316,0.972,ANTLERLESS,YOUNG,visible,ok,False,1,stop,
401,SSWI000000024460239B.jpg,2021,10,0.6443,0.6849,0.3556,0.3149,0.978,ANTLERLESS,YOUNG,visible,ok,False,1,stop,
402,SSWI000000023275567B.jpg,2021,8,0.0,0.5775,0.1643,0.4216,0.976,ANTLERLESS,YOUNG,not_visible,ok,False,1,stop,
403,SSWI000000010476124C.jpg,2018,8,0.0,0.7541,0.1162,0.2416,0.963,ANTLERLESS,YOUNG,visible,ok,False,1,stop,
404,SSWI000000010479620A.jpg,2018,8,0.7668,0.3625,0.1593,0.3533,0.96,ANTLERLESS,YOUNG,visible,ok,False,1,stop,
405,SSWI000000015212561B.jpg,2019,8,0.1731,0.3133,0.1968,0.245,0.964,ANTLERLESS,YOUNG,visible,ok,False,1,stop,
406,SSWI000000011058697B.jpg,2018,8,0.1287,0.705,0.1193,0.2949,0.958,ANTLERLESS,YOUNG,visible,ok,False,1,stop,
407,SSWI000000015015977C.jpg,2019,8,0.3125,0.5225,0.2918,0.4758,0.979,ANTLERLESS,YOUNG,visible,ok,False,1,stop,
408,SSWI000000019573406B.jpg,2020,9,0.0,0.7566,0.4481,0.2408,0.957,ANTLERLESS,YOUNG,visible,ok,False,1,stop,
409,SSWI000000023594748B.jpg,2021,9,0.5937,0.5324,0.3474,0.3975,0.968,ANTLERLESS,YOUNG,visible,ok,False,1,stop,
410,SSWI000000027603524B.jpg,2022,7,0.0,0.5616,0.365,0.4358,0.981,ANTLERLESS,YOUNG,visible,ok,False,1,stop,
411,SSWI000000029184799C.jpg,2022,8,0.0,0.7316,0.8893,0.2666,0.957,ANTLERLESS,YOUNG,visible,ok,False,1,stop,
412,SSWI000000018999393C.jpg,2020,8,0.4556,0.8025,0.1762,0.1958,0.964,ANTLERLESS,YOUNG,visible,ok,False,1,stop,
413,SSWI000000010481359C.jpg,2018,7,0.1237,0.4666,0.2143,0.5316,0.963,ANTLERLESS,YOUNG,visible,ok,False,1,stop,
414,SSWI000000010541480B.jpg,2018,8,0.6068,0.5991,0.2562,0.2249,0.965,ANTLERLESS,YOUNG,visible,ok,False,1,stop,
415,SSWI000000018768564B.jpg,2020,7,0.4699,0.5016,0.1937,0.3333,0.964,ANTLERLESS,YOUNG,visible,ok,False,1,stop,
416,SSWI000000023594762A.jpg,2021,9,0.4237,0.4974,0.2137,0.3408,0.96,ANTLERLESS,YOUNG,visible,ok,False,1,stop,
417,SSWI000000015497729A.jpg,2019,8,0.8262,0.3683,0.1731,0.3233,0.953,ANTLERLESS,YOUNG,visible,ok,False,1,stop,
418,SSWI000000009830387C.jpg,2018,8,0.3956,0.7641,0.2768,0.2316,0.97,ANTLERLESS,YOUNG,visible,ok,False,1,stop,
419,SSWI000000027911321C.jpg,2022,9,0.1831,0.735,0.5481,0.2633,0.971,ANTLERLESS,YOUNG,visible,ok,False,1,stop,
420,SSWI000000014375246C.jpg,2019,7,0.3193,0.3599,0.1443,0.2933,0.966,ANTLERLESS,YOUNG,visible,ok,False,1,stop,
421,SSWI000000014592947B.jpg,2019,8,0.2037,0.4541,0.7218,0.5425,0.968,ANTLERLESS,YOUNG,visible,ok,False,1,stop,
422,SSWI000000024681553C.jpg,2021,9,0.2943,0.3125,0.2881,0.3233,0.978,ANTLERLESS,YOUNG,visible,ok,False,1,stop,
423,SSWI000000033256797B.jpg,2023,8,0.0,0.5325,0.1687,0.2091,0.96,ANTLERLESS,YOUNG,visible,ok,False,1,stop,
424,SSWI000000013819211C.jpg,2019,7,0.6381,0.6233,0.1868,0.2691,0.962,ANTLERLESS,YOUNG,visible,ok,False,1,stop,
425,SSWI000000024183184B.jpg,2021,9,0.3912,0.2633,0.2624,0.3166,0.964,ANTLERLESS,YOUNG,visible,ok,False,1,stop,
426,SSWI000000026961811A.jpg,2022,7,0.04124,0.5125,0.09125,0.1441,0.955,ANTLERLESS,YOUNG,visible,ok,False,1,stop,
427,SSWI000000026147707B.jpg,2022,3,0.3137,0.6658,0.1312,0.2,0.969,ANTLERLESS,YOUNG,visible,ok,False,1,stop,
428,SSWI000000019424982A.jpg,2020,8,0.09499,0.5483,0.1743,0.2849,0.957,ANTLERLESS,YOUNG,visible,ok,False,1,stop,
429,SSWI000000033587229A.jpg,2023,7,0.3674,0.7374,0.6324,0.2624,0.971,ANTLERLESS,YOUNG,visible,ok,False,1,stop,
430,SSWI000000017770865B.jpg,2020,5,0.86,0.4625,0.14,0.1866,0.97,ANTLERLESS,YOUNG,visible,ok,False,1,stop,
431,SSWI000000010847133C.jpg,2018,7,0.1624,0.7541,0.4424,0.2433,0.98,ANTLERLESS,YOUNG,visible,ok,False,1,stop,
432,SSWI000000027674147A.jpg,2022,7,0.75,0.5608,0.1875,0.2416,0.959,ANTLERLESS,YOUNG,visible,ok,False,1,stop,
433,SSWI000000010476114C.jpg,2018,8,0.4199,0.6933,0.5793,0.305,0.98,ANTLERLESS,YOUNG,visible,ok,False,1,stop,
434,SSWI000000032702195B.jpg,2023,8,0.69,0.455,0.1574,0.5433,0.975,ANTLERLESS,YOUNG,visible,ok,False,1,stop,
435,SSWI000000011583078C.jpg,2018,11,0.6331,0.6499,0.2993,0.3466,0.981,ANTLERLESS,YOUNG,visible,ok,False,1,stop,
436,SSWI000000024681181A.jpg,2021,7,0.3418,0.395,0.1424,0.2591,0.96,ANTLERLESS,YOUNG,visible,ok,False,1,stop,
437,SSWI000000010476079A.jpg,2018,8,0.1025,0.7391,0.2718,0.2583,0.961,ANTLERLESS,YOUNG,visible,ok,False,1,stop,
438,SSWI000000020504292C.jpg,2020,7,0.0,0.435,0.4937,0.5049,0.962,ANTLERLESS,YOUNG,visible,ok,False,1,stop,
439,SSWI000000010184897B.jpg,2018,8,0.4918,0.4958,0.5081,0.5008,0.984,ANTLERLESS,YOUNG,visible,ok,False,1,stop,
440,SSWI000000019626357C.jpg,2020,8,0.6881,0.6475,0.1906,0.3458,0.961,ANTLERLESS,YOUNG,visible,ok,False,1,stop,
441,SSWI000000031590830B.jpg,2023,8,0.6275,0.4916,0.2049,0.2316,0.961,ANTLERLESS,YOUNG,visible,ok,False,1,stop,
442,SSWI000000027912290B.jpg,2022,9,0.5543,0.53,0.1543,0.3725,0.954,ANTLERLESS,YOUNG,visible,ok,False,1,stop,
443,SSWI000000031325825C.jpg,2023,7,0.3,0.6675,0.2443,0.1891,0.953,ANTLERLESS,YOUNG,visible,ok,False,1,stop,
444,SSWI000000018999663B.jpg,2020,9,0.1962,0.8374,0.2475,0.1608,0.963,ANTLERLESS,YOUNG,visible,ok,False,1,stop,
445,SSWI000000015444608C.jpg,2019,8,0.4231,0.6975,0.3812,0.3,0.977,ANTLERLESS,YOUNG,visible,ok,False,1,stop,
446,SSWI000000017278039C.jpg,2020,5,0.5643,0.7025,0.2462,0.2941,0.974,ANTLERLESS,YOUNG,visible,ok,False,1,stop,
447,SSWI000000015012652A.jpg,2019,8,0.06125,0.01166,0.6012,0.9275,0.982,ANTLERLESS,YOUNG,visible,ok,False,1,stop,
448,SSWI000000023092477A.jpg,2020,9,0.1156,0.6941,0.2593,0.3041,0.962,ANTLERLESS,YOUNG,not_visible,ok,False,1,stop,
449,SSWI000000010695759B.jpg,2018,9,0.1168,0.4991,0.6531,0.5008,0.981,ANTLERLESS,YOUNG,visible,ok,False,1,stop,
450,SSWI000000009744854A.jpg,2018,8,0.6687,0.6891,0.2962,0.2708,0.955,ANTLERLESS,YOUNG,visible,ok,False,1,stop,
451,SSWI000000019152384C.jpg,2020,9,0.6393,0.4533,0.1881,0.3191,0.972,ANTLERLESS,YOUNG,visible,ok,False,1,stop,
452,SSWI000000028353141C.jpg,2022,8,0.4137,0.4808,0.215,0.2675,0.965,ANTLERLESS,YOUNG,visible,ok,False,1,stop,
453,SSWI000000031326551B.jpg,2023,7,0.01749,0.6766,0.3025,0.2458,0.958,ANTLERLESS,YOUNG,visible,ok,False,1,stop,
454,SSWI000000023092483B.jpg,2020,9,0.6131,0.7249,0.1956,0.2725,0.968,ANTLERLESS,YOUNG,not_visible,ok,False,1,stop,
455,SSWI000000019162304C.jpg,2020,9,0.08874,0.6283,0.1256,0.1958,0.958,ANTLERLESS,YOUNG,visible,ok,False,1,stop,
456,SSWI000000018918442C.jpg,2020,8,0.5449,0.5183,0.1531,0.1716,0.952,ANTLERLESS,YOUNG,visible,ok,False,1,stop,
457,SSWI000000027912308A.jpg,2022,9,0.4656,0.5066,0.1993,0.2549,0.956,ANTLERLESS,YOUNG,visible,ok,False,1,stop,
458,SSWI000000028547096B.jpg,2022,11,0.07312,0.4466,0.4437,0.3666,0.956,ANTLERLESS,YOUNG,visible,ok,False,1,stop,
459,SSWI000000031590806A.jpg,2023,8,0.0,0.5758,0.1893,0.2858,0.956,ANTLERLESS,YOUNG,visible,ok,False,1,stop,
460,SSWI000000012449142B.jpg,2019,2,0.2762,0.4108,0.2975,0.3058,0.977,ANTLERLESS,YOUNG,visible,ok,False,1,stop,
461,SSWI000000029375371B.jpg,2022,12,0.2762,0.3816,0.2068,0.2758,0.98,ANTLERLESS,YOUNG,visible,ok,False,1,stop,
462,SSWI000000013989021B.jpg,2019,6,0.3587,0.5758,0.2118,0.1916,0.953,ANTLERLESS,YOUNG,visible,ok,False,1,stop,
463,SSWI000000010481350C.jpg,2018,7,0.0,0.7691,0.1968,0.2283,0.954,ANTLERLESS,YOUNG,not_visible,ok,False,1,stop,
464,SSWI000000023421807B.jpg,2021,8,0.32,0.4633,0.3931,0.2608,0.951,ANTLERLESS,YOUNG,visible,ok,False,1,stop,
465,SSWI000000024183170A.jpg,2021,9,0.2781,0.2475,0.4906,0.5791,0.973,ANTLERLESS,YOUNG,visible,ok,False,1,stop,
466,SSWI000000032392503A.jpg,2023,8,0.3087,0.5799,0.3268,0.2891,0.957,ANTLERLESS,YOUNG,visible,ok,False,1,stop,
467,SSWI000000018999194B.jpg,2020,7,0.1587,0.8274,0.2543,0.1708,0.962,ANTLERLESS,YOUNG,visible,ok,False,1,stop,
468,SSWI000000012449034C.jpg,2018,12,0.7843,0.395,0.1493,0.4183,0.955,ANTLERLESS,YOUNG,visible,ok,False,1,stop,
469,SSWI000000014790474C.jpg,2019,8,0.3962,0.4458,0.4643,0.4141,0.976,ANTLERLESS,YOUNG,visible,ok,False,1,stop,
470,SSWI000000009486027C.jpg,2018,7,0.4674,0.4024,0.1825,0.2758,0.96,ANTLERLESS,YOUNG,visible,ok,False,1,stop,
471,SSWI000000027674150C.jpg,2022,7,0.5562,0.7241,0.2418,0.2725,0.969,ANTLERLESS,YOUNG,not_visible,ok,False,1,stop,
472,SSWI000000010479449A.jpg,2018,8,0.6556,0.3674,0.3043,0.4791,0.975,ANTLERLESS,YOUNG,visible,ok,False,1,stop,
473,SSWI000000019626397C.jpg,2020,8,0.59,0.5775,0.1274,0.4108,0.964,ANTLERLESS,YOUNG,visible,ok,False,1,stop,
474,SSWI000000010336799A.jpg,2018,8,0.2124,0.6683,0.2306,0.3308,0.958,ANTLERLESS,YOUNG,visible,ok,False,1,stop,
475,SSWI000000010190686B.jpg,2018,9,0.3343,0.6349,0.2043,0.27,0.965,ANTLERLESS,YOUNG,visible,ok,False,1,stop,
476,SSWI000000031325822A.jpg,2023,7,0.4525,0.7025,0.2743,0.2966,0.976,ANTLERLESS,YOUNG,visible,ok,False,1,stop,
477,SSWI000000019162232C.jpg,2020,9,0.2018,0.8208,0.2574,0.1783,0.951,ANTLERLESS,YOUNG,visible,ok,False,1,stop,
478,SSWI000000033587228B.jpg,2023,7,0.4087,0.6958,0.5906,0.3041,0.973,ANTLERLESS,YOUNG,visible,ok,False,1,stop,
479,SSWI000000010229721A.jpg,2018,7,0.1981,0.7433,0.3287,0.2558,0.975,ANTLERLESS,YOUNG,visible,ok,False,1,stop,
480,SSWI000000027912325A.jpg,2022,9,0.815,0.6066,0.185,0.3866,0.97,ANTLERLESS,YOUNG,visible,ok,False,1,stop,
481,SSWI000000014843308C.jpg,2019,8,0.1856,0.39,0.3318,0.4333,0.962,ANTLERLESS,YOUNG,visible,ok,False,1,stop,
482,SSWI000000021216467C.jpg,2020,5,0.2356,0.5358,0.2681,0.3449,0.971,ANTLERLESS,YOUNG,visible,ok,False,1,stop,
483,SSWI000000024701318C.jpg,2021,9,0.5012,0.4891,0.4737,0.4066,0.971,ANTLERLESS,YOUNG,visible,ok,False,1,stop,
484,SSWI000000015483229C.jpg,2019,8,0.3474,0.02833,0.6524,0.97,0.959,ANTLERLESS,YOUNG,not_visible,ok,False,1,stop,
485,SSWI000000020301021A.jpg,2020,8,0.4618,0.7016,0.5381,0.2966,0.969,ANTLERLESS,YOUNG,visible,ok,False,1,stop,
486,SSWI000000013189074B.jpg,2019,5,0.02687,0.3658,0.6662,0.6316,0.983,ANTLERLESS,YOUNG,visible,ok,False,1,stop,
487,SSWI000000014592958B.jpg,2019,8,0.3525,0.3641,0.3068,0.485,0.955,ANTLERLESS,YOUNG,visible,ok,False,1,stop,
488,SSWI000000014375155C.jpg,2019,6,0.2831,0.3749,0.1506,0.2716,0.959,ANTLERLESS,YOUNG,visible,ok,False,1,stop,
489,SSWI000000009704902B.jpg,2018,8,0.6706,0.3466,0.3293,0.6524,0.955,ANTLERLESS,YOUNG,visible,ok,False,1,stop,
490,SSWI000000031371415C.jpg,2023,6,0.6506,0.4666,0.1368,0.2691,0.964,ANTLERLESS,YOUNG,not_visible,ok,False,1,stop,
491,SSWI000000010195411A.jpg,2018,7,0.0,0.6208,0.1681,0.3791,0.97,ANTLERLESS,YOUNG,not_visible,ok,False,1,stop,
492,SSWI000000018741352B.jpg,2020,8,0.4193,0.4275,0.3925,0.5691,0.98,ANTLERLESS,YOUNG,visible,ok,False,1,stop,
493,SSWI000000027926873B.jpg,2022,8,0.0,0.4158,0.2287,0.5808,0.964,ANTLERLESS,YOUNG,not_visible,ok,False,1,stop,
494,SSWI000000023014945C.jpg,2021,7,0.5387,0.1683,0.08687,0.2316,0.95,ANTLERLESS,YOUNG,visible,ok,False,1,stop,
495,SSWI000000031559358C.jpg,2023,8,0.2931,0.6691,0.5437,0.3283,0.975,ANTLERLESS,YOUNG,visible,ok,False,1,stop,
496,SSWI000000024102288A.jpg,2021,9,0.7831,0.5524,0.1737,0.1949,0.962,ANTLERLESS,YOUNG,visible,ok,False,1,stop,
497,SSWI000000014048609B.jpg,2019,8,0.1174,0.6791,0.1256,0.3199,0.966,ANTLERLESS,YOUNG,visible,ok,False,1,stop,
498,SSWI000000027912205C.jpg,2022,8,0.3424,0.5458,0.4275,0.37,0.968,ANTLERLESS,YOUNG,visible,ok,False,1,stop,
499,SSWI000000024497120A.jpg,2021,11,0.1343,0.5491,0.4468,0.4499,0.978,ANTLERLESS,YOUNG,visible,ok,False,1,stop,
500,SSWI000000027761278C.jpg,2022,8,0.3668,0.57,0.3,0.4266,0.967,ANTLERLESS,YOUNG,visible,ok,False,1,stop,
501,SSWI000000020664451A.jpg,2020,7,0.3943,0.39,0.1762,0.6058,0.965,ANTLERLESS,YOUNG,visible,ok,False,1,stop,
502,SSWI000000018999597B.jpg,2020,8,0.1656,0.8266,0.1562,0.1675,0.951,ANTLERLESS,YOUNG,visible,ok,False,1,stop,
503,SSWI000000008396969C.jpg,2018,1,0.5393,0.6166,0.2593,0.3799,0.981,ANTLERLESS,YOUNG,visible,ok,False,1,stop,
504,SSWI000000028175113C.jpg,2022,8,0.3468,0.5541,0.4356,0.4441,0.954,ANTLERLESS,YOUNG,not_visible,ok,False,1,stop,
505,SSWI000000024794304A.jpg,2021,10,0.2187,0.5866,0.2493,0.2766,0.959,ANTLERLESS,YOUNG,visible,ok,False,1,stop,
506,SSWI000000014409218B.jpg,2019,8,0.0,0.7274,0.2806,0.2708,0.956,ANTLERLESS,YOUNG,visible,ok,False,1,stop,
507,SSWI000000032425523B.jpg,2023,7,0.1775,0.8058,0.2787,0.1924,0.955,ANTLERLESS,YOUNG,visible,ok,False,1,stop,
508,SSWI000000025670998C.jpg,2021,9,0.4243,0.57,0.09187,0.3066,0.957,ANTLERLESS,YOUNG,visible,ok,False,1,stop,
509,SSWI000000011022543C.jpg,2018,9,0.2699,0.4166,0.6718,0.5808,0.959,ANTLERLESS,YOUNG,visible,ok,False,1,stop,
510,SSWI000000010695640B.jpg,2018,8,0.4512,0.5041,0.2006,0.495,0.965,ANTLERLESS,YOUNG,visible,ok,False,1,stop,
511,SSWI000000010479455B.jpg,2018,8,0.7231,0.3491,0.2425,0.5325,0.97,ANTLERLESS,YOUNG,visible,ok,False,1,stop,
512,SSWI000000018785897C.jpg,2020,8,0.2199,0.4025,0.3149,0.4641,0.97,ANTLERLESS,YOUNG,visible,ok,False,1,stop,
513,SSWI000000012448943A.jpg,2018,12,0.5518,0.3983,0.4306,0.4416,0.987,ANTLERLESS,YOUNG,visible,ok,False,1,stop,
514,SSWI000000010478936B.jpg,2018,7,0.6875,0.3825,0.2,0.2325,0.969,ANTLERLESS,YOUNG,visible,ok,False,1,stop,
515,SSWI000000010209789B.jpg,2018,9,0.0,0.4833,0.3268,0.5149,0.975,ANTLERLESS,YOUNG,visible,ok,False,1,stop,
516,SSWI000000021619030B.jpg,2020,12,0.3381,0.5741,0.2824,0.2599,0.973,ANTLERLESS,YOUNG,visible,ok,False,1,stop,
517,SSWI000000025670990A.jpg,2021,9,0.2424,0.5875,0.2362,0.3308,0.97,ANTLERLESS,YOUNG,visible,ok,False,1,stop,
518,SSWI000000018741351C.jpg,2020,8,0.4262,0.4991,0.4406,0.4983,0.97,ANTLERLESS,YOUNG,not_visible,ok,False,1,stop,
519,SSWI000000012448933C.jpg,2018,12,0.0,0.4758,0.3193,0.28,0.964,ANTLERLESS,YOUNG,visible,ok,False,1,stop,
520,SSWI000000018918404A.jpg,2020,8,0.0075,0.4841,0.2693,0.2391,0.961,ANTLERLESS,YOUNG,visible,ok,False,1,stop,
521,SSWI000000015052270C.jpg,2019,7,0.4624,0.5141,0.4631,0.4824,0.984,ANTLERLESS,YOUNG,visible,ok,False,1,stop,
522,SSWI000000027912170A.jpg,2022,8,0.195,0.5891,0.4199,0.4083,0.972,ANTLERLESS,YOUNG,visible,ok,False,1,stop,
523,SSWI000000008397305B.jpg,2018,4,0.8306,0.5799,0.1693,0.2383,0.959,ANTLERLESS,YOUNG,visible,ok,False,1,stop,
524,SSWI000000018918561C.jpg,2020,8,0.01437,0.6408,0.3006,0.3358,0.965,ANTLERLESS,YOUNG,visible,ok,False,1,stop,
525,SSWI000000024619825C.jpg,2021,9,0.6137,0.6358,0.1924,0.3641,0.968,ANTLERLESS,YOUNG,visible,ok,False,1,stop,
526,SSWI000000018768685C.jpg,2020,8,0.1106,0.4383,0.3306,0.455,0.956,ANTLERLESS,YOUNG,visible,ok,False,1,stop,
527,SSWI000000027912328B.jpg,2022,9,0.1924,0.4875,0.2631,0.3583,0.971,ANTLERLESS,YOUNG,visible,ok,False,1,stop,
528,SSWI000000010477519B.jpg,2018,9,0.07375,0.5524,0.2368,0.2033,0.961,ANTLERLESS,YOUNG,visible,ok,False,1,stop,
529,SSWI000000029768064B.jpg,2022,12,0.0,0.6666,0.2937,0.3316,0.971,ANTLERLESS,YOUNG,visible,ok,False,1,stop,
530,SSWI000000027674148B.jpg,2022,7,0.5568,0.5941,0.2412,0.2783,0.953,ANTLERLESS,YOUNG,visible,ok,False,1,stop,
531,SSWI000000014648097C.jpg,2019,7,0.5087,0.67,0.4287,0.3274,0.963,ANTLERLESS,YOUNG,visible,ok,False,1,stop,
532,SSWI000000010479621A.jpg,2018,8,0.7687,0.3666,0.2099,0.3375,0.964,ANTLERLESS,YOUNG,visible,ok,False,1,stop,
533,SSWI000000033383281A.jpg,2023,9,0.1643,0.5908,0.3899,0.4058,0.978,ANTLERLESS,YOUNG,visible,ok,False,1,stop,
534,SSWI000000018786877C.jpg,2020,8,0.000625,0.3516,0.9375,0.6466,0.977,ANTLERLESS,YOUNG,visible,ok,False,1,stop,
535,SSWI000000012448939A.jpg,2018,12,0.5512,0.3949,0.405,0.4683,0.982,ANTLERLESS,YOUNG,visible,ok,False,1,stop,
536,SSWI000000023787368A.jpg,2021,8,0.1037,0.41,0.3712,0.2325,0.96,ANTLERLESS,YOUNG,visible,ok,False,1,stop,
537,SSWI000000026961810A.jpg,2022,7,0.6668,0.5333,0.2462,0.2666,0.961,ANTLERLESS,YOUNG,visible,ok,False,1,stop,
538,SSWI000000014648140B.jpg,2019,8,0.2218,0.5591,0.4312,0.4375,0.978,ANTLERLESS,YOUNG,visible,ok,False,1,stop,
539,SSWI000000011037543A.jpg,2018,11,0.4556,0.6508,0.1937,0.2433,0.965,ANTLERLESS,YOUNG,visible,ok,False,1,stop,
540,SSWI000000021386186C.jpg,2021,2,0.0006249,0.3708,0.3693,0.6241,0.985,ANTLERLESS,YOUNG,visible,ok,False,1,stop,
541,SSWI000000023480239A.jpg,2021,8,0.4643,0.6166,0.2549,0.3208,0.964,ANTLERLESS,YOUNG,visible,ok,False,1,stop,
542,SSWI000000029352428C.jpg,2022,8,0.6018,0.8283,0.2387,0.1691,0.957,ANTLERLESS,YOUNG,visible,ok,False,1,stop,
543,SSWI000000010902613A.jpg,2018,8,0.4912,0.6466,0.5074,0.3533,0.963,ANTLERLESS,YOUNG,visible,ok,False,1,stop,
544,SSWI000000014964577A.jpg,2019,8,0.6093,0.5916,0.2206,0.1933,0.95,ANTLERLESS,YOUNG,visible,ok,False,1,stop,
545,SSWI000000013418421A.jpg,2019,7,0.4325,0.5725,0.2406,0.2199,0.956,ANTLERLESS,YOUNG,visible,ok,False,1,stop,
546,SSWI000000018786877A.jpg,2020,8,0.0,0.4441,0.7887,0.5533,0.972,ANTLERLESS,YOUNG,visible,ok,False,1,stop,
547,SSWI000000012448942A.jpg,2018,12,0.5412,0.4033,0.4556,0.4625,0.985,ANTLERLESS,YOUNG,visible,ok,False,1,stop,
548,SSWI000000014648095B.jpg,2019,7,0.2124,0.6125,0.7875,0.3849,0.973,ANTLERLESS,YOUNG,visible,ok,False,1,stop,
549,SSWI000000028353136B.jpg,2022,8,0.1068,0.4666,0.2649,0.335,0.96,ANTLERLESS,YOUNG,visible,ok,False,1,stop,
550,SSWI000000027912300B.jpg,2022,9,0.7506,0.545,0.1881,0.3308,0.962,ANTLERLESS,YOUNG,visible,ok,False,1,stop,
551,SSWI000000023594768B.jpg,2021,9,0.4137,0.4916,0.2168,0.275,0.963,ANTLERLESS,YOUNG,visible,ok,False,1,stop,
552,SSWI000000021386196C.jpg,2021,2,0.0,0.3583,0.3743,0.6391,0.966,ANTLERLESS,YOUNG,visible,ok,False,1,stop,
553,SSWI000000023995622B.jpg,2021,7,0.6143,0.4958,0.1043,0.3925,0.955,ANTLERLESS,YOUNG,visible,ok,False,1,stop,
554,SSWI000000009957070A.jpg,2018,8,0.05562,0.6633,0.2331,0.3358,0.956,ANTLERLESS,YOUNG,visible,ok,False,1,stop,
555,SSWI000000010190622B.jpg,2018,9,0.0,0.7674,0.3925,0.2316,0.971,ANTLERLESS,YOUNG,not_visible,ok,False,1,stop,
556,SSWI000000027542798A.jpg,2022,8,0.1687,0.5966,0.3056,0.3491,0.962,ANTLERLESS,YOUNG,visible,ok,False,1,stop,
557,SSWI000000015182293B.jpg,2019,8,0.0,0.5908,0.2512,0.4083,0.975,ANTLERLESS,YOUNG,visible,ok,False,1,stop,
558,SSWI000000018918644A.jpg,2020,8,0.0,0.6108,0.1431,0.3858,0.968,ANTLERLESS,YOUNG,visible,ok,False,1,stop,
559,SSWI000000015302543C.jpg,2019,8,0.6481,0.8041,0.3518,0.1949,0.964,ANTLERLESS,YOUNG,visible,ok,False,1,stop,
560,SSWI000000031836231A.jpg,2023,7,0.0,0.6458,0.4837,0.3541,0.972,ANTLERLESS,YOUNG,visible,ok,False,1,stop,
561,SSWI000000009830387B.jpg,2018,8,0.4068,0.7633,0.2643,0.2333,0.958,ANTLERLESS,YOUNG,visible,ok,False,1,stop,
562,SSWI000000010478521A.jpg,2018,7,0.3543,0.4133,0.2543,0.2549,0.951,ANTLERLESS,YOUNG,visible,ok,False,1,stop,
563,SSWI000000009744653C.jpg,2018,7,0.04749,0.61,0.2131,0.2108,0.957,ANTLERLESS,YOUNG,visible,ok,False,1,stop,
564,SSWI000000019626390B.jpg,2020,8,0.4924,0.6483,0.2956,0.3483,0.976,ANTLERLESS,YOUNG,visible,ok,False,1,stop,
565,SSWI000000012449089A.jpg,2018,12,0.8106,0.355,0.1737,0.4325,0.972,ANTLERLESS,YOUNG,visible,ok,False,1,stop,
566,SSWI000000014648137A.jpg,2019,8,0.06937,0.5708,0.8693,0.4291,0.95,ANTLERLESS,YOUNG,visible,ok,False,1,stop,
567,SSWI000000027588620C.jpg,2022,7,0.3156,0.7249,0.3268,0.2725,0.976,ANTLERLESS,YOUNG,visible,ok,False,1,stop,
568,SSWI000000020537094B.jpg,2020,12,0.1031,0.6524,0.55,0.3449,0.979,ANTLERLESS,YOUNG,visible,ok,False,1,stop,
569,SSWI000000029375206C.jpg,2022,11,0.8381,0.5816,0.1043,0.1875,0.967,ANTLERLESS,YOUNG,visible,ok,False,1,stop,
570,SSWI000000011223496A.jpg,2018,11,0.0,0.59,0.25,0.3658,0.957,ANTLERLESS,YOUNG,visible,ok,False,1,stop,
571,SSWI000000027293707B.jpg,2022,7,0.4231,0.6024,0.1749,0.3549,0.964,ANTLERLESS,YOUNG,visible,ok,False,1,stop,
572,SSWI000000029375371A.jpg,2022,12,0.01624,0.4341,0.3131,0.2383,0.978,ANTLERLESS,YOUNG,visible,ok,False,1,stop,
573,SSWI000000013189081C.jpg,2019,5,0.6806,0.4416,0.3193,0.4641,0.966,ANTLERLESS,YOUNG,visible,ok,False,1,stop,
574,SSWI000000027380423A.jpg,2022,7,0.4749,0.7024,0.1843,0.2975,0.953,ANTLERLESS,YOUNG,visible,ok,False,1,stop,
575,SSWI000000028167355B.jpg,2022,8,0.6774,0.7491,0.2906,0.2491,0.964,ANTLERLESS,YOUNG,visible,ok,False,1,stop,
576,SSWI000000015852283C.jpg,2019,8,0.0,0.5874,0.1899,0.4091,0.956,ANTLERLESS,YOUNG,visible,ok,False,1,stop,
577,SSWI000000008397315C.jpg,2018,4,0.3631,0.6116,0.1987,0.2116,0.968,ANTLERLESS,YOUNG,visible,ok,False,1,stop,
578,SSWI000000013819245A.jpg,2019,7,0.1099,0.5641,0.2093,0.2308,0.951,ANTLERLESS,YOUNG,visible,ok,False,1,stop,
579,SSWI000000019573253C.jpg,2020,8,0.6306,0.5358,0.1731,0.2883,0.968,ANTLERLESS,YOUNG,visible,ok,False,1,stop,
580,SSWI000000010478532C.jpg,2018,7,0.6381,0.5158,0.2549,0.4375,0.968,ANTLERLESS,YOUNG,visible,ok,False,1,stop,
581,SSWI000000028175129A.jpg,2022,8,0.2243,0.4699,0.4331,0.5008,0.95,ANTLERLESS,YOUNG,visible,ok,False,1,stop,
582,SSWI000000024681182A.jpg,2021,7,0.3806,0.3916,0.1887,0.2874,0.967,ANTLERLESS,YOUNG,visible,ok,False,1,stop,
583,SSWI000000027912206A.jpg,2022,8,0.6418,0.5583,0.2531,0.3416,0.972,ANTLERLESS,YOUNG,not_visible,ok,False,1,stop,
584,SSWI000000027912173B.jpg,2022,8,0.7212,0.5808,0.2787,0.3766,0.97,ANTLERLESS,YOUNG,not_visible,ok,False,1,stop,
585,SSWI000000016546985A.jpg,2020,2,0.8168,0.5583,0.1831,0.3174,0.975,ANTLERLESS,YOUNG,visible,ok,False,1,stop,
586,SSWI000000023024818A.jpg,2021,7,0.04937,0.2183,0.1956,0.2858,0.952,ANTLERLESS,YOUNG,visible,ok,False,1,stop,
587,SSWI000000018786911A.jpg,2020,9,0.0,0.4416,1.0,0.5566,0.969,ANTLERLESS,YOUNG,visible,ok,False,1,stop,
588,SSWI000000032458383B.jpg,2023,8,0.7112,0.5866,0.2675,0.3216,0.976,ANTLERLESS,YOUNG,visible,ok,False,1,stop,
589,SSWI000000020664313C.jpg,2020,6,0.03499,0.3666,0.7093,0.6299,0.976,ANTLERLESS,YOUNG,visible,ok,False,1,stop,
590,SSWI000000024794262C.jpg,2021,10,0.785,0.5758,0.1356,0.1541,0.967,ANTLERLESS,YOUNG,visible,ok,False,1,stop,
591,SSWI000000017278039A.jpg,2020,5,0.5468,0.725,0.2912,0.2716,0.97,ANTLERLESS,YOUNG,visible,ok,False,1,stop,
592,SSWI000000010479498B.jpg,2018,8,0.8006,0.3583,0.085,0.2583,0.955,ANTLERLESS,YOUNG,visible,ok,False,1,stop,
593,SSWI000000023421908B.jpg,2021,8,0.2437,0.4158,0.2725,0.3116,0.963,ANTLERLESS,YOUNG,visible,ok,False,1,stop,
594,SSWI000000032461698C.jpg,2023,8,0.2668,0.7183,0.3012,0.2783,0.966,ANTLERLESS,YOUNG,visible,ok,False,1,stop,
595,SSWI000000023092384B.jpg,2020,8,0.3956,0.5191,0.2956,0.4791,0.972,ANTLERLESS,YOUNG,visible,ok,False,1,stop,
596,SSWI000000019573323B.jpg,2020,9,0.6168,0.5341,0.1131,0.2258,0.968,ANTLERLESS,YOUNG,visible,ok,False,1,stop,
597,SSWI000000012449019A.jpg,2018,12,0.3806,0.4766,0.2249,0.2933,0.964,ANTLERLESS,YOUNG,visible,ok,False,1,stop,
598,SSWI000000020539150A.jpg,2021,1,0.7037,0.7,0.2743,0.2966,0.972,ANTLERLESS,YOUNG,visible,ok,False,1,stop,
599,SSWI000000031834349C.jpg,2023,8,0.2893,0.6549,0.1668,0.3433,0.969,ANTLERLESS,YOUNG,visible,ok,False,1,stop,
600,SSWI000000027926873A.jpg,2022,8,0.08562,0.2983,0.2962,0.3925,0.953,ANTLERLESS,YOUNG,visible,ok,False,1,stop,
601,SSWI000000030689976B.jpg,2023,4,0.0,0.6699,0.4437,0.3266,0.976,ANTLERLESS,YOUNG,visible,ok,False,1,stop,
602,SSWI000000014205121B.jpg,2019,7,0.4668,0.3091,0.2806,0.3224,0.957,ANTLERLESS,YOUNG,visible,ok,False,1,stop,
603,SSWI000000010894283B.jpg,2018,10,0.5062,0.4808,0.1581,0.2666,0.956,ANTLERLESS,YOUNG,visible,ok,False,1,stop,
604,SSWI000000030690005C.jpg,2023,4,0.1968,0.6091,0.25,0.3508,0.972,ANTLERLESS,YOUNG,visible,ok,False,1,stop,
605,SSWI000000015302921B.jpg,2019,9,0.4312,0.7675,0.1793,0.2241,0.954,ANTLERLESS,YOUNG,visible,ok,False,1,stop,
606,SSWI000000028175110B.jpg,2022,8,0.2706,0.4533,0.3918,0.4908,0.97,ANTLERLESS,YOUNG,visible,ok,False,1,stop,
607,SSWI000000014962065C.jpg,2019,7,0.4737,0.7,0.3993,0.2916,0.957,ANTLERLESS,YOUNG,visible,ok,False,1,stop,
608,SSWI000000011185581C.jpg,2018,9,0.4218,0.7816,0.5781,0.2166,0.973,ANTLERLESS,YOUNG,visible,ok,False,1,stop,
609,SSWI000000010541479B.jpg,2018,8,0.0,0.5633,0.1318,0.2791,0.959,ANTLERLESS,YOUNG,visible,ok,False,1,stop,
610,SSWI000000012921571C.jpg,2019,5,0.1793,0.5183,0.2193,0.2091,0.962,ANTLERLESS,YOUNG,visible,ok,False,1,stop,
611,SSWI000000023014929A.jpg,2021,7,0.2425,0.3283,0.3487,0.3333,0.957,ANTLERLESS,YOUNG,visible,ok,False,1,stop,
612,SSWI000000033289346A.jpg,2023,9,0.5074,0.7325,0.4206,0.2666,0.972,ANTLERLESS,YOUNG,visible,ok,False,1,stop,
613,SSWI000000029375382B.jpg,2022,12,0.6575,0.5174,0.1975,0.1708,0.981,ANTLERLESS,YOUNG,visible,ok,False,1,stop,
614,SSWI000000031590810C.jpg,2023,8,0.4387,0.67,0.2656,0.2866,0.966,ANTLERLESS,YOUNG,visible,ok,False,1,stop,
615,SSWI000000019469481A.jpg,2020,8,0.615,0.2608,0.2406,0.2941,0.956,ANTLERLESS,YOUNG,visible,ok,False,1,stop,
616,SSWI000000018999597A.jpg,2020,8,0.0,0.8399,0.2243,0.1591,0.967,ANTLERLESS,YOUNG,visible,ok,False,1,stop,
617,SSWI000000010487727C.jpg,2018,8,0.0,0.6733,0.2306,0.3241,0.975,ANTLERLESS,YOUNG,visible,ok,False,1,stop,
618,SSWI000000024681306C.jpg,2021,8,0.08687,0.3549,0.2443,0.31,0.972,ANTLERLESS,YOUNG,visible,ok,False,1,stop,
619,SSWI000000019484858A.jpg,2020,7,0.6737,0.7716,0.1599,0.2258,0.96,ANTLERLESS,YOUNG,visible,ok,False,1,stop,
620,SSWI000000014647992B.jpg,2019,7,0.3818,0.6874,0.5812,0.31,0.977,ANTLERLESS,YOUNG,visible,ok,False,1,stop,
621,SSWI000000020413864B.jpg,2020,9,0.1893,0.6441,0.7731,0.3533,0.975,ANTLERLESS,YOUNG,visible,ok,False,1,stop,
622,SSWI000000018768676C.jpg,2020,8,0.7093,0.4775,0.1912,0.28,0.963,ANTLERLESS,YOUNG,visible,ok,False,1,stop,
623,SSWI000000029375352A.jpg,2022,12,0.2337,0.4366,0.2,0.2399,0.971,ANTLERLESS,YOUNG,visible,ok,False,1,stop,
624,SSWI000000012448944A.jpg,2018,12,0.5343,0.395,0.4368,0.4449,0.985,ANTLERLESS,YOUNG,visible,ok,False,1,stop,
625,SSWI000000012449111B.jpg,2018,12,0.4418,0.3558,0.1731,0.4575,0.973,ANTLERLESS,YOUNG,not_visible,ok,False,1,stop,
626,SSWI000000009956762C.jpg,2018,8,0.6143,0.64,0.2181,0.3574,0.962,ANTLERLESS,YOUNG,visible,ok,False,1,stop,
627,SSWI000000031692831A.jpg,2023,8,0.4899,0.8591,0.3112,0.14,0.951,ANTLERLESS,YOUNG,visible,ok,False,1,stop,
628,SSWI000000024692060A.jpg,2021,6,0.0,0.4708,0.36,0.4058,0.957,ANTLERLESS,YOUNG,not_visible,ok,False,1,stop,
629,SSWI000000014962127A.jpg,2019,7,0.0,0.5574,0.2418,0.43,0.953,ANTLERLESS,YOUNG,visible,ok,False,1,stop,
630,SSWI000000018768642A.jpg,2020,8,0.8174,0.5408,0.1825,0.2025,0.954,ANTLERLESS,YOUNG,visible,ok,False,1,stop,
631,SSWI000000028797398C.jpg,2022,10,0.0625,0.5658,0.27,0.4333,0.955,ANTLERLESS,YOUNG,not_visible,ok,False,1,stop,
632,SSWI000000014648095C.jpg,2019,7,0.1468,0.5924,0.8525,0.4041,0.973,ANTLERLESS,YOUNG,visible,ok,False,1,stop,
633,SSWI000000033289348C.jpg,2023,9,0.7943,0.6525,0.1181,0.3474,0.956,ANTLERLESS,YOUNG,not_visible,ok,False,1,stop,
634,SSWI000000032713107B.jpg,2023,8,0.3693,0.5749,0.2587,0.3983,0.959,ANTLERLESS,YOUNG,visible,ok,False,1,stop,
635,SSWI000000008124043A.jpg,2018,2,0.3431,0.3666,0.2006,0.1825,0.966,ANTLERLESS,YOUNG,visible,ok,False,1,stop,
636,SSWI000000018999274B.jpg,2020,7,0.3318,0.8008,0.1924,0.1366,0.953,ANTLERLESS,YOUNG,visible,ok,False,1,stop,
637,SSWI000000028459595A.jpg,2022,10,0.5081,0.6091,0.1262,0.2924,0.961,ANTLERLESS,YOUNG,visible,ok,False,1,stop,
638,SSWI000000021216116B.jpg,2019,8,0.2593,0.6016,0.1737,0.3958,0.954,ANTLERLESS,YOUNG,visible,ok,False,1,stop,
639,SSWI000000009816401A.jpg,2018,8,0.4768,0.7416,0.5231,0.2583,0.978,ANTLERLESS,YOUNG,visible,ok,False,1,stop,
640,SSWI000000018741353A.jpg,2020,8,0.7412,0.5266,0.2587,0.4699,0.981,ANTLERLESS,YOUNG,visible,ok,False,1,stop,
641,SSWI000000014375471A.jpg,2019,8,0.01,0.2883,0.3249,0.4025,0.966,ANTLERLESS,YOUNG,visible,ok,False,1,stop,
642,SSWI000000008396990A.jpg,2018,2,0.3681,0.5533,0.15,0.15,0.978,ANTLERLESS,YOUNG,visible,ok,False,1,stop,
643,SSWI000000020537094C.jpg,2020,12,0.1087,0.645,0.5693,0.3524,0.97,ANTLERLESS,YOUNG,visible,ok,False,1,stop,
644,SSWI000000023014911A.jpg,2021,7,0.7374,0.3016,0.2624,0.5083,0.955,ANTLERLESS,YOUNG,visible,ok,False,1,stop,
645,SSWI000000014962201B.jpg,2019,8,0.5968,0.5625,0.27,0.3141,0.957,ANTLERLESS,YOUNG,visible,ok,False,1,stop,
646,SSWI000000033383290C.jpg,2023,9,0.2118,0.5708,0.66,0.4258,0.97,ANTLERLESS,YOUNG,visible,ok,False,1,stop,
647,SSWI000000027912336C.jpg,2022,9,0.1381,0.5741,0.5337,0.4233,0.966,ANTLERLESS,YOUNG,visible,ok,False,1,stop,
648,SSWI000000031371412C.jpg,2023,6,0.5799,0.5574,0.3193,0.4416,0.981,ANTLERLESS,YOUNG,visible,ok,False,1,stop,
649,SSWI000000023421803A.jpg,2021,8,0.02437,0.6483,0.5375,0.3516,0.954,ANTLERLESS,YOUNG,visible,ok,False,1,stop,
650,SSWI000000027499032B.jpg,2022,7,0.03874,0.5383,0.1825,0.2783,0.955,ANTLERLESS,YOUNG,visible,ok,False,1,stop,
651,SSWI000000023318769A.jpg,2021,8,0.445,0.4325,0.2425,0.4108,0.962,ANTLERLESS,YOUNG,visible,ok,False,1,stop,
652,SSWI000000010541136C.jpg,2018,8,0.0,0.3758,0.5818,0.6233,0.975,ANTLERLESS,YOUNG,visible,ok,False,1,stop,
653,SSWI000000009816401B.jpg,2018,8,0.3675,0.7291,0.3806,0.2708,0.971,ANTLERLESS,YOUNG,visible,ok,False,1,stop,
654,SSWI000000023035941C.jpg,2021,8,0.3231,0.5741,0.2212,0.4225,0.976,ANTLERLESS,YOUNG,visible,ok,False,1,stop,
655,SSWI000000018922856B.jpg,2020,8,0.5893,0.3133,0.3081,0.6233,0.959,ANTLERLESS,YOUNG,visible,ok,False,1,stop,
656,SSWI000000016964852C.jpg,2019,11,0.7137,0.6824,0.2862,0.3149,0.957,ANTLERLESS,YOUNG,not_visible,ok,False,1,stop,
657,SSWI000000016043806A.jpg,2019,11,0.2856,0.4441,0.1887,0.1808,0.955,ANTLERLESS,YOUNG,visible,ok,False,1,stop,
658,SSWI000000027675814B.jpg,2022,8,0.5149,0.3166,0.485,0.68,0.963,ANTLERLESS,YOUNG,visible,ok,False,1,stop,
659,SSWI000000023480250C.jpg,2021,8,0.2862,0.6083,0.3274,0.3158,0.955,ANTLERLESS,YOUNG,visible,ok,False,1,stop,
660,SSWI000000012449094A.jpg,2018,12,0.7581,0.2741,0.2006,0.5416,0.971,ANTLERLESS,YOUNG,visible,ok,False,1,stop,
661,SSWI000000028175078B.jpg,2022,7,0.3312,0.4875,0.3493,0.4408,0.958,ANTLERLESS,YOUNG,visible,ok,False,1,stop,
662,SSWI000000019187977B.jpg,2020,7,0.205,0.6291,0.5174,0.3683,0.968,ANTLERLESS,YOUNG,visible,ok,False,1,stop,
663,SSWI000000015534637C.jpg,2019,8,0.3787,0.6616,0.1437,0.3358,0.967,ANTLERLESS,YOUNG,visible,ok,False,1,stop,
664,SSWI000000010648508B.jpg,2018,9,0.3762,0.5583,0.2662,0.3891,0.971,ANTLERLESS,YOUNG,visible,ok,False,1,stop,
665,SSWI000000029433678B.jpg,2022,11,0.6918,0.3783,0.2556,0.2016,0.969,ANTLERLESS,YOUNG,visible,ok,False,1,stop,
666,SSWI000000024102347B.jpg,2021,9,0.8174,0.5183,0.1825,0.4258,0.951,ANTLERLESS,YOUNG,visible,ok,False,1,stop,
667,SSWI000000010894284B.jpg,2018,10,0.7231,0.4675,0.2175,0.3249,0.96,ANTLERLESS,YOUNG,visible,ok,False,1,stop,
668,SSWI000000023594699C.jpg,2021,8,0.2062,0.4666,0.1331,0.4958,0.955,ANTLERLESS,YOUNG,not_visible,ok,False,1,stop,
669,SSWI000000010478930C.jpg,2018,7,0.7893,0.5066,0.1075,0.3533,0.959,ANTLERLESS,YOUNG,visible,ok,False,1,stop,
670,SSWI000000031326615A.jpg,2023,7,0.5962,0.5199,0.1787,0.2399,0.953,ANTLERLESS,YOUNG,visible,ok,False,1,stop,
671,SSWI000000014962126A.jpg,2019,7,0.1468,0.51,0.1675,0.1558,0.967,ANTLERLESS,YOUNG,visible,ok,False,1,stop,
672,SSWI000000018954239A.jpg,2020,9,0.5081,0.7708,0.3106,0.2283,0.97,ANTLERLESS,YOUNG,visible,ok,False,1,stop,
673,SSWI000000019431914B.jpg,2020,8,0.06,0.5133,0.2293,0.4866,0.966,ANTLERLESS,YOUNG,visible,ok,False,1,stop,
674,SSWI000000014375532A.jpg,2019,8,0.4274,0.3183,0.1962,0.3383,0.973,ANTLERLESS,YOUNG,not_visible,ok,False,1,stop,
675,SSWI000000023014194C.jpg,2021,7,0.01812,0.7983,0.3543,0.2008,0.966,ANTLERLESS,YOUNG,visible,ok,False,1,stop,
676,SSWI000000011038476B.jpg,2018,11,0.4762,0.6583,0.2756,0.3333,0.975,ANTLERLESS,YOUNG,visible,ok,False,1,stop,
677,SSWI000000023594801B.jpg,2021,9,0.5637,0.5441,0.215,0.4216,0.968,ANTLERLESS,YOUNG,visible,ok,False,1,stop,
678,SSWI000000023926748A.jpg,2021,8,0.1893,0.7683,0.3556,0.2291,0.957,ANTLERLESS,YOUNG,visible,ok,False,1,stop,
679,SSWI000000010541422A.jpg,2018,8,0.3487,0.6341,0.2412,0.2858,0.958,ANTLERLESS,YOUNG,visible,ok,False,1,stop,
680,SSWI000000010479458C.jpg,2018,8,0.8025,0.4175,0.1724,0.4708,0.962,ANTLERLESS,YOUNG,visible,ok,False,1,stop,
681,SSWI000000011088506C.jpg,2018,8,0.001875,0.795,0.2962,0.2025,0.965,ANTLERLESS,YOUNG,visible,ok,False,1,stop,
682,SSWI000000011185597A.jpg,2018,9,0.5024,0.5783,0.4693,0.4216,0.973,ANTLERLESS,YOUNG,visible,ok,False,1,stop,
683,SSWI000000023168923B.jpg,2021,7,0.4406,0.7741,0.2437,0.2241,0.96,ANTLERLESS,YOUNG,visible,ok,False,1,stop,
684,SSWI000000014375040C.jpg,2019,6,0.02437,0.4433,0.2368,0.3041,0.97,ANTLERLESS,YOUNG,visible,ok,False,1,stop,
685,SSWI000000027847328C.jpg,2022,7,0.4081,0.4541,0.1487,0.2633,0.954,ANTLERLESS,YOUNG,visible,ok,False,1,stop,
686,SSWI000000014962033A.jpg,2019,7,0.6606,0.5599,0.2068,0.3133,0.954,ANTLERLESS,YOUNG,visible,ok,False,1,stop,
687,SSWI000000008397131B.jpg,2018,3,0.0,0.6466,0.3937,0.3508,0.983,ANTLERLESS,YOUNG,visible,ok,False,1,stop,
688,SSWI000000024456155C.jpg,2021,9,0.4981,0.5933,0.1418,0.1299,0.95,ANTLERLESS,YOUNG,visible,ok,False,1,stop,
689,SSWI000000027912163A.jpg,2022,8,0.3331,0.5341,0.3206,0.2958,0.974,ANTLERLESS,YOUNG,visible,ok,False,1,stop,
690,SSWI000000019187929C.jpg,2020,7,0.1743,0.6349,0.49,0.3541,0.95,ANTLERLESS,YOUNG,visible,ok,False,1,stop,
691,SSWI000000031836231B.jpg,2023,7,0.0,0.5324,0.4368,0.4666,0.976,ANTLERLESS,YOUNG,visible,ok,False,1,stop,
692,SSWI000000016341909B.jpg,2019,8,0.7968,0.6891,0.2031,0.3108,0.962,ANTLERLESS,YOUNG,visible,ok,False,1,stop,
693,SSWI000000019469715B.jpg,2020,9,0.175,0.3066,0.5262,0.5408,0.972,ANTLERLESS,YOUNG,visible,ok,False,1,stop,
694,SSWI000000010476088A.jpg,2018,8,0.0,0.7683,0.2006,0.23,0.957,ANTLERLESS,YOUNG,visible,ok,False,1,stop,
695,SSWI000000015655517A.jpg,2019,11,0.4799,0.5941,0.08624,0.2258,0.963,ANTLERLESS,YOUNG,not_visible,ok,False,1,stop,
696,SSWI000000023926736A.jpg,2021,8,0.0,0.5916,0.1537,0.4058,0.96,ANTLERLESS,YOUNG,visible,ok,False,1,stop,
697,SSWI000000032405941B.jpg,2023,8,0.0,0.7266,0.4243,0.27,0.961,ANTLERLESS,YOUNG,visible,ok,False,1,stop,
698,SSWI000000024721916B.jpg,2021,9,0.7593,0.6433,0.2406,0.3533,0.973,ANTLERLESS,YOUNG,visible,ok,False,1,stop,
699,SSWI000000023452144C.jpg,2021,9,0.03437,0.4724,0.3106,0.3675,0.968,ANTLERLESS,YOUNG,visible,ok,False,1,stop,
700,SSWI000000009956774B.jpg,2018,8,0.5112,0.5924,0.3768,0.4041,0.955,ANTLERLESS,YOUNG,visible,ok,False,1,stop,
701,SSWI000000014281517C.jpg,2019,6,0.0,0.4858,0.1518,0.2208,0.952,ANTLERLESS,YOUNG,visible,ok,False,1,stop,
702,SSWI000000019626335B.jpg,2020,8,0.4474,0.5424,0.2131,0.4283,0.965,ANTLERLESS,YOUNG,visible,ok,False,1,stop,
703,SSWI000000023014314A.jpg,2021,8,0.3131,0.6524,0.2175,0.3466,0.961,ANTLERLESS,YOUNG,visible,ok,False,1,stop,
704,SSWI000000010541144B.jpg,2018,8,0.0,0.4799,0.1437,0.5124,0.95,ANTLERLESS,YOUNG,visible,ok,False,1,stop,
705,SSWI000000027380203C.jpg,2022,7,0.03312,0.6899,0.5412,0.3091,0.959,ANTLERLESS,YOUNG,visible,ok,False,1,stop,
706,SSWI000000014962123B.jpg,2019,7,0.4306,0.5441,0.1968,0.2908,0.95,ANTLERLESS,YOUNG,visible,ok,False,1,stop,
707,SSWI000000033256797C.jpg,2023,8,0.0,0.5308,0.1718,0.2108,0.96,ANTLERLESS,YOUNG,visible,ok,False,1,stop,
708,SSWI000000021386197C.jpg,2021,2,0.0,0.5791,0.3774,0.4174,0.975,ANTLERLESS,YOUNG,visible,ok,False,1,stop,
709,SSWI000000010761526A.jpg,2018,8,0.4043,0.2925,0.2581,0.2158,0.951,ANTLERLESS,YOUNG,visible,ok,False,1,stop,
710,SSWI000000010479502A.jpg,2018,8,0.8081,0.365,0.1918,0.2533,0.967,ANTLERLESS,YOUNG,visible,ok,False,1,stop,
711,SSWI000000010902583C.jpg,2018,8,0.4199,0.5566,0.08874,0.2599,0.952,ANTLERLESS,YOUNG,visible,ok,False,1,stop,
712,SSWI000000009791031B.jpg,2018,6,0.3512,0.4,0.1024,0.1783,0.955,ANTLERLESS,YOUNG,not_visible,ok,False,1,stop,
713,SSWI000000012805837C.jpg,2018,11,0.0,0.5166,0.595,0.4824,0.98,ANTLERLESS,YOUNG,visible,ok,False,1,stop,
714,SSWI000000014962069B.jpg,2019,7,0.04187,0.6174,0.3337,0.2224,0.962,ANTLERLESS,YOUNG,visible,ok,False,1,stop,
715,SSWI000000023629166A.jpg,2021,8,0.6643,0.555,0.3356,0.4441,0.977,ANTLERLESS,YOUNG,not_visible,ok,False,1,stop,
716,SSWI000000015302317C.jpg,2019,7,0.6068,0.8208,0.2012,0.1791,0.973,ANTLERLESS,YOUNG,visible,ok,False,1,stop,
717,SSWI000000024553505A.jpg,2021,11,0.4743,0.6783,0.3268,0.3208,0.974,ANTLERLESS,YOUNG,visible,ok,False,1,stop,
718,SSWI000000010476081B.jpg,2018,8,0.0,0.7108,0.2168,0.2883,0.972,ANTLERLESS,YOUNG,visible,ok,False,1,stop,
719,SSWI000000014648043A.jpg,2019,7,0.1425,0.6549,0.5518,0.3433,0.973,ANTLERLESS,YOUNG,visible,ok,False,1,stop,
720,SSWI000000010488708B.jpg,2018,7,0.2718,0.6691,0.3518,0.3308,0.965,ANTLERLESS,YOUNG,visible,ok,False,1,stop,
721,SSWI000000023480186B.jpg,2021,8,0.4212,0.5116,0.1887,0.1558,0.951,ANTLERLESS,YOUNG,visible,ok,False,1,stop,
722,SSWI000000014962038C.jpg,2019,7,0.4418,0.5508,0.1968,0.3058,0.951,ANTLERLESS,YOUNG,visible,ok,False,1,stop,
723,SSWI000000016076902C.jpg,2019,8,0.0,0.6183,0.3562,0.3791,0.963,ANTLERLESS,YOUNG,visible,ok,False,1,stop,
724,SSWI000000028293975B.jpg,2022,9,0.4637,0.6558,0.1937,0.3441,0.971,ANTLERLESS,YOUNG,visible,ok,False,1,stop,
725,SSWI000000015302629B.jpg,2019,9,0.0,0.7283,0.2199,0.2475,0.955,ANTLERLESS,YOUNG,visible,ok,False,1,stop,
726,SSWI000000018785921A.jpg,2020,8,0.5468,0.4283,0.4499,0.4708,0.951,ANTLERLESS,YOUNG,visible,ok,False,1,stop,
727,SSWI000000019136157A.jpg,2020,8,0.01062,0.76,0.2675,0.2391,0.969,ANTLERLESS,YOUNG,visible,ok,False,1,stop,
728,SSWI000000027912318C.jpg,2022,9,0.8606,0.5358,0.09562,0.2224,0.95,ANTLERLESS,YOUNG,visible,ok,False,1,stop,
729,SSWI000000010453519A.jpg,2018,8,0.4187,0.6616,0.4287,0.3383,0.971,ANTLERLESS,YOUNG,visible,ok,False,1,stop,
730,SSWI000000023784922C.jpg,2021,8,0.1168,0.6691,0.4543,0.3308,0.975,ANTLERLESS,YOUNG,visible,ok,False,1,stop,
731,SSWI000000032929008B.jpg,2023,8,0.83,0.4725,0.17,0.2433,0.955,ANTLERLESS,YOUNG,visible,ok,False,1,stop,
732,SSWI000000010695774A.jpg,2018,9,0.0,0.6783,0.6362,0.3191,0.976,ANTLERLESS,YOUNG,visible,ok,False,1,stop,
733,SSWI000000024656318C.jpg,2021,9,0.6306,0.5191,0.3693,0.3533,0.973,ANTLERLESS,YOUNG,visible,ok,False,1,stop,
734,SSWI000000018999374B.jpg,2020,8,0.7868,0.8308,0.2131,0.1666,0.964,ANTLERLESS,YOUNG,visible,ok,False,1,stop,
735,SSWI000000023421867B.jpg,2021,8,0.315,0.4274,0.2874,0.2733,0.961,ANTLERLESS,YOUNG,visible,ok,False,1,stop,
736,SSWI000000013997812C.jpg,2019,5,0.5375,0.4808,0.3025,0.5166,0.977,ANTLERLESS,YOUNG,visible,ok,False,1,stop,
737,SSWI000000024456248C.jpg,2021,10,0.5737,0.5458,0.4262,0.4533,0.968,ANTLERLESS,YOUNG,visible,ok,False,1,stop,
738,SSWI000000027542644B.jpg,2022,7,0.4081,0.5733,0.1812,0.1541,0.955,ANTLERLESS,YOUNG,visible,ok,False,1,stop,
739,SSWI000000020664446C.jpg,2020,7,0.435,0.5891,0.4806,0.4074,0.975,ANTLERLESS,YOUNG,visible,ok,False,1,stop,
740,SSWI000000031371398A.jpg,2023,6,0.08437,0.5216,0.1462,0.2824,0.97,ANTLERLESS,YOUNG,visible,ok,False,1,stop,
741,SSWI000000020396051A.jpg,2020,10,0.7062,0.5591,0.2937,0.4199,0.956,ANTLERLESS,YOUNG,visible,ok,False,1,stop,
742,SSWI000000025670924C.jpg,2021,9,0.5843,0.4724,0.1737,0.1774,0.961,ANTLERLESS,YOUNG,visible,ok,False,1,stop,
743,SSWI000000010478542B.jpg,2018,7,0.2224,0.5474,0.4381,0.4516,0.969,ANTLERLESS,YOUNG,visible,ok,False,1,stop,
744,SSWI000000032191299C.jpg,2023,9,0.2662,0.5483,0.1912,0.2899,0.966,ANTLERLESS,YOUNG,visible,ok,False,1,stop,
745,SSWI000000013703949B.jpg,2019,6,0.8499,0.7158,0.1018,0.2833,0.952,ANTLERLESS,YOUNG,not_visible,ok,False,1,stop,
746,SSWI000000023347829A.jpg,2021,9,0.4474,0.4641,0.5525,0.4491,0.973,ANTLERLESS,YOUNG,visible,ok,False,1,stop,
747,SSWI000000010481359A.jpg,2018,7,0.1287,0.5141,0.2693,0.4833,0.975,ANTLERLESS,YOUNG,visible,ok,False,1,stop,
748,SSWI000000018999404C.jpg,2020,8,0.7106,0.8449,0.2862,0.1541,0.965,ANTLERLESS,YOUNG,visible,ok,False,1,stop,
749,SSWI000000010541476C.jpg,2018,8,0.03812,0.6858,0.3137,0.3141,0.978,ANTLERLESS,YOUNG,visible,ok,False,1,stop,
750,SSWI000000019424985C.jpg,2020,8,0.3781,0.6216,0.2481,0.2524,0.952,ANTLERLESS,YOUNG,visible,ok,False,1,stop,
751,SSWI000000031371394A.jpg,2023,6,0.8362,0.5866,0.1637,0.4124,0.959,ANTLERLESS,YOUNG,not_visible,ok,False,1,stop,
752,SSWI000000010209789C.jpg,2018,9,0.0,0.4458,0.4806,0.5533,0.983,ANTLERLESS,YOUNG,visible,ok,False,1,stop,
753,SSWI000000019277287C.jpg,2020,7,0.3362,0.5633,0.2743,0.3008,0.965,ANTLERLESS,YOUNG,visible,ok,False,1,stop,
754,SSWI000000032461689B.jpg,2023,8,0.4087,0.6699,0.2506,0.2475,0.957,ANTLERLESS,YOUNG,visible,ok,False,1,stop,
755,SSWI000000027542795C.jpg,2022,8,0.1724,0.5866,0.3218,0.3549,0.961,ANTLERLESS,YOUNG,visible,ok,False,1,stop,
756,SSWI000000009744660A.jpg,2018,7,0.1837,0.4899,0.135,0.3308,0.963,ANTLERLESS,YOUNG,visible,ok,False,1,stop,
757,SSWI000000022939342B.jpg,2021,8,0.1556,0.5875,0.3237,0.4099,0.968,ANTLERLESS,YOUNG,visible,ok,False,1,stop,
758,SSWI000000023482110A.jpg,2021,7,0.5881,0.6316,0.3268,0.365,0.979,ANTLERLESS,YOUNG,visible,ok,False,1,stop,
759,SSWI000000011340925B.jpg,2018,8,0.1356,0.6833,0.2987,0.3158,0.971,ANTLERLESS,YOUNG,visible,ok,False,1,stop,
760,SSWI000000027872588A.jpg,2022,9,0.4187,0.5516,0.2212,0.2491,0.954,ANTLERLESS,YOUNG,visible,ok,False,1,stop,
761,SSWI000000014375245B.jpg,2019,7,0.0,0.3699,0.2481,0.4166,0.956,ANTLERLESS,YOUNG,not_visible,ok,False,1,stop,
762,SSWI000000017770773B.jpg,2020,4,0.4268,0.5216,0.3143,0.3,0.969,ANTLERLESS,YOUNG,visible,ok,False,1,stop,
763,SSWI000000014714457C.jpg,2019,6,0.7337,0.7408,0.2662,0.2574,0.967,ANTLERLESS,YOUNG,visible,ok,False,1,stop,
764,SSWI000000013471678B.jpg,2019,6,0.1668,0.7408,0.3256,0.2383,0.96,ANTLERLESS,YOUNG,visible,ok,False,1,stop,
765,SSWI000000024460217B.jpg,2021,10,0.58,0.6416,0.4199,0.3583,0.979,ANTLERLESS,YOUNG,visible,ok,False,1,stop,
766,SSWI000000015302620C.jpg,2019,9,0.6293,0.8033,0.3112,0.1949,0.956,ANTLERLESS,YOUNG,visible,ok,False,1,stop,
767,SSWI000000031774422A.jpg,2023,8,0.4318,0.44,0.2968,0.3708,0.972,ANTLERLESS,YOUNG,visible,ok,False,1,stop,
768,SSWI000000009569300A.jpg,2018,7,0.0,0.5825,0.4912,0.4166,0.97,ANTLERLESS,YOUNG,visible,ok,False,1,stop,
769,SSWI000000019906567C.jpg,2020,8,0.6075,0.6058,0.3656,0.3908,0.97,ANTLERLESS,YOUNG,visible,ok,False,1,stop,
770,SSWI000000014347002B.jpg,2019,7,0.4212,0.3808,0.3087,0.4141,0.951,ANTLERLESS,YOUNG,visible,ok,False,1,stop,
771,SSWI000000027912327C.jpg,2022,9,0.0,0.4824,0.1962,0.305,0.953,ANTLERLESS,YOUNG,visible,ok,False,1,stop,
772,SSWI000000027937711C.jpg,2022,6,0.0,0.7924,0.2599,0.2049,0.965,ANTLERLESS,YOUNG,not_visible,ok,False,1,stop,
773,SSWI000000010327762C.jpg,2018,8,0.3362,0.5908,0.1631,0.2099,0.955,ANTLERLESS,YOUNG,visible,ok,False,1,stop,
774,SSWI000000015049743B.jpg,2019,8,0.1062,0.3658,0.1543,0.3358,0.972,ANTLERLESS,YOUNG,visible,ok,False,1,stop,
775,SSWI000000018786907A.jpg,2020,9,0.0,0.4308,0.3737,0.5683,0.973,ANTLERLESS,YOUNG,visible,ok,False,1,stop,
776,SSWI000000031594614C.jpg,2023,8,0.215,0.5275,0.115,0.2558,0.956,ANTLERLESS,YOUNG,not_visible,ok,False,1,stop,
777,SSWI000000010210702C.jpg,2018,8,0.5243,0.006666,0.4756,0.9491,0.991,ANTLERLESS,YOUNG,visible,ok,False,1,stop,
778,SSWI000000027912160B.jpg,2022,8,0.5799,0.5375,0.2543,0.2633,0.955,ANTLERLESS,YOUNG,visible,ok,False,1,stop,
779,SSWI000000027876766B.jpg,2022,7,0.2887,0.5808,0.2906,0.2233,0.954,ANTLERLESS,YOUNG,visible,ok,False,1,stop,
780,SSWI000000019187939A.jpg,2020,7,0.3549,0.5233,0.3406,0.4558,0.953,ANTLERLESS,YOUNG,visible,ok,False,1,stop,
781,SSWI000000023480239C.jpg,2021,8,0.5087,0.6124,0.2018,0.3375,0.962,ANTLERLESS,YOUNG,visible,ok,False,1,stop,
782,SSWI000000027911242B.jpg,2022,9,0.4312,0.7174,0.5687,0.2791,0.98,ANTLERLESS,YOUNG,visible,ok,False,1,stop,
783,SSWI000000027064178A.jpg,2022,7,0.1587,0.4466,0.1993,0.4124,0.956,ANTLERLESS,YOUNG,visible,ok,False,1,stop,
784,SSWI000000008397193A.jpg,2018,3,0.2193,0.66,0.3925,0.3375,0.986,ANTLERLESS,YOUNG,visible,ok,False,1,stop,
785,SSWI000000010476149C.jpg,2018,8,0.2412,0.7333,0.2437,0.2633,0.977,ANTLERLESS,YOUNG,visible,ok,False,1,stop,
786,SSWI000000023585411A.jpg,2021,8,0.1206,0.5758,0.5637,0.4241,0.967,ANTLERLESS,YOUNG,visible,ok,False,1,stop,
787,SSWI000000012449091C.jpg,2018,12,0.7587,0.27,0.1474,0.5433,0.964,ANTLERLESS,YOUNG,visible,ok,False,1,stop,
788,SSWI000000023480275A.jpg,2021,8,0.2325,0.6474,0.3918,0.3499,0.98,ANTLERLESS,YOUNG,visible,ok,False,1,stop,
789,SSWI000000031326609B.jpg,2023,7,0.0,0.7858,0.3212,0.2141,0.967,ANTLERLESS,YOUNG,visible,ok,False,1,stop,
790,SSWI000000029375353B.jpg,2022,12,0.0,0.4391,0.2624,0.2425,0.978,ANTLERLESS,YOUNG,visible,ok,False,1,stop,
791,SSWI000000014292194B.jpg,2019,7,0.6493,0.4891,0.2175,0.3891,0.956,ANTLERLESS,YOUNG,visible,ok,False,1,stop,
792,SSWI000000018999024C.jpg,2020,6,0.6725,0.8025,0.2668,0.1975,0.956,ANTLERLESS,YOUNG,visible,ok,False,1,stop,
793,SSWI000000010476095C.jpg,2018,8,0.5462,0.7291,0.3056,0.2683,0.958,ANTLERLESS,YOUNG,visible,ok,False,1,stop,
794,SSWI000000014375401C.jpg,2019,7,0.7512,0.3616,0.2487,0.2824,0.967,ANTLERLESS,YOUNG,visible,ok,False,1,stop,
795,SSWI000000028528305C.jpg,2022,8,0.5024,0.7158,0.3274,0.2816,0.963,ANTLERLESS,YOUNG,visible,ok,False,1,stop,
796,SSWI000000024456334A.jpg,2021,11,0.3112,0.5433,0.305,0.3108,0.968,ANTLERLESS,YOUNG,visible,ok,False,1,stop,
797,SSWI000000027714976A.jpg,2022,7,0.4981,0.7908,0.2918,0.2074,0.96,ANTLERLESS,YOUNG,visible,ok,False,1,stop,
798,SSWI000000010481347B.jpg,2018,7,0.0,0.5416,0.2856,0.4541,0.983,ANTLERLESS,YOUNG,visible,ok,False,1,stop,
799,SSWI000000029375364C.jpg,2022,12,0.7493,0.4375,0.1181,0.1641,0.972,ANTLERLESS,YOUNG,visible,ok,False,1,stop,
800,SSWI000000020366366C.jpg,2020,7,0.52,0.71,0.1656,0.2866,0.961,ANTLERLESS,YOUNG,visible,ok,False,1,stop,
801,SSWI000000014962366C.jpg,2019,8,0.3968,0.4708,0.1387,0.1958,0.956,ANTLERLESS,YOUNG,visible,ok,False,1,stop,
802,SSWI000000010479500B.jpg,2018,8,0.7956,0.3358,0.1112,0.2816,0.956,ANTLERLESS,YOUNG,visible,ok,False,1,stop,
803,SSWI000000027304915A.jpg,2022,8,0.6387,0.7275,0.3612,0.27,0.964,ANTLERLESS,YOUNG,visible,ok,False,1,stop,
804,SSWI000000014292584A.jpg,2019,7,0.5049,0.5858,0.495,0.3283,0.953,ANTLERLESS,YOUNG,visible,ok,False,1,stop,
805,SSWI000000024460217C.jpg,2021,10,0.5531,0.6458,0.4468,0.3541,0.984,ANTLERLESS,YOUNG,visible,ok,False,1,stop,
806,SSWI000000014648045B.jpg,2019,7,0.1787,0.6575,0.5006,0.3408,0.972,ANTLERLESS,YOUNG,visible,ok,False,1,stop,
807,SSWI000000024619729A.jpg,2021,9,0.05437,0.3766,0.2975,0.62,0.97,ANTLERLESS,YOUNG,visible,ok,False,1,stop,
808,SSWI000000027912163C.jpg,2022,8,0.3031,0.5241,0.3075,0.2941,0.973,ANTLERLESS,YOUNG,visible,ok,False,1,stop,
809,SSWI000000009533132A.jpg,2018,7,0.4349,0.68,0.3993,0.3191,0.982,ANTLERLESS,YOUNG,visible,ok,False,1,stop,
810,SSWI000000009835756B.jpg,2018,8,0.5662,0.65,0.3131,0.3491,0.951,ANTLERLESS,YOUNG,visible,ok,False,1,stop,
811,SSWI000000011058255C.jpg,2018,8,0.02312,0.5683,0.3456,0.2883,0.954,ANTLERLESS,YOUNG,visible,ok,False,1,stop,
812,SSWI000000014648139B.jpg,2019,8,0.3693,0.5483,0.3437,0.4483,0.972,ANTLERLESS,YOUNG,visible,ok,False,1,stop,
813,SSWI000000009704731A.jpg,2018,7,0.5181,0.3258,0.4818,0.6733,0.966,ANTLERLESS,YOUNG,visible,ok,False,1,stop,
814,SSWI000000014962036C.jpg,2019,7,0.44,0.5574,0.2631,0.305,0.954,ANTLERLESS,YOUNG,visible,ok,False,1,stop,
815,SSWI000000027912213A.jpg,2022,8,0.6293,0.5933,0.2687,0.2216,0.961,ANTLERLESS,YOUNG,visible,ok,False,1,stop,
816,SSWI000000027675710A.jpg,2022,8,0.8368,0.6216,0.1237,0.1916,0.951,ANTLERLESS,YOUNG,visible,ok,False,1,stop,
817,SSWI000000032392420A.jpg,2023,7,0.4087,0.6808,0.1981,0.3166,0.962,ANTLERLESS,YOUNG,visible,ok,False,1,stop,
818,SSWI000000027733451A.jpg,2022,7,0.2962,0.555,0.5306,0.4441,0.953,ANTLERLESS,YOUNG,visible,ok,False,1,stop,
819,SSWI000000027294180C.jpg,2022,6,0.5074,0.6075,0.3262,0.3883,0.974,ANTLERLESS,YOUNG,visible,ok,False,1,stop,
820,SSWI000000014921746C.jpg,2019,9,0.3168,0.6458,0.6831,0.3533,0.967,ANTLERLESS,YOUNG,visible,ok,False,1,stop,
821,SSWI000000024102349C.jpg,2021,9,0.4506,0.5241,0.5493,0.4724,0.98,ANTLERLESS,YOUNG,visible,ok,False,1,stop,
822,SSWI000000014843325B.jpg,2019,8,0.8281,0.5525,0.1087,0.2091,0.962,ANTLERLESS,YOUNG,visible,ok,False,1,stop,
823,SSWI000000015049949C.jpg,2019,7,0.2425,0.2666,0.3,0.4416,0.957,ANTLERLESS,YOUNG,visible,ok,False,1,stop,
824,SSWI000000023594800C.jpg,2021,9,0.5525,0.5699,0.1818,0.4291,0.968,ANTLERLESS,YOUNG,visible,ok,False,1,stop,
825,SSWI000000028783432C.jpg,2022,8,0.5324,0.4908,0.455,0.5058,0.981,ANTLERLESS,YOUNG,visible,ok,False,1,stop,
826,SSWI000000023092399B.jpg,2020,8,0.1806,0.5358,0.5593,0.4633,0.979,ANTLERLESS,YOUNG,visible,ok,False,1,stop,
827,SSWI000000014851657B.jpg,2019,7,0.3831,0.6333,0.31,0.3641,0.976,ANTLERLESS,YOUNG,visible,ok,False,1,stop,
828,SSWI000000021386175B.jpg,2021,1,0.4787,0.4316,0.1225,0.2941,0.953,ANTLERLESS,YOUNG,visible,ok,False,1,stop,
829,SSWI000000024102349B.jpg,2021,9,0.5881,0.5133,0.4118,0.4824,0.973,ANTLERLESS,YOUNG,visible,ok,False,1,stop,
830,SSWI000000032462111B.jpg,2023,8,0.1449,0.545,0.2537,0.2683,0.973,ANTLERLESS,YOUNG,visible,ok,False,1,stop,
831,SSWI000000033193822A.jpg,2023,10,0.0,0.4441,0.6037,0.5525,0.98,ANTLERLESS,YOUNG,visible,ok,False,1,stop,
832,SSWI000000032298796C.jpg,2023,7,0.05625,0.5658,0.6712,0.4316,0.981,ANTLERLESS,YOUNG,visible,ok,False,1,stop,
833,SSWI000000019476817A.jpg,2020,9,0.1168,0.6191,0.4412,0.3791,0.975,ANTLERLESS,YOUNG,visible,ok,False,1,stop,
834,SSWI000000014962410A.jpg,2019,9,0.4356,0.6625,0.4168,0.3341,0.954,ANTLERLESS,YOUNG,visible,ok,False,1,stop,
835,SSWI000000013914779B.jpg,2019,7,0.4087,0.5616,0.1975,0.3566,0.967,ANTLERLESS,YOUNG,visible,ok,False,1,stop,
836,SSWI000000033256765C.jpg,2023,8,0.1862,0.7183,0.1924,0.2816,0.973,ANTLERLESS,YOUNG,visible,ok,False,1,stop,
837,SSWI000000014648118A.jpg,2019,8,0.4968,0.5533,0.1274,0.4449,0.95,ANTLERLESS,YOUNG,not_visible,ok,False,1,stop,
838,SSWI000000030689943B.jpg,2023,3,0.07749,0.5908,0.5393,0.4066,0.969,ANTLERLESS,YOUNG,visible,ok,False,1,stop,
839,SSWI000000026147710C.jpg,2022,3,0.2256,0.7775,0.3231,0.2208,0.955,ANTLERLESS,YOUNG,visible,ok,False,1,stop,
840,SSWI000000027064177C.jpg,2022,7,0.1699,0.5533,0.2318,0.305,0.965,ANTLERLESS,YOUNG,visible,ok,False,1,stop,
841,SSWI000000010719828B.jpg,2018,8,0.5393,0.8541,0.2012,0.1458,0.956,ANTLERLESS,YOUNG,visible,ok,False,1,stop,
842,SSWI000000018009074A.jpg,2019,8,0.5543,0.6416,0.1643,0.3558,0.962,ANTLERLESS,YOUNG,visible,ok,False,1,stop,
843,SSWI000000010476152B.jpg,2018,8,0.2874,0.8191,0.1487,0.1783,0.951,ANTLERLESS,YOUNG,not_visible,ok,False,1,stop,
844,SSWI000000023969518A.jpg,2021,8,0.6525,0.3566,0.2262,0.54,0.97,ANTLERLESS,YOUNG,visible,ok,False,1,stop,
845,SSWI000000028676758A.jpg,2022,8,0.0,0.5816,0.2456,0.4183,0.953,ANTLERLESS,YOUNG,visible,ok,False,1,stop,
846,SSWI000000032382034B.jpg,2023,7,0.0725,0.7583,0.5587,0.2408,0.976,ANTLERLESS,YOUNG,visible,ok,False,1,stop,
847,SSWI000000023014877B.jpg,2021,7,0.2512,0.5191,0.665,0.4799,0.973,ANTLERLESS,YOUNG,visible,ok,False,1,stop,
848,SSWI000000020481133A.jpg,2020,12,0.4625,0.6716,0.1431,0.3249,0.969,ANTLERLESS,YOUNG,visible,ok,False,1,stop,
849,SSWI000000009678497B.jpg,2018,7,0.3575,0.7766,0.2899,0.2224,0.969,ANTLERLESS,YOUNG,visible,ok,False,1,stop,
850,SSWI000000018918493C.jpg,2020,8,0.6699,0.6225,0.33,0.375,0.975,ANTLERLESS,YOUNG,visible,ok,False,1,stop,
851,SSWI000000019431015C.jpg,2020,9,0.1974,0.7541,0.4793,0.2433,0.974,ANTLERLESS,YOUNG,visible,ok,False,1,stop,
852,SSWI000000014714457B.jpg,2019,6,0.6906,0.7191,0.2662,0.2791,0.97,ANTLERLESS,YOUNG,visible,ok,False,1,stop,
853,SSWI000000014962104A.jpg,2019,7,0.2124,0.5266,0.2068,0.2408,0.957,ANTLERLESS,YOUNG,visible,ok,False,1,stop,
854,SSWI000000010479620C.jpg,2018,8,0.7687,0.3641,0.1581,0.3524,0.958,ANTLERLESS,YOUNG,visible,ok,False,1,stop,
855,SSWI000000014648134B.jpg,2019,8,0.7987,0.5275,0.1093,0.2608,0.95,ANTLERLESS,YOUNG,visible,ok,False,1,stop,
856,SSWI000000009744788A.jpg,2018,7,0.0,0.595,0.2068,0.1941,0.956,ANTLERLESS,YOUNG,visible,ok,False,1,stop,
857,SSWI000000032461545B.jpg,2023,7,0.005625,0.7766,0.6631,0.2216,0.969,ANTLERLESS,YOUNG,visible,ok,False,1,stop,
858,SSWI000000015302621B.jpg,2019,9,0.2968,0.7966,0.2506,0.2008,0.976,ANTLERLESS,YOUNG,visible,ok,False,1,stop,
859,SSWI000000008397090A.jpg,2018,2,0.61,0.555,0.09499,0.1458,0.951,ANTLERLESS,YOUNG,visible,ok,False,1,stop,
860,SSWI000000014790473B.jpg,2019,8,0.25,0.3883,0.1949,0.2425,0.967,ANTLERLESS,YOUNG,visible,ok,False,1,stop,
861,SSWI000000020538730C.jpg,2021,1,0.3074,0.6133,0.1687,0.1483,0.954,ANTLERLESS,YOUNG,visible,ok,False,1,stop,
862,SSWI000000014375399A.jpg,2019,7,0.2818,0.2599,0.1531,0.4416,0.96,ANTLERLESS,YOUNG,visible,ok,False,1,stop,
863,SSWI000000023480241A.jpg,2021,8,0.0,0.7458,0.1168,0.25,0.959,ANTLERLESS,YOUNG,visible,ok,False,1,stop,
864,SSWI000000027912165C.jpg,2022,8,0.1425,0.5158,0.3224,0.3583,0.964,ANTLERLESS,YOUNG,visible,ok,False,1,stop,
865,SSWI000000019480836C.jpg,2020,9,0.4618,0.6375,0.1931,0.3566,0.959,ANTLERLESS,YOUNG,visible,ok,False,1,stop,
866,SSWI000000018918406A.jpg,2020,8,0.2649,0.4874,0.1675,0.1916,0.952,ANTLERLESS,YOUNG,visible,ok,False,1,stop,
867,SSWI000000023969463A.jpg,2021,7,0.0,0.4141,0.2781,0.3083,0.969,ANTLERLESS,YOUNG,visible,ok,False,1,stop,
868,SSWI000000010209735A.jpg,2018,8,0.5087,0.4641,0.2062,0.2316,0.95,ANTLERLESS,YOUNG,visible,ok,False,1,stop,
869,SSWI000000031371441C.jpg,2023,6,0.8862,0.3741,0.1112,0.2591,0.959,ANTLERLESS,YOUNG,visible,ok,False,1,stop,
870,SSWI000000018768656B.jpg,2020,8,0.1343,0.3683,0.5187,0.6283,0.982,ANTLERLESS,YOUNG,visible,ok,False,1,stop,
871,SSWI000000024619819A.jpg,2021,9,0.7056,0.7666,0.2943,0.2333,0.962,ANTLERLESS,YOUNG,not_visible,ok,False,1,stop,
872,SSWI000000024183167C.jpg,2021,9,0.01,0.25,0.3343,0.3583,0.97,ANTLERLESS,YOUNG,visible,ok,False,1,stop,
873,SSWI000000031590708C.jpg,2023,7,0.6306,0.5374,0.1987,0.23,0.958,ANTLERLESS,YOUNG,visible,ok,False,1,stop,
874,SSWI000000021386185C.jpg,2021,2,0.0006249,0.475,0.4243,0.5216,0.979,ANTLERLESS,YOUNG,not_visible,ok,False,1,stop,
875,SSWI000000027912169A.jpg,2022,8,0.0,0.5716,0.3762,0.4266,0.979,ANTLERLESS,YOUNG,visible,ok,False,1,stop,
876,SSWI000000009704903C.jpg,2018,8,0.7556,0.425,0.2443,0.5741,0.968,ANTLERLESS,YOUNG,visible,ok,False,1,stop,
877,SSWI000000020236822A.jpg,2020,9,0.4993,0.5324,0.5006,0.4666,0.978,ANTLERLESS,YOUNG,visible,ok,False,1,stop,
878,SSWI000000028544980A.jpg,2022,8,0.03187,0.6691,0.2531,0.3308,0.958,ANTLERLESS,YOUNG,visible,ok,False,1,stop,
879,SSWI000000031702465B.jpg,2023,8,0.2125,0.7458,0.3362,0.2516,0.973,ANTLERLESS,YOUNG,visible,ok,False,1,stop,
880,SSWI000000018918310A.jpg,2020,7,0.7224,0.5324,0.2775,0.18,0.964,ANTLERLESS,YOUNG,visible,ok,False,1,stop,
881,SSWI000000010476036B.jpg,2018,7,0.05937,0.655,0.3362,0.3425,0.976,ANTLERLESS,YOUNG,visible,ok,False,1,stop,
882,SSWI000000010481359B.jpg,2018,7,0.1243,0.4683,0.2143,0.5291,0.969,ANTLERLESS,YOUNG,visible,ok,False,1,stop,
883,SSWI000000010828048B.jpg,2018,8,0.01187,0.6633,0.5268,0.3333,0.975,ANTLERLESS,YOUNG,visible,ok,False,1,stop,
884,SSWI000000013778459A.jpg,2019,7,0.1912,0.3341,0.2249,0.3025,0.969,ANTLERLESS,YOUNG,visible,ok,False,1,stop,
885,SSWI000000009745082C.jpg,2018,6,0.1918,0.6708,0.3531,0.2891,0.955,ANTLERLESS,YOUNG,visible,ok,False,1,stop,
886,SSWI000000033256764C.jpg,2023,8,0.3562,0.6674,0.2456,0.33,0.973,ANTLERLESS,YOUNG,visible,ok,False,1,stop,
887,SSWI000000033587173C.jpg,2023,7,0.4568,0.5758,0.2862,0.4225,0.959,ANTLERLESS,YOUNG,visible,ok,False,1,stop,
888,SSWI000000027761303C.jpg,2022,8,0.7774,0.58,0.1731,0.2425,0.963,ANTLERLESS,YOUNG,visible,ok,False,1,stop,
889,SSWI000000019187196A.jpg,2020,8,0.1668,0.4775,0.3937,0.4408,0.965,ANTLERLESS,YOUNG,visible,ok,False,1,stop,
890,SSWI000000015303130B.jpg,2019,9,0.5262,0.7783,0.1512,0.2183,0.961,ANTLERLESS,YOUNG,not_visible,ok,False,1,stop,
891,SSWI000000032382106C.jpg,2023,8,0.6556,0.5024,0.1006,0.2766,0.954,ANTLERLESS,YOUNG,visible,ok,False,1,stop,
892,SSWI000000020481081C.jpg,2020,11,0.41,0.5466,0.5043,0.4524,0.979,ANTLERLESS,YOUNG,visible,ok,False,1,stop,
893,SSWI000000034003631B.jpg,2023,12,0.4962,0.6958,0.31,0.3008,0.973,ANTLERLESS,YOUNG,visible,ok,False,1,stop,
894,SSWI000000010828179A.jpg,2018,9,0.5012,0.7141,0.2812,0.2833,0.974,ANTLERLESS,YOUNG,visible,ok,False,1,stop,
895,SSWI000000023100114C.jpg,2021,8,0.0,0.5608,0.5068,0.4375,0.975,ANTLERLESS,YOUNG,visible,ok,False,1,stop,
896,SSWI000000010478519B.jpg,2018,7,0.2831,0.3933,0.2199,0.2166,0.962,ANTLERLESS,YOUNG,visible,ok,False,1,stop,
897,SSWI000000010476077C.jpg,2018,8,0.0,0.7524,0.6381,0.245,0.982,ANTLERLESS,YOUNG,visible,ok,False,1,stop,
898,SSWI000000015541388B.jpg,2019,10,0.2725,0.4241,0.1637,0.4458,0.964,ANTLERLESS,YOUNG,visible,ok,False,1,stop,
899,SSWI000000015444799B.jpg,2019,10,0.0,0.6383,0.2443,0.3591,0.979,ANTLERLESS,YOUNG,visible,ok,False,1,stop,
900,SSWI000000019152391A.jpg,2020,9,0.6731,0.5308,0.2937,0.2425,0.971,ANTLERLESS,YOUNG,visible,ok,False,1,stop,
901,SSWI000000031590709C.jpg,2023,7,0.2531,0.5933,0.3362,0.2591,0.96,ANTLERLESS,YOUNG,visible,ok,False,1,stop,
902,SSWI000000015541388C.jpg,2019,10,0.2731,0.4316,0.15,0.5116,0.968,ANTLERLESS,YOUNG,visible,ok,False,1,stop,
903,SSWI000000023421934C.jpg,2021,8,0.02312,0.4399,0.3799,0.3691,0.972,ANTLERLESS,YOUNG,visible,ok,False,1,stop,
904,SSWI000000024640873C.jpg,2021,8,0.04749,0.6658,0.495,0.3333,0.952,ANTLERLESS,YOUNG,not_visible,ok,False,1,stop,
905,SSWI000000027912468B.jpg,2022,9,0.1362,0.6633,0.4524,0.335,0.963,ANTLERLESS,YOUNG,not_visible,ok,False,1,stop,
906,SSWI000000027542800A.jpg,2022,8,0.1537,0.6191,0.25,0.2549,0.958,ANTLERLESS,YOUNG,visible,ok,False,1,stop,
907,SSWI000000010857936C.jpg,2018,8,0.0,0.7233,0.2168,0.2741,0.977,ANTLERLESS,YOUNG,visible,ok,False,1,stop,
908,SSWI000000024692265B.jpg,2021,6,0.6293,0.7033,0.3706,0.2941,0.977,ANTLERLESS,YOUNG,visible,ok,False,1,stop,
909,SSWI000000019560478C.jpg,2020,9,0.1237,0.6466,0.5112,0.3516,0.974,ANTLERLESS,YOUNG,visible,ok,False,1,stop,
910,SSWI000000023275568A.jpg,2021,8,0.0,0.5808,0.1693,0.4183,0.959,ANTLERLESS,YOUNG,visible,ok,False,1,stop,
911,SSWI000000018768694A.jpg,2020,8,0.06749,0.5558,0.1756,0.4433,0.96,ANTLERLESS,YOUNG,not_visible,ok,False,1,stop,
912,SSWI000000015012648C.jpg,2019,8,0.01187,0.3416,0.4112,0.4,0.971,ANTLERLESS,YOUNG,visible,ok,False,1,stop,
913,SSWI000000027869775B.jpg,2022,9,0.3543,0.4424,0.4206,0.5541,0.98,ANTLERLESS,YOUNG,visible,ok,False,1,stop,
914,SSWI000000010190710B.jpg,2018,9,0.6081,0.6516,0.3731,0.3091,0.972,ANTLERLESS,YOUNG,visible,ok,False,1,stop,
915,SSWI000000027912295B.jpg,2022,9,0.345,0.4933,0.1418,0.3516,0.963,ANTLERLESS,YOUNG,visible,ok,False,1,stop,
916,SSWI000000031371522A.jpg,2023,6,0.0425,0.4566,0.2524,0.3233,0.952,ANTLERLESS,YOUNG,visible,ok,False,1,stop,
917,SSWI000000027588701C.jpg,2022,8,0.3368,0.7808,0.1406,0.2183,0.961,ANTLERLESS,YOUNG,not_visible,ok,False,1,stop,
918,SSWI000000023787455B.jpg,2021,8,0.7849,0.3566,0.215,0.4008,0.963,ANTLERLESS,YOUNG,visible,ok,False,1,stop,
919,SSWI000000027380202C.jpg,2022,7,0.0,0.7824,0.2112,0.2166,0.959,ANTLERLESS,YOUNG,visible,ok,False,1,stop,
920,SSWI000000024102107B.jpg,2021,8,0.5506,0.5158,0.2793,0.3224,0.964,ANTLERLESS,YOUNG,visible,ok,False,1,stop,
921,SSWI000000013742865B.jpg,2019,7,0.8224,0.7408,0.1774,0.2574,0.954,ANTLERLESS,YOUNG,visible,ok,False,1,stop,
922,SSWI000000015444559C.jpg,2019,8,0.3543,0.7866,0.335,0.2133,0.966,ANTLERLESS,YOUNG,visible,ok,False,1,stop,
923,SSWI000000010894060C.jpg,2018,9,0.0,0.5458,0.3912,0.4516,0.978,ANTLERLESS,YOUNG,visible,ok,False,1,stop,
924,SSWI000000015479741A.jpg,2019,8,0.0,0.5933,0.5637,0.405,0.979,ANTLERLESS,YOUNG,visible,ok,False,1,stop,
925,SSWI000000017591912B.jpg,2020,6,0.4481,0.7833,0.4737,0.215,0.951,ANTLERLESS,YOUNG,not_visible,ok,False,1,stop,
926,SSWI000000027542908B.jpg,2022,8,0.4212,0.5366,0.1543,0.1741,0.953,ANTLERLESS,YOUNG,visible,ok,False,1,stop,
927,SSWI000000027912206C.jpg,2022,8,0.7512,0.5508,0.17,0.2908,0.956,ANTLERLESS,YOUNG,visible,ok,False,1,stop,
928,SSWI000000025101641B.jpg,2021,7,0.5968,0.7099,0.3443,0.2891,0.977,ANTLERLESS,YOUNG,visible,ok,False,1,stop,
929,SSWI000000024183171C.jpg,2021,9,0.4237,0.1733,0.4768,0.6458,0.97,ANTLERLESS,YOUNG,visible,ok,False,1,stop,
930,SSWI000000021386147C.jpg,2021,1,0.4393,0.4808,0.1724,0.2016,0.952,ANTLERLESS,YOUNG,visible,ok,False,1,stop,
931,SSWI000000021618702B.jpg,2021,3,0.3087,0.5691,0.4018,0.3458,0.953,ANTLERLESS,YOUNG,visible,ok,False,1,stop,
932,SSWI000000014843290C.jpg,2019,8,0.5568,0.5524,0.4431,0.4449,0.982,ANTLERLESS,YOUNG,visible,ok,False,1,stop,
933,SSWI000000010543034C.jpg,2018,9,0.1937,0.6458,0.3412,0.3541,0.962,ANTLERLESS,YOUNG,visible,ok,False,1,stop,
934,SSWI000000008397331B.jpg,2018,4,0.0,0.5725,0.1812,0.2216,0.977,ANTLERLESS,YOUNG,visible,ok,False,1,stop,
935,SSWI000000010476033A.jpg,2018,7,0.05437,0.6574,0.335,0.34,0.975,ANTLERLESS,YOUNG,visible,ok,False,1,stop,
936,SSWI000000023482140B.jpg,2021,7,0.2987,0.6258,0.1218,0.2966,0.963,ANTLERLESS,YOUNG,visible,ok,False,1,stop,
937,SSWI000000032702741B.jpg,2023,8,0.7968,0.3291,0.2031,0.6641,0.976,ANTLERLESS,YOUNG,visible,ok,False,1,stop,
938,SSWI000000014962374B.jpg,2019,8,0.6418,0.4808,0.2668,0.4066,0.964,ANTLERLESS,YOUNG,visible,ok,False,1,stop,
939,SSWI000000018883934A.jpg,2020,8,0.1468,0.5208,0.3831,0.2991,0.955,ANTLERLESS,YOUNG,visible,ok,False,1,stop,
940,SSWI000000032382155B.jpg,2023,8,0.7399,0.5408,0.2262,0.245,0.952,ANTLERLESS,YOUNG,visible,ok,False,1,stop,
941,SSWI000000027912324A.jpg,2022,9,0.7293,0.545,0.2706,0.3274,0.978,ANTLERLESS,YOUNG,visible,ok,False,1,stop,
942,SSWI000000027603524A.jpg,2022,7,0.0,0.5591,0.3412,0.4383,0.98,ANTLERLESS,YOUNG,visible,ok,False,1,stop,
943,SSWI000000032227317A.jpg,2023,7,0.4493,0.6391,0.4256,0.3608,0.963,ANTLERLESS,YOUNG,visible,ok,False,1,stop,
944,SSWI000000028544700C.jpg,2022,6,0.6931,0.6575,0.2018,0.3425,0.961,ANTLERLESS,YOUNG,visible,ok,False,1,stop,
945,SSWI000000014293386B.jpg,2019,8,0.0,0.5966,0.1393,0.4025,0.961,ANTLERLESS,YOUNG,visible,ok,False,1,stop,
946,SSWI000000023275566B.jpg,2021,8,0.0675,0.5233,0.23,0.3916,0.957,ANTLERLESS,YOUNG,visible,ok,False,1,stop,
947,SSWI000000009482587C.jpg,2018,6,0.5156,0.4575,0.25,0.2224,0.953,ANTLERLESS,YOUNG,visible,ok,False,1,stop,
948,SSWI000000013631026C.jpg,2019,4,0.0,0.4541,0.2243,0.545,0.971,ANTLERLESS,YOUNG,visible,ok,False,1,stop,
949,SSWI000000024794304C.jpg,2021,10,0.1543,0.6258,0.1481,0.3716,0.958,ANTLERLESS,YOUNG,visible,ok,False,1,stop,
950,SSWI000000010877155B.jpg,2018,7,0.04999,0.72,0.2956,0.2766,0.972,ANTLERLESS,YOUNG,visible,ok,False,1,stop,
951,SSWI000000009956746C.jpg,2018,7,0.575,0.5841,0.2893,0.4133,0.965,ANTLERLESS,YOUNG,visible,ok,False,1,stop,
952,SSWI000000018922856C.jpg,2020,8,0.5862,0.3125,0.3118,0.6183,0.956,ANTLERLESS,YOUNG,visible,ok,False,1,stop,
953,SSWI000000010562323B.jpg,2018,7,0.0,0.7491,0.5181,0.2508,0.959,ANTLERLESS,YOUNG,visible,ok,False,1,stop,
954,SSWI000000033395321C.jpg,2023,11,0.0,0.5308,0.915,0.4666,0.977,ANTLERLESS,YOUNG,visible,ok,False,1,stop,
955,SSWI000000023421804A.jpg,2021,8,0.13,0.6324,0.7331,0.3666,0.974,ANTLERLESS,YOUNG,visible,ok,False,1,stop,
956,SSWI000000014844015B.jpg,2019,8,0.0,0.7716,0.3612,0.2275,0.956,ANTLERLESS,YOUNG,visible,ok,False,1,stop,
957,SSWI000000023480273C.jpg,2021,8,0.3768,0.6208,0.3193,0.3766,0.982,ANTLERLESS,YOUNG,visible,ok,False,1,stop,
958,SSWI000000020301032C.jpg,2020,8,0.265,0.6258,0.3462,0.3725,0.978,ANTLERLESS,YOUNG,visible,ok,False,1,stop,
959,SSWI000000010595518A.jpg,2018,9,0.0,0.6258,0.2287,0.3733,0.975,ANTLERLESS,YOUNG,visible,ok,False,1,stop,
960,SSWI000000032392492C.jpg,2023,8,0.08312,0.5416,0.2175,0.2108,0.956,ANTLERLESS,YOUNG,visible,ok,False,1,stop,
961,SSWI000000032392505A.jpg,2023,8,0.0,0.5658,0.3837,0.3116,0.952,ANTLERLESS,YOUNG,visible,ok,False,1,stop,
962,SSWI000000010481348A.jpg,2018,7,0.0,0.7608,0.2356,0.2366,0.956,ANTLERLESS,YOUNG,not_visible,ok,False,1,stop,
963,SSWI000000027912115C.jpg,2022,8,0.0,0.4625,0.6362,0.5333,0.963,ANTLERLESS,YOUNG,visible,ok,False,1,stop,
964,SSWI000000009830319C.jpg,2018,7,0.7856,0.6558,0.2143,0.3408,0.97,ANTLERLESS,YOUNG,visible,ok,False,1,stop,
965,SSWI000000027674087B.jpg,2022,7,0.3768,0.64,0.2918,0.3433,0.958,ANTLERLESS,YOUNG,visible,ok,False,1,stop,
966,SSWI000000032204856B.jpg,2023,9,0.4956,0.5841,0.2581,0.2441,0.963,ANTLERLESS,YOUNG,visible,ok,False,1,stop,
967,SSWI000000033292900C.jpg,2023,8,0.6087,0.6458,0.2518,0.3458,0.967,ANTLERLESS,YOUNG,visible,ok,False,1,stop,
968,SSWI000000023092360A.jpg,2021,1,0.8343,0.5541,0.1506,0.1991,0.971,ANTLERLESS,YOUNG,visible,ok,False,1,stop,
969,SSWI000000010453519C.jpg,2018,8,0.4256,0.6625,0.3931,0.3375,0.972,ANTLERLESS,YOUNG,visible,ok,False,1,stop,
970,SSWI000000024619723B.jpg,2021,9,0.5512,0.6883,0.3274,0.3083,0.974,ANTLERLESS,YOUNG,visible,ok,False,1,stop,
971,SSWI000000032461471B.jpg,2023,7,0.74,0.7908,0.2599,0.2066,0.964,ANTLERLESS,YOUNG,visible,ok,False,1,stop,
972,SSWI000000015497878C.jpg,2019,10,0.1543,0.2208,0.4062,0.7783,0.968,ANTLERLESS,YOUNG,visible,ok,False,1,stop,
973,SSWI000000013559265B.jpg,2019,7,0.02375,0.7383,0.3318,0.245,0.951,ANTLERLESS,YOUNG,visible,ok,False,1,stop,
974,SSWI000000014578542B.jpg,2019,8,0.535,0.4116,0.28,0.335,0.964,ANTLERLESS,YOUNG,visible,ok,False,1,stop,
975,SSWI000000021386188C.jpg,2021,2,0.1281,0.4941,0.4606,0.5024,0.984,ANTLERLESS,YOUNG,visible,ok,False,1,stop,
976,SSWI000000015087657B.jpg,2019,10,0.5474,0.6291,0.3243,0.3166,0.964,ANTLERED,ADULT,visible,ok,False,1,stop,
977,SSWI000000020364593A.jpg,2019,12,0.0,0.6549,0.2624,0.3416,0.98,ANTLERED,ADULT,not_visible,ok,False,1,stop,
978,SSWI000000031680244B.jpg,2023,7,0.495,0.2974,0.5049,0.5191,0.963,ANTLERED,ADULT,visible,ok,False,1,stop,
979,SSWI000000018383197B.jpg,2020,5,0.0,0.3116,0.365,0.6875,0.962,ANTLERED,ADULT,not_visible,ok,False,1,stop,
980,SSWI000000024773023C.jpg,2021,11,0.6712,0.6408,0.2725,0.2599,0.953,ANTLERED,ADULT,visible,ok,False,1,stop,
981,SSWI000000020365082A.jpg,2019,12,0.3743,0.6541,0.09562,0.2058,0.963,ANTLERED,ADULT,visible,ok,False,1,stop,
982,SSWI000000024641077C.jpg,2021,11,0.6862,0.2875,0.2856,0.4033,0.952,ANTLERED,ADULT,visible,ok,False,1,stop,
983,SSWI000000033322509A.jpg,2023,10,0.2881,0.6124,0.31,0.3841,0.957,ANTLERED,ADULT,visible,ok,False,1,stop,
984,SSWI000000023100138A.jpg,2021,8,0.6812,0.2958,0.3187,0.6899,0.954,ANTLERED,ADULT,visible,ok,False,1,stop,
985,SSWI000000017433385A.jpg,2020,4,0.2656,0.5391,0.4068,0.4575,0.98,ANTLERED,ADULT,visible,ok,False,1,stop,
986,SSWI000000010984874B.jpg,2018,11,0.4506,0.6241,0.3524,0.3375,0.972,ANTLERED,ADULT,visible,ok,False,1,stop,
987,SSWI000000033258516B.jpg,2023,10,0.07374,0.6283,0.37,0.2783,0.957,ANTLERED,ADULT,visible,ok,False,1,stop,
988,SSWI000000015901638A.jpg,2019,11,0.3487,0.495,0.46,0.5016,0.98,ANTLERED,ADULT,visible,ok,False,1,stop,
989,SSWI000000024872701C.jpg,2021,10,0.3481,0.1083,0.6512,0.6591,0.96,ANTLERED,ADULT,visible,ok,False,1,stop,
990,SSWI000000021829260C.jpg,2021,5,0.2268,0.05916,0.7724,0.8783,0.957,ANTLERED,ADULT,visible,ok,False,1,stop,
991,SSWI000000014757320B.jpg,2019,6,0.6737,0.6933,0.1943,0.2349,0.95,ANTLERED,ADULT,visible,ok,False,1,stop,
992,SSWI000000010488541A.jpg,2018,9,0.3062,0.4199,0.1656,0.2358,0.957,ANTLERED,ADULT,visible,ok,False,1,stop,
993,SSWI000000034183929C.jpg,2023,12,0.4675,0.6391,0.2374,0.3566,0.959,ANTLERED,ADULT,visible,ok,False,1,stop,
994,SSWI000000010762271A.jpg,2018,10,0.2843,0.0875,0.7137,0.7108,0.976,ANTLERED,ADULT,not_visible,ok,False,1,stop,
995,SSWI000000009832073A.jpg,2018,8,0.5306,0.6725,0.37,0.3174,0.956,ANTLERED,ADULT,visible,ok,False,1,stop,
996,SSWI000000024619657A.jpg,2021,9,0.1456,0.03583,0.7062,0.9608,0.979,ANTLERED,ADULT,visible,ok,False,1,stop,
997,SSWI000000032773829A.jpg,2023,10,0.1525,0.05916,0.5456,0.5724,0.976,ANTLERED,ADULT,visible,ok,False,1,stop,
998,SSWI000000015483025A.jpg,2019,8,0.5237,0.2016,0.4762,0.6991,0.97,ANTLERED,ADULT,visible,ok,False,1,stop,
999,SSWI000000019573055B.jpg,2020,8,0.1875,0.5999,0.2849,0.2891,0.957,ANTLERED,ADULT,visible,ok,False,1,stop,
1000,SSWI000000015852437C.jpg,2019,9,0.6393,0.5258,0.2912,0.2725,0.971,ANTLERED,ADULT,visible,ok,False,1,stop,
1001,SSWI000000015862477A.jpg,2019,10,0.0,0.2233,0.2393,0.5649,0.966,ANTLERED,ADULT,not_visible,ok,False,1,stop,
1002,SSWI000000024755145B.jpg,2021,10,0.215,0.6125,0.3524,0.2533,0.97,ANTLERED,ADULT,visible,ok,False,1,stop,
1003,SSWI000000009832049B.jpg,2018,8,0.7531,0.4608,0.2468,0.4108,0.966,ANTLERED,ADULT,visible,ok,False,1,stop,
1004,SSWI000000034167140C.jpg,2023,12,0.3431,0.4666,0.3168,0.5308,0.968,ANTLERED,ADULT,visible,ok,False,1,stop,
1005,SSWI000000008503888A.jpg,2018,3,0.4037,0.5483,0.08437,0.165,0.959,ANTLERED,ADULT,visible,ok,False,1,stop,
1006,SSWI000000024333778A.jpg,2021,10,0.6212,0.6249,0.3787,0.3725,0.983,ANTLERED,ADULT,visible,ok,False,1,stop,
1007,SSWI000000015001838C.jpg,2019,6,0.6656,0.5141,0.3343,0.4666,0.951,ANTLERED,ADULT,not_visible,ok,False,1,stop,
1008,SSWI000000015698192C.jpg,2019,10,0.0,0.3441,0.5856,0.5566,0.983,ANTLERED,ADULT,visible,ok,False,1,stop,
1009,SSWI000000011265813C.jpg,2018,10,0.0275,0.3825,0.6368,0.6141,0.978,ANTLERED,ADULT,visible,ok,False,1,stop,
1010,SSWI000000010477369A.jpg,2018,8,0.2793,0.5375,0.2587,0.4608,0.982,ANTLERED,ADULT,visible,ok,False,1,stop,
1011,SSWI000000020663185B.jpg,2019,11,0.0,0.2049,0.67,0.7908,0.977,ANTLERED,ADULT,visible,ok,False,1,stop,
1012,SSWI000000022396833A.jpg,2021,6,0.4381,0.6591,0.3824,0.34,0.951,ANTLERED,ADULT,visible,ok,False,1,stop,
1013,SSWI000000010719307C.jpg,2018,10,0.4681,0.4475,0.5318,0.5483,0.985,ANTLERED,ADULT,visible,ok,False,1,stop,
1014,SSWI000000015803275B.jpg,2019,8,0.0,0.7149,0.5024,0.2824,0.969,ANTLERED,ADULT,visible,ok,False,1,stop,
1015,SSWI000000032988680B.jpg,2023,10,0.2237,0.4783,0.545,0.4441,0.965,ANTLERED,ADULT,visible,ok,False,1,stop,
1016,SSWI000000017939231B.jpg,2020,5,0.3987,0.3833,0.1862,0.5591,0.973,ANTLERED,ADULT,visible,ok,False,1,stop,
1017,SSWI000000011093415B.jpg,2018,10,0.0,0.3658,0.4068,0.5316,0.969,ANTLERED,ADULT,visible,ok,False,1,stop,
1018,SSWI000000016041575B.jpg,2019,10,0.6412,0.3291,0.3581,0.6683,0.979,ANTLERED,ADULT,visible,ok,False,1,stop,
1019,SSWI000000018837068B.jpg,2020,7,0.0,0.1983,0.5537,0.8,0.973,ANTLERED,ADULT,visible,ok,False,1,stop,
1020,SSWI000000011468172B.jpg,2018,11,0.5262,0.6516,0.1975,0.3449,0.976,ANTLERED,ADULT,visible,ok,False,1,stop,
1021,SSWI000000011185524B.jpg,2018,9,0.6481,0.6016,0.3518,0.3966,0.961,ANTLERED,ADULT,not_visible,ok,False,1,stop,
1022,SSWI000000024756558A.jpg,2021,12,0.5993,0.4191,0.1531,0.2383,0.962,ANTLERED,ADULT,visible,ok,False,1,stop,
1023,SSWI000000018791882C.jpg,2020,6,0.3137,0.3958,0.6862,0.6016,0.98,ANTLERED,ADULT,visible,ok,False,1,stop,
1024,SSWI000000025255041B.jpg,2021,11,0.0,0.4258,0.5,0.5708,0.963,ANTLERED,ADULT,visible,ok,False,1,stop,
1025,SSWI000000011220607C.jpg,2018,9,0.2918,0.4991,0.4193,0.4975,0.979,ANTLERED,ADULT,not_visible,ok,False,1,stop,
1026,SSWI000000014944838C.jpg,2019,4,0.4868,0.4249,0.2056,0.2899,0.969,ANTLERED,ADULT,visible,ok,False,1,stop,
1027,SSWI000000013079333B.jpg,2018,12,0.0,0.4933,0.3131,0.365,0.965,ANTLERED,ADULT,visible,ok,False,1,stop,
1028,SSWI000000021271025A.jpg,2020,12,0.7562,0.5191,0.2237,0.2658,0.954,ANTLERED,ADULT,visible,ok,False,1,stop,
1029,SSWI000000017375284B.jpg,2020,1,0.08749,0.6916,0.1462,0.2333,0.976,ANTLERED,ADULT,visible,ok,False,1,stop,
1030,SSWI000000031831379C.jpg,2023,5,0.5087,0.4458,0.1606,0.3166,0.952,ANTLERED,ADULT,visible,ok,False,1,stop,
1031,SSWI000000033296284C.jpg,2023,11,0.49,0.4008,0.1931,0.3158,0.954,ANTLERED,ADULT,visible,ok,False,1,stop,
1032,SSWI000000012392006B.jpg,2018,11,0.06374,0.4799,0.5012,0.4699,0.965,ANTLERED,ADULT,visible,ok,False,1,stop,
1033,SSWI000000033395328C.jpg,2023,11,0.5412,0.5566,0.3312,0.4424,0.978,ANTLERED,ADULT,visible,ok,False,1,stop,
1034,SSWI000000011536709A.jpg,2018,11,0.0,0.4749,0.4806,0.5224,0.977,ANTLERED,ADULT,visible,ok,False,1,stop,
1035,SSWI000000016094403B.jpg,2019,10,0.0,0.3683,0.4774,0.6266,0.971,ANTLERED,ADULT,visible,ok,False,1,stop,
1036,SSWI000000017968620A.jpg,2019,11,0.6881,0.4191,0.2599,0.2416,0.959,ANTLERED,ADULT,visible,ok,False,1,stop,
1037,SSWI000000033520226C.jpg,2023,11,0.4624,0.5333,0.2362,0.3416,0.954,ANTLERED,ADULT,visible,ok,False,1,stop,
1038,SSWI000000009488856C.jpg,2018,5,0.2368,0.3983,0.2181,0.4066,0.963,ANTLERED,ADULT,visible,ok,False,1,stop,
1039,SSWI000000021286597C.jpg,2021,1,0.0,0.5475,0.1456,0.4491,0.96,ANTLERED,ADULT,visible,ok,False,1,stop,
1040,SSWI000000011468024A.jpg,2019,1,0.2575,0.4833,0.2725,0.3133,0.971,ANTLERED,ADULT,visible,ok,False,1,stop,
1041,SSWI000000033642799C.jpg,2023,10,0.3237,0.4024,0.2399,0.3174,0.976,ANTLERED,ADULT,visible,ok,False,1,stop,
1042,SSWI000000009832315C.jpg,2018,8,0.4518,0.545,0.3899,0.4524,0.975,ANTLERED,ADULT,visible,ok,False,1,stop,
1043,SSWI000000011330010C.jpg,2018,8,0.4949,0.7441,0.1662,0.2558,0.958,ANTLERED,ADULT,visible,ok,False,1,stop,
1044,SSWI000000015399033A.jpg,2019,10,0.5243,0.275,0.4756,0.3583,0.957,ANTLERED,ADULT,visible,ok,False,1,stop,
1045,SSWI000000033357784C.jpg,2023,10,0.2656,0.5933,0.2012,0.2516,0.973,ANTLERED,ADULT,visible,ok,False,1,stop,
1046,SSWI000000020617219B.jpg,2020,11,0.0006249,0.09999,0.7556,0.8958,0.972,ANTLERED,ADULT,visible,ok,False,1,stop,
1047,SSWI000000031590642B.jpg,2023,6,0.0,0.5275,0.4531,0.4216,0.956,ANTLERED,ADULT,visible,ok,False,1,stop,
1048,SSWI000000010720916B.jpg,2018,7,0.6656,0.2758,0.3343,0.6225,0.962,ANTLERED,ADULT,visible,ok,False,1,stop,
1049,SSWI000000010175740C.jpg,2018,8,0.2662,0.5425,0.4731,0.4558,0.97,ANTLERED,ADULT,not_visible,ok,False,1,stop,
1050,SSWI000000016201141A.jpg,2019,11,0.4606,0.8166,0.1612,0.1825,0.965,ANTLERED,ADULT,visible,ok,False,1,stop,
1051,SSWI000000025659878C.jpg,2021,12,0.3581,0.4783,0.1093,0.1708,0.961,ANTLERED,ADULT,visible,ok,False,1,stop,
1052,SSWI000000025691440A.jpg,2021,11,0.0,0.5116,0.2393,0.4508,0.968,ANTLERED,ADULT,visible,ok,False,1,stop,
1053,SSWI000000024329481B.jpg,2021,8,0.2356,0.7358,0.5637,0.2633,0.959,ANTLERED,ADULT,not_visible,ok,False,1,stop,
1054,SSWI000000029007766A.jpg,2022,11,0.7656,0.4999,0.2343,0.4975,0.965,ANTLERED,ADULT,visible,ok,False,1,stop,
1055,SSWI000000015852645C.jpg,2019,11,0.4512,0.4716,0.2224,0.2983,0.97,ANTLERED,ADULT,visible,ok,False,1,stop,
1056,SSWI000000014715305C.jpg,2019,6,0.2968,0.3574,0.2662,0.3658,0.96,ANTLERED,ADULT,visible,ok,False,1,stop,
1057,SSWI000000011220607B.jpg,2018,9,0.2893,0.4991,0.4262,0.4983,0.981,ANTLERED,ADULT,not_visible,ok,False,1,stop,
1058,SSWI000000033293376C.jpg,2023,11,0.5306,0.3874,0.1612,0.3966,0.952,ANTLERED,ADULT,visible,ok,False,1,stop,
1059,SSWI000000025650703A.jpg,2021,12,0.5743,0.4408,0.4256,0.5491,0.973,ANTLERED,ADULT,visible,ok,False,1,stop,
1060,SSWI000000021980528C.jpg,2021,4,0.32,0.4158,0.68,0.5816,0.979,ANTLERED,ADULT,not_visible,ok,False,1,stop,
1061,SSWI000000021423265C.jpg,2019,11,0.1624,0.4991,0.6118,0.4983,0.96,ANTLERED,ADULT,visible,ok,False,1,stop,
1062,SSWI000000015863439B.jpg,2019,10,0.6312,0.2425,0.3687,0.605,0.962,ANTLERED,ADULT,not_visible,ok,False,1,stop,
1063,SSWI000000029275345C.jpg,2022,10,0.3499,0.5458,0.2893,0.4524,0.976,ANTLERED,ADULT,visible,ok,False,1,stop,
1064,SSWI000000020372357C.jpg,2020,11,0.0,0.4916,0.4918,0.5058,0.969,ANTLERED,ADULT,not_visible,ok,False,1,stop,
1065,SSWI000000019160108A.jpg,2020,6,0.3993,0.5499,0.2937,0.4416,0.964,ANTLERED,ADULT,visible,ok,False,1,stop,
1066,SSWI000000009594915B.jpg,2018,7,0.0,0.2791,0.8256,0.7183,0.96,ANTLERED,ADULT,visible,ok,False,1,stop,
1067,SSWI000000015863737C.jpg,2019,11,0.3512,0.1616,0.4149,0.4724,0.976,ANTLERED,ADULT,visible,ok,False,1,stop,
1068,SSWI000000011223436A.jpg,2018,10,0.02562,0.405,0.3287,0.3166,0.963,ANTLERED,ADULT,visible,ok,False,1,stop,
1069,SSWI000000011065409B.jpg,2018,6,0.5087,0.5708,0.1856,0.1566,0.956,ANTLERED,ADULT,visible,ok,False,1,stop,
1070,SSWI000000015251246C.jpg,2019,8,0.4712,0.4008,0.5287,0.5966,0.97,ANTLERED,ADULT,not_visible,ok,False,1,stop,
1071,SSWI000000023785328C.jpg,2021,9,0.0,0.2999,0.4818,0.535,0.968,ANTLERED,ADULT,visible,ok,False,1,stop,
1072,SSWI000000033382013B.jpg,2023,10,0.1418,0.3224,0.4099,0.5525,0.962,ANTLERED,ADULT,visible,ok,False,1,stop,
1073,SSWI000000009453024C.jpg,2018,5,0.6043,0.4449,0.3893,0.5525,0.972,ANTLERED,ADULT,visible,ok,False,1,stop,
1074,SSWI000000019383078B.jpg,2020,9,0.6331,0.53,0.3387,0.4675,0.979,ANTLERED,ADULT,visible,ok,False,1,stop,
1075,SSWI000000016173842A.jpg,2019,11,0.2981,0.5791,0.1556,0.2249,0.963,ANTLERED,ADULT,visible,ok,False,1,stop,
1076,SSWI000000033381945C.jpg,2023,10,0.7493,0.3933,0.2506,0.5308,0.963,ANTLERED,ADULT,visible,ok,False,1,stop,
1077,SSWI000000020110971C.jpg,2020,9,0.5231,0.6474,0.4768,0.3499,0.98,ANTLERED,ADULT,visible,ok,False,1,stop,
1078,SSWI000000013128129C.jpg,2019,4,0.3449,0.3158,0.2475,0.3216,0.978,ANTLERED,ADULT,visible,ok,False,1,stop,
1079,SSWI000000011417484C.jpg,2018,10,0.0,0.1924,0.4143,0.8041,0.982,ANTLERED,ADULT,visible,ok,False,1,stop,
1080,SSWI000000015901071C.jpg,2019,10,0.2349,0.4958,0.3412,0.3725,0.98,ANTLERED,ADULT,visible,ok,False,1,stop,
1081,SSWI000000020364877C.jpg,2019,12,0.145,0.5858,0.2,0.4108,0.97,ANTLERED,ADULT,not_visible,ok,False,1,stop,
1082,SSWI000000013404481A.jpg,2019,4,0.3681,0.3033,0.1624,0.3025,0.969,ANTLERED,ADULT,visible,ok,False,1,stop,
1083,SSWI000000010995825A.jpg,2018,10,0.6743,0.5383,0.3012,0.2441,0.967,ANTLERED,ADULT,visible,ok,False,1,stop,
1084,SSWI000000033257639A.jpg,2023,11,0.1106,0.4783,0.3581,0.3016,0.96,ANTLERED,ADULT,visible,ok,False,1,stop,
1085,SSWI000000017757080B.jpg,2019,10,0.4856,0.1349,0.5143,0.8483,0.988,ANTLERED,ADULT,visible,ok,False,1,stop,
1086,SSWI000000015541426A.jpg,2019,10,0.2949,0.2599,0.3131,0.3666,0.98,ANTLERED,ADULT,visible,ok,False,1,stop,
1087,SSWI000000032773900C.jpg,2023,10,0.425,0.2325,0.3806,0.4724,0.965,ANTLERED,ADULT,visible,ok,False,1,stop,
1088,SSWI000000011037326A.jpg,2018,10,0.3712,0.63,0.1187,0.1274,0.954,ANTLERED,ADULT,visible,ok,False,1,stop,
1089,SSWI000000024551799A.jpg,2021,10,0.0,0.3958,0.3531,0.3316,0.972,ANTLERED,ADULT,visible,ok,False,1,stop,
1090,SSWI000000021404491C.jpg,2020,12,0.04437,0.6549,0.5381,0.3433,0.953,ANTLERED,ADULT,visible,ok,False,1,stop,
1091,SSWI000000011219893B.jpg,2018,9,0.0,0.5616,0.3068,0.4358,0.981,ANTLERED,ADULT,visible,ok,False,1,stop,
1092,SSWI000000020128709C.jpg,2020,11,0.3349,0.3241,0.5162,0.6033,0.982,ANTLERED,ADULT,visible,ok,False,1,stop,
1093,SSWI000000023318791B.jpg,2021,9,0.2731,0.325,0.43,0.3925,0.965,ANTLERED,ADULT,visible,ok,False,1,stop,
1094,SSWI000000024373032C.jpg,2021,11,0.2599,0.01083,0.7393,0.9866,0.981,ANTLERED,ADULT,visible,ok,False,1,stop,
1095,SSWI000000019280563B.jpg,2020,10,0.000625,0.3933,0.4524,0.605,0.981,ANTLERED,ADULT,visible,ok,False,1,stop,
1096,SSWI000000020134173C.jpg,2020,10,0.3306,0.4758,0.3018,0.4341,0.966,ANTLERED,ADULT,visible,ok,False,1,stop,
1097,SSWI000000033514517B.jpg,2023,10,0.3362,0.4949,0.2393,0.1733,0.953,ANTLERED,ADULT,visible,ok,False,1,stop,
1098,SSWI000000024512961A.jpg,2021,11,0.1124,0.4283,0.6781,0.5699,0.971,ANTLERED,ADULT,visible,ok,False,1,stop,
1099,SSWI000000024460031C.jpg,2021,9,0.1725,0.4858,0.6162,0.5108,0.981,ANTLERED,ADULT,visible,ok,False,1,stop,
1100,SSWI000000012376030B.jpg,2018,11,0.3574,0.4483,0.1724,0.3183,0.959,ANTLERED,ADULT,visible,ok,False,1,stop,
1101,SSWI000000011333352C.jpg,2018,10,0.0,0.2866,0.2224,0.6966,0.967,ANTLERED,ADULT,visible,ok,False,1,stop,
1102,SSWI000000023629207C.jpg,2021,8,0.07374,0.4658,0.2868,0.2949,0.968,ANTLERED,ADULT,visible,ok,False,1,stop,
1103,SSWI000000010482814C.jpg,2018,9,0.4362,0.5299,0.5106,0.4699,0.98,ANTLERED,ADULT,visible,ok,False,1,stop,
1104,SSWI000000029375155C.jpg,2022,11,0.2256,0.4616,0.3831,0.3416,0.961,ANTLERED,ADULT,visible,ok,False,1,stop,
1105,SSWI000000010175947B.jpg,2018,7,0.004375,0.4583,0.1443,0.4474,0.953,ANTLERED,ADULT,visible,ok,False,1,stop,
1106,SSWI000000011441911A.jpg,2018,10,0.425,0.3583,0.2862,0.2866,0.961,ANTLERED,ADULT,visible,ok,False,1,stop,
1107,SSWI000000021721907A.jpg,2020,11,0.4793,0.2466,0.5206,0.75,0.984,ANTLERED,ADULT,visible,ok,False,1,stop,
1108,SSWI000000023594714C.jpg,2021,8,0.05687,0.4016,0.3068,0.3433,0.964,ANTLERED,ADULT,visible,ok,False,1,stop,
1109,SSWI000000032822021C.jpg,2023,10,0.6024,0.5541,0.3975,0.4458,0.98,ANTLERED,ADULT,visible,ok,False,1,stop,
1110,SSWI000000032460075A.jpg,2023,9,0.4806,0.28,0.5012,0.7183,0.98,ANTLERED,ADULT,visible,ok,False,1,stop,
1111,SSWI000000018074596A.jpg,2020,6,0.2881,0.2883,0.2787,0.4258,0.97,ANTLERED,ADULT,visible,ok,False,1,stop,
1112,SSWI000000032702858A.jpg,2023,9,0.6181,0.5891,0.1668,0.1358,0.951,ANTLERED,ADULT,visible,ok,False,1,stop,
1113,SSWI000000009453109B.jpg,2018,6,0.3949,0.36,0.1593,0.3158,0.955,ANTLERED,ADULT,not_visible,ok,False,1,stop,
1114,SSWI000000010176077C.jpg,2018,8,0.01687,0.4616,0.2218,0.5366,0.969,ANTLERED,ADULT,visible,ok,False,1,stop,
1115,SSWI000000021428482B.jpg,2020,11,0.2712,0.485,0.3487,0.5133,0.977,ANTLERED,ADULT,visible,ok,False,1,stop,
1116,SSWI000000010695996A.jpg,2018,10,0.1999,0.4775,0.2118,0.5199,0.979,ANTLERED,ADULT,visible,ok,False,1,stop,
1117,SSWI000000020080101A.jpg,2020,8,0.1368,0.385,0.2593,0.6125,0.971,ANTLERED,ADULT,visible,ok,False,1,stop,
1118,SSWI000000024692861C.jpg,2021,12,0.3887,0.4508,0.4493,0.5466,0.984,ANTLERED,ADULT,visible,ok,False,1,stop,
1119,SSWI000000024327897C.jpg,2021,11,0.09437,0.2275,0.3537,0.3566,0.969,ANTLERED,ADULT,visible,ok,False,1,stop,
1120,SSWI000000017709948C.jpg,2020,5,0.3562,0.5599,0.5468,0.4366,0.978,ANTLERED,ADULT,visible,ok,False,1,stop,
1121,SSWI000000012449350C.jpg,2019,4,0.2893,0.3383,0.3862,0.4083,0.978,ANTLERED,ADULT,visible,ok,False,1,stop,
1122,SSWI000000010482807B.jpg,2018,9,0.4443,0.4966,0.3,0.495,0.983,ANTLERED,ADULT,visible,ok,False,1,stop,
1123,SSWI000000015362518C.jpg,2019,10,0.335,0.5116,0.2081,0.3341,0.954,ANTLERED,ADULT,visible,ok,False,1,stop,
1124,SSWI000000020128500C.jpg,2020,10,0.000625,0.3308,0.8512,0.6658,0.973,ANTLERED,ADULT,visible,ok,False,1,stop,
1125,SSWI000000024754975B.jpg,2021,11,0.4243,0.06083,0.5756,0.8625,0.982,ANTLERED,ADULT,visible,ok,False,1,stop,
1126,SSWI000000015862577C.jpg,2019,10,0.0,0.1699,1.0,0.8266,0.975,ANTLERED,ADULT,visible,ok,False,1,stop,
1127,SSWI000000027211835A.jpg,2022,7,0.0,0.3558,0.1243,0.3666,0.954,ANTLERED,ADULT,visible,ok,False,1,stop,
1128,SSWI000000020413856C.jpg,2020,9,0.3487,0.4591,0.4212,0.4099,0.956,ANTLERED,ADULT,visible,ok,False,1,stop,
1129,SSWI000000011035297B.jpg,2018,8,0.2175,0.4449,0.3849,0.3616,0.982,ANTLERED,ADULT,visible,ok,False,1,stop,
1130,SSWI000000027211835B.jpg,2022,7,0.06125,0.3458,0.3387,0.3874,0.973,ANTLERED,ADULT,visible,ok,False,1,stop,
1131,SSWI000000032460127A.jpg,2023,9,0.0,0.5833,0.9143,0.4133,0.952,ANTLERED,ADULT,not_visible,ok,False,1,stop,
1132,SSWI000000031680375B.jpg,2023,8,0.5131,0.3508,0.4868,0.4741,0.963,ANTLERED,ADULT,not_visible,ok,False,1,stop,
1133,SSWI000000011387804C.jpg,2018,11,0.07437,0.4591,0.3481,0.54,0.969,ANTLERED,ADULT,visible,ok,False,1,stop,
1134,SSWI000000030187030B.jpg,2022,9,0.1106,0.3416,0.7662,0.6566,0.976,ANTLERED,ADULT,visible,ok,False,1,stop,
1135,SSWI000000018313256A.jpg,2020,6,0.4256,0.4366,0.3849,0.4375,0.979,ANTLERED,ADULT,visible,ok,False,1,stop,
1136,SSWI000000020236738C.jpg,2020,11,0.2506,0.1716,0.5612,0.5341,0.968,ANTLERED,ADULT,visible,ok,False,1,stop,
1137,SSWI000000012588989C.jpg,2018,12,0.41,0.009166,0.5099,0.9616,0.992,ANTLERED,ADULT,visible,ok,False,1,stop,
1138,SSWI000000033358984B.jpg,2023,11,0.0075,0.3366,0.3274,0.6616,0.97,ANTLERED,ADULT,visible,ok,False,1,stop,
1139,SSWI000000017716583C.jpg,2020,5,0.06749,0.0,0.9318,0.9983,0.951,ANTLERED,ADULT,not_visible,ok,False,1,stop,
1140,SSWI000000012057020B.jpg,2019,1,0.005625,0.2958,0.5849,0.6949,0.979,ANTLERED,ADULT,visible,ok,False,1,stop,
1141,SSWI000000033293524B.jpg,2023,9,0.3193,0.375,0.2187,0.5199,0.971,ANTLERED,ADULT,visible,ok,False,1,stop,
1142,SSWI000000030187507A.jpg,2022,10,0.2793,0.185,0.56,0.5233,0.97,ANTLERED,ADULT,visible,ok,False,1,stop,
1143,SSWI000000024506300B.jpg,2021,11,0.735,0.6249,0.2649,0.3725,0.972,ANTLERED,ADULT,visible,ok,False,1,stop,
1144,SSWI000000020644691C.jpg,2020,10,0.465,0.5991,0.2112,0.2741,0.966,ANTLERED,ADULT,visible,ok,False,1,stop,
1145,SSWI000000033203748B.jpg,2023,10,0.0,0.5483,0.7487,0.4491,0.951,ANTLERED,ADULT,visible,ok,False,1,stop,
1146,SSWI000000019162107B.jpg,2020,8,0.13,0.5816,0.2718,0.3266,0.951,ANTLERED,ADULT,visible,ok,False,1,stop,
1147,SSWI000000018177873A.jpg,2019,12,0.00875,0.7091,0.4824,0.2874,0.972,ANTLERED,ADULT,visible,ok,False,1,stop,
1148,SSWI000000020134298C.jpg,2020,11,0.2768,0.3324,0.3899,0.6591,0.969,ANTLERED,ADULT,visible,ok,False,1,stop,
1149,SSWI000000020644777B.jpg,2020,11,0.4474,0.5533,0.2762,0.3783,0.974,ANTLERED,ADULT,visible,ok,False,1,stop,
1150,SSWI000000033416343B.jpg,2023,10,0.4162,0.2558,0.3962,0.7291,0.984,ANTLERED,ADULT,visible,ok,False,1,stop,
1151,SSWI000000034460434B.jpg,2023,11,0.2937,0.8016,0.2475,0.1958,0.955,ANTLERED,ADULT,visible,ok,False,1,stop,
1152,SSWI000000016043696C.jpg,2019,10,0.5056,0.3833,0.1774,0.2866,0.973,ANTLERED,ADULT,visible,ok,False,1,stop,
1153,SSWI000000010596068A.jpg,2018,9,0.0,0.4216,0.3574,0.4233,0.971,ANTLERED,ADULT,visible,ok,False,1,stop,
1154,SSWI000000010478853C.jpg,2018,7,0.5387,0.2766,0.2687,0.2725,0.973,ANTLERED,ADULT,visible,ok,False,1,stop,
1155,SSWI000000011264981C.jpg,2018,9,0.0,0.2491,0.3518,0.5258,0.971,ANTLERED,ADULT,visible,ok,False,1,stop,
1156,SSWI000000031680334C.jpg,2023,8,0.3862,0.3375,0.1662,0.2991,0.963,ANTLERED,ADULT,visible,ok,False,1,stop,
1157,SSWI000000017253430B.jpg,2019,12,0.0,0.3833,0.15,0.6133,0.956,ANTLERED,ADULT,visible,ok,False,1,stop,
1158,SSWI000000015712078C.jpg,2019,11,0.0,0.6783,0.3287,0.3216,0.96,ANTLERED,ADULT,visible,ok,False,1,stop,
1159,SSWI000000029354639B.jpg,2022,11,0.7362,0.7208,0.2637,0.2766,0.971,ANTLERED,ADULT,visible,ok,False,1,stop,
1160,SSWI000000029267689A.jpg,2022,9,0.7212,0.6316,0.2787,0.3683,0.978,ANTLERED,ADULT,visible,ok,False,1,stop,
1161,SSWI000000015830713B.jpg,2019,11,0.0,0.4816,0.3725,0.2933,0.971,ANTLERED,ADULT,visible,ok,False,1,stop,
1162,SSWI000000012924440A.jpg,2019,5,0.2781,0.2458,0.455,0.3641,0.968,ANTLERED,ADULT,visible,ok,False,1,stop,
1163,SSWI000000023479863B.jpg,2021,7,0.0,0.6316,0.5112,0.3658,0.975,ANTLERED,ADULT,visible,ok,False,1,stop,
1164,SSWI000000024555022A.jpg,2021,9,0.3206,0.2841,0.2893,0.395,0.97,ANTLERED,ADULT,visible,ok,False,1,stop,
1165,SSWI000000019573510C.jpg,2020,9,0.5943,0.4933,0.4056,0.5033,0.981,ANTLERED,ADULT,visible,ok,False,1,stop,
1166,SSWI000000011150846C.jpg,2018,7,0.4012,0.4424,0.1268,0.3241,0.951,ANTLERED,ADULT,visible,ok,False,1,stop,
1167,SSWI000000020079779B.jpg,2019,10,0.1237,0.01583,0.5706,0.9358,0.991,ANTLERED,ADULT,visible,ok,False,1,stop,
1168,SSWI000000015784266A.jpg,2019,10,0.0,0.4458,0.5168,0.5508,0.965,ANTLERED,ADULT,visible,ok,False,1,stop,
1169,SSWI000000020237047A.jpg,2020,11,0.6587,0.3466,0.3056,0.3333,0.962,ANTLERED,ADULT,visible,ok,False,1,stop,
1170,SSWI000000014117490B.jpg,2019,6,0.7012,0.5066,0.2681,0.2441,0.95,ANTLERED,ADULT,visible,ok,False,1,stop,
1171,SSWI000000027763988A.jpg,2022,8,0.002499,0.005833,0.9131,0.9474,0.977,ANTLERED,ADULT,visible,ok,False,1,stop,
1172,SSWI000000028864213A.jpg,2022,10,0.2175,0.2791,0.2631,0.6791,0.978,ANTLERED,ADULT,visible,ok,False,1,stop,
1173,SSWI000000014048621C.jpg,2019,8,0.1218,0.695,0.3612,0.3016,0.97,ANTLERED,ADULT,visible,ok,False,1,stop,
1174,SSWI000000027824006C.jpg,2022,8,0.4868,0.1833,0.5131,0.8125,0.982,ANTLERED,ADULT,visible,ok,False,1,stop,
1175,SSWI000000018750704C.jpg,2020,8,0.6193,0.6133,0.2387,0.2008,0.961,ANTLERED,ADULT,visible,ok,False,1,stop,
1176,SSWI000000020163025B.jpg,2020,5,0.4931,0.5808,0.5062,0.4191,0.981,ANTLERED,ADULT,visible,ok,False,1,stop,
1177,SSWI000000016532637C.jpg,2019,11,0.4906,0.4641,0.3574,0.2491,0.967,ANTLERED,ADULT,visible,ok,False,1,stop,
1178,SSWI000000028161737C.jpg,2022,8,0.465,0.4875,0.3743,0.5116,0.975,ANTLERED,ADULT,visible,ok,False,1,stop,
1179,SSWI000000009576850A.jpg,2018,6,0.1006,0.4516,0.3393,0.3133,0.969,ANTLERED,ADULT,visible,ok,False,1,stop,
1180,SSWI000000033294052C.jpg,2023,11,0.4218,0.3549,0.2606,0.5733,0.969,ANTLERED,ADULT,visible,ok,False,1,stop,
1181,SSWI000000034464807A.jpg,2023,12,0.1299,0.5674,0.6093,0.4291,0.985,ANTLERED,ADULT,visible,ok,False,1,stop,
1182,SSWI000000017930932C.jpg,2019,6,0.0,0.0075,0.6706,0.9549,0.966,ANTLERED,ADULT,not_visible,ok,False,1,stop,
1183,SSWI000000027588597C.jpg,2022,7,0.1381,0.5083,0.2656,0.3375,0.972,ANTLERED,ADULT,visible,ok,False,1,stop,
1184,SSWI000000019471320A.jpg,2020,10,0.3281,0.3116,0.3468,0.405,0.965,ANTLERED,ADULT,visible,ok,False,1,stop,
1185,SSWI000000020586919B.jpg,2020,9,0.5762,0.6541,0.3331,0.2849,0.95,ANTLERED,ADULT,visible,ok,False,1,stop,
1186,SSWI000000011332385C.jpg,2018,11,0.0,0.6416,0.2193,0.3549,0.98,ANTLERED,ADULT,visible,ok,False,1,stop,
1187,SSWI000000033293944C.jpg,2023,10,0.2024,0.5408,0.6037,0.4566,0.963,ANTLERED,ADULT,visible,ok,False,1,stop,
1188,SSWI000000028828899C.jpg,2022,9,0.6212,0.6424,0.2593,0.2808,0.954,ANTLERED,ADULT,visible,ok,False,1,stop,
1189,SSWI000000033296200B.jpg,2023,11,0.6318,0.4383,0.2493,0.4149,0.956,ANTLERED,ADULT,visible,ok,False,1,stop,
1190,SSWI000000011468200B.jpg,2018,11,0.5149,0.6491,0.2287,0.3466,0.976,ANTLERED,ADULT,visible,ok,False,1,stop,
1191,SSWI000000015182273B.jpg,2019,8,0.3681,0.4633,0.3056,0.2483,0.955,ANTLERED,ADULT,visible,ok,False,1,stop,
1192,SSWI000000024158103A.jpg,2021,9,0.2381,0.485,0.6931,0.5149,0.976,ANTLERED,ADULT,visible,ok,False,1,stop,
1193,SSWI000000020364593C.jpg,2019,12,0.0,0.6483,0.2193,0.3491,0.972,ANTLERED,ADULT,visible,ok,False,1,stop,
1194,SSWI000000011435469A.jpg,2018,11,0.5662,0.5558,0.4318,0.3975,0.975,ANTLERED,ADULT,visible,ok,False,1,stop,
1195,SSWI000000015087649B.jpg,2019,10,0.0006249,0.4983,0.7825,0.4983,0.982,ANTLERED,ADULT,visible,ok,False,1,stop,
1196,SSWI000000024794474A.jpg,2021,12,0.0,0.6291,0.5581,0.3683,0.976,ANTLERED,ADULT,visible,ok,False,1,stop,
1197,SSWI000000019627047B.jpg,2020,9,0.1206,0.4658,0.4724,0.4533,0.972,ANTLERED,ADULT,visible,ok,False,1,stop,
1198,SSWI000000018080334A.jpg,2020,6,0.1599,0.245,0.4275,0.425,0.967,ANTLERED,ADULT,visible,ok,False,1,stop,
1199,SSWI000000019255897B.jpg,2020,9,0.5693,0.5066,0.4306,0.4933,0.974,ANTLERED,ADULT,visible,ok,False,1,stop,
1200,SSWI000000028829107C.jpg,2022,10,0.0,0.5266,0.2162,0.2624,0.973,ANTLERED,ADULT,visible,ok,False,1,stop,
1201,SSWI000000011059212A.jpg,2018,9,0.6375,0.5974,0.3625,0.4025,0.967,ANTLERED,ADULT,visible,ok,False,1,stop,
1202,SSWI000000033486289A.jpg,2023,12,0.3093,0.2999,0.2481,0.2349,0.953,ANTLERED,ADULT,visible,ok,False,1,stop,
1203,SSWI000000029354443B.jpg,2022,10,0.685,0.7516,0.2306,0.245,0.97,ANTLERED,ADULT,visible,ok,False,1,stop,
1204,SSWI000000010488965A.jpg,2018,10,0.0,0.005833,0.5987,0.9574,0.99,ANTLERED,ADULT,visible,ok,False,1,stop,
1205,SSWI000000032978179B.jpg,2023,8,0.515,0.4675,0.2893,0.5316,0.964,ANTLERED,ADULT,visible,ok,False,1,stop,
1206,SSWI000000017124026B.jpg,2019,11,0.7243,0.6424,0.2756,0.3549,0.958,ANTLERED,ADULT,not_visible,ok,False,1,stop,
1207,SSWI000000026330147C.jpg,2022,6,0.2643,0.6408,0.2493,0.3566,0.981,ANTLERED,ADULT,visible,ok,False,1,stop,
1208,SSWI000000027823936B.jpg,2022,8,0.2206,0.3383,0.3212,0.2616,0.967,ANTLERED,ADULT,visible,ok,False,1,stop,
1209,SSWI000000033158911B.jpg,2023,9,0.4081,0.3208,0.3968,0.4391,0.972,ANTLERED,ADULT,visible,ok,False,1,stop,
1210,SSWI000000015830109C.jpg,2019,11,0.2987,0.2733,0.1387,0.3725,0.971,ANTLERED,ADULT,visible,ok,False,1,stop,
1211,SSWI000000031609123A.jpg,2023,6,0.6118,0.7649,0.3874,0.2349,0.968,ANTLERED,ADULT,visible,ok,False,1,stop,
1212,SSWI000000024943672B.jpg,2021,11,0.5575,0.335,0.1887,0.3258,0.952,ANTLERED,ADULT,visible,ok,False,1,stop,
1213,SSWI000000014659904B.jpg,2019,8,0.005625,0.4583,0.2768,0.5383,0.974,ANTLERED,ADULT,visible,ok,False,1,stop,
1214,SSWI000000023629578A.jpg,2021,5,0.6406,0.3166,0.2531,0.2475,0.968,ANTLERED,ADULT,visible,ok,False,1,stop,
1215,SSWI000000025161563C.jpg,2021,7,0.7068,0.3941,0.2931,0.3716,0.971,ANTLERED,ADULT,visible,ok,False,1,stop,
1216,SSWI000000012753589B.jpg,2019,3,0.7443,0.5091,0.1306,0.2158,0.967,ANTLERED,ADULT,visible,ok,False,1,stop,
1217,SSWI000000024252937C.jpg,2021,11,0.75,0.2058,0.25,0.7908,0.957,ANTLERED,ADULT,visible,ok,False,1,stop,
1218,SSWI000000020364347A.jpg,2019,11,0.0,0.4733,0.4225,0.5174,0.982,ANTLERED,ADULT,visible,ok,False,1,stop,
1219,SSWI000000021980615B.jpg,2021,5,0.095,0.4616,0.1943,0.3408,0.958,ANTLERED,ADULT,visible,ok,False,1,stop,
1220,SSWI000000018967000C.jpg,2020,8,0.1537,0.4075,0.2181,0.2649,0.972,ANTLERED,ADULT,visible,ok,False,1,stop,
1221,SSWI000000012924453A.jpg,2019,5,0.4943,0.1625,0.3,0.4633,0.957,ANTLERED,ADULT,visible,ok,False,1,stop,
1222,SSWI000000021172387C.jpg,2021,1,0.0,0.0,1.0,0.9975,0.968,ANTLERED,ADULT,not_visible,ok,False,1,stop,
1223,SSWI000000033293676B.jpg,2023,9,0.2693,0.3608,0.5181,0.5649,0.973,ANTLERED,ADULT,visible,ok,False,1,stop,
1224,SSWI000000024641097A.jpg,2021,11,0.0575,0.3191,0.3112,0.2899,0.965,ANTLERED,ADULT,visible,ok,False,1,stop,
1225,SSWI000000025800213C.jpg,2021,10,0.0,0.615,0.5393,0.3849,0.97,ANTLERED,ADULT,visible,ok,False,1,stop,
1226,SSWI000000012320571C.jpg,2018,10,0.7743,0.2783,0.1337,0.3016,0.961,ANTLERED,ADULT,visible,ok,False,1,stop,
1227,SSWI000000019255896A.jpg,2020,9,0.6756,0.4958,0.3243,0.5041,0.955,ANTLERED,ADULT,visible,ok,False,1,stop,
1228,SSWI000000024117300C.jpg,2021,10,0.5406,0.525,0.1762,0.3808,0.957,ANTLERED,ADULT,visible,ok,False,1,stop,
1229,SSWI000000015830037A.jpg,2019,10,0.1806,0.2574,0.2806,0.3791,0.958,ANTLERED,ADULT,visible,ok,False,1,stop,
1230,SSWI000000019188102C.jpg,2020,7,0.2175,0.2616,0.5562,0.4958,0.973,ANTLERED,ADULT,visible,ok,False,1,stop,
1231,SSWI000000011467788C.jpg,2018,11,0.0,0.1141,0.4593,0.7266,0.957,ANTLERED,ADULT,visible,ok,False,1,stop,
1232,SSWI000000025071647B.jpg,2021,12,0.2231,0.3525,0.4043,0.3458,0.967,ANTLERED,ADULT,visible,ok,False,1,stop,
1233,SSWI000000024755020A.jpg,2021,11,0.0,0.1558,0.4518,0.5216,0.951,ANTLERED,ADULT,visible,ok,False,1,stop,
1234,SSWI000000020364804A.jpg,2019,12,0.4325,0.4525,0.5674,0.545,0.983,ANTLERED,ADULT,visible,ok,False,1,stop,
1235,SSWI000000011393920C.jpg,2018,11,0.1412,0.4666,0.2918,0.3266,0.98,ANTLERED,ADULT,visible,ok,False,1,stop,
1236,SSWI000000033294033B.jpg,2023,11,0.3081,0.3041,0.3975,0.3483,0.975,ANTLERED,ADULT,visible,ok,False,1,stop,
1237,SSWI000000012999859A.jpg,2019,1,0.5112,0.4116,0.4799,0.4958,0.952,ANTLERED,ADULT,visible,ok,False,1,stop,
1238,SSWI000000028796082B.jpg,2022,7,0.0,0.6733,0.3362,0.3249,0.964,ANTLERED,ADULT,visible,ok,False,1,stop,
1239,SSWI000000029184683A.jpg,2022,11,0.8462,0.5391,0.1537,0.2166,0.953,ANTLERED,ADULT,visible,ok,False,1,stop,
1240,SSWI000000020398808A.jpg,2020,10,0.2006,0.3683,0.3131,0.3333,0.976,ANTLERED,ADULT,visible,ok,False,1,stop,
1241,SSWI000000019164797B.jpg,2020,8,0.0925,0.4808,0.5937,0.5183,0.974,ANTLERED,ADULT,visible,ok,False,1,stop,
1242,SSWI000000019626989B.jpg,2020,8,0.2325,0.6266,0.6675,0.3708,0.961,ANTLERED,ADULT,not_visible,ok,False,1,stop,
1243,SSWI000000021295110B.jpg,2020,11,0.2793,0.4424,0.6637,0.5541,0.989,ANTLERED,ADULT,visible,ok,False,1,stop,
1244,SSWI000000011393626B.jpg,2018,10,0.02062,0.6099,0.3025,0.2441,0.966,ANTLERED,ADULT,visible,ok,False,1,stop,
1245,SSWI000000018420565B.jpg,2018,1,0.1862,0.4391,0.2031,0.2141,0.966,ANTLERED,ADULT,visible,ok,False,1,stop,
1246,SSWI000000033159240A.jpg,2023,11,0.4312,0.025,0.5687,0.9333,0.987,ANTLERED,ADULT,visible,ok,False,1,stop,
1247,SSWI000000011288210B.jpg,2018,11,0.001249,0.4525,0.7662,0.5466,0.974,ANTLERED,ADULT,visible,ok,False,1,stop,
1248,SSWI000000011051215A.jpg,2018,10,0.6362,0.4016,0.1668,0.2524,0.954,ANTLERED,ADULT,visible,ok,False,1,stop,
1249,SSWI000000028398459B.jpg,2022,9,0.3993,0.4358,0.4318,0.4099,0.966,ANTLERED,ADULT,visible,ok,False,1,stop,
1250,SSWI000000009832159B.jpg,2018,8,0.5843,0.3941,0.4156,0.5991,0.976,ANTLERED,ADULT,visible,ok,False,1,stop,
1251,SSWI000000029331704B.jpg,2022,10,0.57,0.2258,0.43,0.5416,0.96,ANTLERED,ADULT,visible,ok,False,1,stop,
1252,SSWI000000033414666C.jpg,2023,11,0.2518,0.4575,0.3387,0.5416,0.976,ANTLERED,ADULT,visible,ok,False,1,stop,
1253,SSWI000000029353047C.jpg,2022,9,0.2537,0.7774,0.1599,0.2199,0.955,ANTLERED,ADULT,visible,ok,False,1,stop,
1254,SSWI000000024803372C.jpg,2021,9,0.2443,0.1566,0.4687,0.8383,0.969,ANTLERED,ADULT,not_visible,ok,False,1,stop,
1255,SSWI000000016077082B.jpg,2019,9,0.0,0.41,0.4799,0.5,0.956,ANTLERED,ADULT,visible,ok,False,1,stop,
1256,SSWI000000011220638B.jpg,2018,9,0.0,0.5083,0.3849,0.4883,0.96,ANTLERED,ADULT,not_visible,ok,False,1,stop,
1257,SSWI000000032988732A.jpg,2023,11,0.835,0.3566,0.165,0.3675,0.951,ANTLERED,ADULT,visible,ok,False,1,stop,
1258,SSWI000000029353488A.jpg,2022,9,0.1687,0.7991,0.36,0.2,0.962,ANTLERED,ADULT,visible,ok,False,1,stop,
1259,SSWI000000020128819C.jpg,2020,11,0.2824,0.2758,0.3743,0.485,0.984,ANTLERED,ADULT,visible,ok,False,1,stop,
1260,SSWI000000024690859B.jpg,2021,10,0.6106,0.6283,0.2418,0.2283,0.958,ANTLERED,ADULT,visible,ok,False,1,stop,
1261,SSWI000000015863639B.jpg,2019,11,0.4718,0.2458,0.5281,0.7516,0.967,ANTLERED,ADULT,visible,ok,False,1,stop,
1262,SSWI000000025255025C.jpg,2021,11,0.1893,0.3733,0.2374,0.3741,0.964,ANTLERED,ADULT,visible,ok,False,1,stop,
1263,SSWI000000015483026B.jpg,2019,8,0.2018,0.2333,0.5818,0.6916,0.977,ANTLERED,ADULT,visible,ok,False,1,stop,
1264,SSWI000000015642208A.jpg,2019,10,0.4512,0.365,0.5487,0.6316,0.98,ANTLERED,ADULT,visible,ok,False,1,stop,
1265,SSWI000000010489721C.jpg,2018,9,0.6518,0.4116,0.3481,0.5858,0.966,ANTLERED,ADULT,visible,ok,False,1,stop,
1266,SSWI000000024637964C.jpg,2021,10,0.2743,0.4683,0.4587,0.3224,0.954,ANTLERED,ADULT,visible,ok,False,1,stop,
1267,SSWI000000020095550B.jpg,2020,10,0.1937,0.3849,0.3787,0.2883,0.95,ANTLERED,ADULT,visible,ok,False,1,stop,
1268,SSWI000000010482744A.jpg,2018,9,0.8187,0.4916,0.1274,0.1966,0.952,ANTLERED,ADULT,visible,ok,False,1,stop,
1269,SSWI000000017757229B.jpg,2019,11,0.0,0.52,0.7712,0.4791,0.97,ANTLERED,ADULT,visible,ok,False,1,stop,
1270,SSWI000000028842569C.jpg,2022,10,0.01999,0.2075,0.3931,0.3758,0.95,ANTLERED,ADULT,visible,ok,False,1,stop,
1271,SSWI000000034011710C.jpg,2023,11,0.7412,0.4658,0.2587,0.5291,0.978,ANTLERED,ADULT,visible,ok,False,1,stop,
1272,SSWI000000021320364C.jpg,2020,12,0.0,0.345,0.1568,0.6533,0.961,ANTLERED,ADULT,visible,ok,False,1,stop,
1273,SSWI000000024555023A.jpg,2021,9,0.07062,0.3233,0.4318,0.3916,0.957,ANTLERED,ADULT,visible,ok,False,1,stop,
1274,SSWI000000009832064A.jpg,2018,8,0.5287,0.6808,0.3512,0.3141,0.957,ANTLERED,ADULT,visible,ok,False,1,stop,
1275,SSWI000000016592752C.jpg,2019,11,0.7693,0.4149,0.2306,0.5849,0.971,ANTLERED,ADULT,not_visible,ok,False,1,stop,
1276,SSWI000000013742932B.jpg,2019,7,0.0,0.4341,0.4981,0.5616,0.981,ANTLERED,ADULT,visible,ok,False,1,stop,
1277,SSWI000000027478291B.jpg,2021,11,0.3849,0.55,0.615,0.4474,0.972,ANTLERED,ADULT,not_visible,ok,False,1,stop,
1278,SSWI000000022704830B.jpg,2021,7,0.295,0.5041,0.2706,0.495,0.975,ANTLERED,ADULT,visible,ok,False,1,stop,
1279,SSWI000000020467886B.jpg,2020,11,0.6912,0.6208,0.2856,0.3766,0.986,ANTLERED,ADULT,visible,ok,False,1,stop,
1280,SSWI000000024486343A.jpg,2021,10,0.4512,0.2424,0.5487,0.5533,0.977,ANTLERED,ADULT,visible,ok,False,1,stop,
1281,SSWI000000025264479A.jpg,2021,12,0.09499,0.5941,0.6006,0.4025,0.974,ANTLERED,ADULT,visible,ok,False,1,stop,
1282,SSWI000000011466517C.jpg,2018,11,0.08125,0.3774,0.2793,0.5149,0.955,ANTLERED,ADULT,visible,ok,False,1,stop,
1283,SSWI000000014736332B.jpg,2019,8,0.4156,0.3916,0.2393,0.46,0.968,ANTLERED,ADULT,visible,ok,False,1,stop,
1284,SSWI000000025168243B.jpg,2021,12,0.4506,0.61,0.3818,0.3866,0.961,ANTLERED,ADULT,visible,ok,False,1,stop,
1285,SSWI000000015212955A.jpg,2019,10,0.3549,0.1916,0.3556,0.4441,0.971,ANTLERED,ADULT,visible,ok,False,1,stop,
1286,SSWI000000033159213A.jpg,2023,11,0.5531,0.2541,0.4187,0.5041,0.963,ANTLERED,ADULT,visible,ok,False,1,stop,
1287,SSWI000000033201754B.jpg,2023,9,0.05937,0.7041,0.495,0.2933,0.982,ANTLERED,ADULT,visible,ok,False,1,stop,
1288,SSWI000000009595036C.jpg,2018,7,0.0,0.4191,0.6262,0.5783,0.974,ANTLERED,ADULT,not_visible,ok,False,1,stop,
1289,SSWI000000020321738C.jpg,2020,11,0.8168,0.3108,0.1831,0.4341,0.958,ANTLERED,ADULT,visible,ok,False,1,stop,
1290,SSWI000000030261089B.jpg,2023,4,0.09,0.5075,0.5212,0.4891,0.982,ANTLERED,ADULT,visible,ok,False,1,stop,
1291,SSWI000000028740127C.jpg,2022,8,0.2218,0.3708,0.6081,0.6258,0.979,ANTLERED,ADULT,visible,ok,False,1,stop,
1292,SSWI000000023785430C.jpg,2021,7,0.5093,0.6449,0.4687,0.3533,0.97,ANTLERED,ADULT,visible,ok,False,1,stop,
1293,SSWI000000019560173C.jpg,2020,7,0.2343,0.4374,0.7649,0.5616,0.978,ANTLERED,ADULT,visible,ok,False,1,stop,
1294,SSWI000000012449380A.jpg,2019,4,0.7293,0.4108,0.2043,0.4316,0.976,ANTLERED,ADULT,visible,ok,False,1,stop,
1295,SSWI000000014843842B.jpg,2019,9,0.07625,0.5558,0.4268,0.3799,0.968,ANTLERED,ADULT,visible,ok,False,1,stop,
1296,SSWI000000011088954B.jpg,2018,10,0.0,0.6666,0.3449,0.3325,0.971,ANTLERED,ADULT,visible,ok,False,1,stop,
1297,SSWI000000016617759A.jpg,2019,10,0.0,0.5474,0.3218,0.4516,0.972,ANTLERED,ADULT,visible,ok,False,1,stop,
1298,SSWI000000015863038A.jpg,2019,10,0.4206,0.2416,0.3068,0.5525,0.976,ANTLERED,ADULT,visible,ok,False,1,stop,
1299,SSWI000000010482709A.jpg,2018,9,0.0,0.4824,0.4393,0.5174,0.975,ANTLERED,ADULT,not_visible,ok,False,1,stop,
1300,SSWI000000009744011B.jpg,2018,7,0.000625,0.2041,0.5612,0.7941,0.967,ANTLERED,ADULT,not_visible,ok,False,1,stop,
1301,SSWI000000024755259C.jpg,2021,10,0.003749,0.5966,0.4712,0.4,0.963,ANTLERED,ADULT,visible,ok,False,1,stop,
1302,SSWI000000016137623B.jpg,2019,10,0.0,0.6741,0.5443,0.3258,0.953,ANTLERED,ADULT,visible,ok,False,1,stop,
1303,SSWI000000020438489B.jpg,2020,11,0.1687,0.2966,0.4887,0.4183,0.972,ANTLERED,ADULT,visible,ok,False,1,stop,
1304,SSWI000000014714785C.jpg,2019,7,0.1256,0.4575,0.5699,0.5416,0.951,ANTLERED,ADULT,not_visible,ok,False,1,stop,
1305,SSWI000000019573550A.jpg,2020,9,0.4462,0.4458,0.5281,0.4133,0.964,ANTLERED,ADULT,visible,ok,False,1,stop,
1306,SSWI000000024794290A.jpg,2021,10,0.2731,0.5908,0.1843,0.4058,0.978,ANTLERED,ADULT,visible,ok,False,1,stop,
1307,SSWI000000015862934B.jpg,2019,10,0.3493,0.2808,0.2137,0.2683,0.962,ANTLERED,ADULT,visible,ok,False,1,stop,
1308,SSWI000000025024801A.jpg,2021,11,0.5268,0.4349,0.1362,0.3441,0.957,ANTLERED,ADULT,visible,ok,False,1,stop,
1309,SSWI000000021892092A.jpg,2021,6,0.4143,0.4725,0.1512,0.2025,0.963,ANTLERED,ADULT,visible,ok,False,1,stop,
1310,SSWI000000015497912B.jpg,2019,10,0.02062,0.2508,0.5368,0.3858,0.981,ANTLERED,ADULT,visible,ok,False,1,stop,
1311,SSWI000000013076850B.jpg,2019,1,0.03937,0.3824,0.4637,0.5508,0.964,ANTLERED,ADULT,visible,ok,False,1,stop,
1312,SSWI000000033289352C.jpg,2023,9,0.1437,0.5091,0.4131,0.3341,0.955,ANTLERED,ADULT,visible,ok,False,1,stop,
1313,SSWI000000033255683C.jpg,2023,8,0.3131,0.5233,0.5849,0.4408,0.966,ANTLERED,ADULT,visible,ok,False,1,stop,
1314,SSWI000000011393855C.jpg,2018,11,0.0,0.4816,0.5975,0.5158,0.962,ANTLERED,ADULT,visible,ok,False,1,stop,
1315,SSWI000000011088015A.jpg,2018,9,0.4231,0.5933,0.1743,0.4033,0.967,ANTLERED,ADULT,visible,ok,False,1,stop,
1316,SSWI000000020163156B.jpg,2020,7,0.000625,0.3541,0.5743,0.6449,0.971,ANTLERED,ADULT,visible,ok,False,1,stop,
1317,SSWI000000020364850A.jpg,2019,12,0.3931,0.6391,0.2949,0.2675,0.97,ANTLERED,ADULT,visible,ok,False,1,stop,
1318,SSWI000000017589446B.jpg,2020,4,0.3456,0.2974,0.2231,0.3358,0.975,ANTLERED,ADULT,visible,ok,False,1,stop,
1319,SSWI000000021980649C.jpg,2021,5,0.4056,0.405,0.3025,0.5383,0.97,ANTLERED,ADULT,visible,ok,False,1,stop,
1320,SSWI000000010893611A.jpg,2018,9,0.5068,0.3324,0.4081,0.6641,0.967,ANTLERED,ADULT,visible,ok,False,1,stop,
1321,SSWI000000020072176B.jpg,2020,11,0.6593,0.5624,0.1781,0.18,0.958,ANTLERED,ADULT,visible,ok,False,1,stop,
1322,SSWI000000012429367C.jpg,2018,11,0.2999,0.3149,0.1599,0.4591,0.966,ANTLERED,ADULT,visible,ok,False,1,stop,
1323,SSWI000000016241430A.jpg,2019,12,0.0,0.3691,0.6756,0.6274,0.983,ANTLERED,ADULT,visible,ok,False,1,stop,
1324,SSWI000000011391673C.jpg,2018,9,0.2106,0.3675,0.3518,0.4158,0.959,ANTLERED,ADULT,visible,ok,False,1,stop,
1325,SSWI000000024681601A.jpg,2021,9,0.1374,0.03499,0.3806,0.9433,0.969,ANTLERED,ADULT,visible,ok,False,1,stop,
1326,SSWI000000024977344B.jpg,2021,11,0.7749,0.7283,0.2249,0.2708,0.957,ANTLERED,ADULT,visible,ok,False,1,stop,
1327,SSWI000000020073726B.jpg,2020,10,0.0,0.3633,0.4675,0.6341,0.976,ANTLERED,ADULT,not_visible,ok,False,1,stop,
1328,SSWI000000017433202B.jpg,2020,4,0.04437,0.4283,0.3912,0.3566,0.979,ANTLERED,ADULT,visible,ok,False,1,stop,
1329,SSWI000000032119020C.jpg,2023,9,0.09375,0.245,0.5249,0.5074,0.974,ANTLERED,ADULT,visible,ok,False,1,stop,
1330,SSWI000000011093337B.jpg,2018,10,0.39,0.2425,0.3212,0.5133,0.975,ANTLERED,ADULT,visible,ok,False,1,stop,
1331,SSWI000000011049224A.jpg,2018,9,0.0,0.3908,0.2275,0.4183,0.964,ANTLERED,ADULT,visible,ok,False,1,stop,
1332,SSWI000000019997247C.jpg,2020,10,0.6393,0.2816,0.3606,0.3241,0.962,ANTLERED,ADULT,visible,ok,False,1,stop,
1333,SSWI000000019907307B.jpg,2020,9,0.4462,0.5058,0.1306,0.2283,0.953,ANTLERED,ADULT,visible,ok,False,1,stop,
1334,SSWI000000009488855B.jpg,2018,5,0.1287,0.3983,0.3618,0.3625,0.976,ANTLERED,ADULT,visible,ok,False,1,stop,
1335,SSWI000000017939242C.jpg,2020,5,0.37,0.3641,0.1949,0.3308,0.966,ANTLERED,ADULT,visible,ok,False,1,stop,
1336,SSWI000000025660301B.jpg,2021,12,0.7681,0.5141,0.2318,0.1975,0.955,ANTLERED,ADULT,visible,ok,False,1,stop,
1337,SSWI000000009654218C.jpg,2018,5,0.3937,0.51,0.3262,0.3483,0.974,ANTLERED,ADULT,visible,ok,False,1,stop,
1338,SSWI000000020663208A.jpg,2019,11,0.4662,0.2816,0.2475,0.3808,0.968,ANTLERED,ADULT,visible,ok,False,1,stop,
1339,SSWI000000033514519B.jpg,2023,10,0.7506,0.4716,0.2493,0.2058,0.96,ANTLERED,ADULT,visible,ok,False,1,stop,
1340,SSWI000000011393885B.jpg,2018,11,0.8706,0.4733,0.1293,0.5233,0.95,ANTLERED,ADULT,visible,ok,False,1,stop,
1341,SSWI000000011468322B.jpg,2018,12,0.38,0.4974,0.2612,0.3408,0.97,ANTLERED,ADULT,visible,ok,False,1,stop,
1342,SSWI000000028224786B.jpg,2022,8,0.0,0.0,1.0,0.9975,0.974,ANTLERED,ADULT,visible,ok,False,1,stop,
1343,SSWI000000027062196C.jpg,2022,6,0.0,0.0,1.0,0.9975,0.97,ANTLERED,ADULT,visible,ok,False,1,stop,
1344,SSWI000000015537293B.jpg,2019,10,0.14,0.4191,0.4499,0.455,0.977,ANTLERED,ADULT,visible,ok,False,1,stop,
1345,SSWI000000014468005B.jpg,2019,6,0.5862,0.545,0.2218,0.4133,0.959,ANTLERED,ADULT,visible,ok,False,1,stop,
1346,SSWI000000024555138B.jpg,2021,10,0.7693,0.2341,0.1887,0.4724,0.96,ANTLERED,ADULT,visible,ok,False,1,stop,
1347,SSWI000000023421575B.jpg,2021,7,0.1456,0.2966,0.2325,0.2349,0.956,ANTLERED,ADULT,visible,ok,False,1,stop,
1348,SSWI000000011018843B.jpg,2018,9,0.2025,0.505,0.2287,0.2508,0.959,ANTLERED,ADULT,visible,ok,False,1,stop,
1349,SSWI000000025255321B.jpg,2021,12,0.0,0.2741,0.535,0.7225,0.983,ANTLERED,ADULT,visible,ok,False,1,stop,
1350,SSWI000000028495511B.jpg,2022,9,0.03374,0.5333,0.1962,0.4625,0.967,ANTLERED,ADULT,visible,ok,False,1,stop,
1351,SSWI000000019521608B.jpg,2020,1,0.4831,0.7249,0.5168,0.2741,0.953,ANTLERED,ADULT,not_visible,ok,False,1,stop,
1352,SSWI000000033293673B.jpg,2023,9,0.185,0.5083,0.4812,0.4233,0.971,ANTLERED,ADULT,visible,ok,False,1,stop,
1353,SSWI000000014963162C.jpg,2019,9,0.1249,0.4608,0.2987,0.2849,0.958,ANTLERED,ADULT,visible,ok,False,1,stop,
1354,SSWI000000012320622B.jpg,2018,10,0.4837,0.3108,0.4631,0.4325,0.98,ANTLERED,ADULT,visible,ok,False,1,stop,
1355,SSWI000000015534812C.jpg,2019,8,0.4731,0.305,0.2931,0.5325,0.978,ANTLERED,ADULT,visible,ok,False,1,stop,
1356,SSWI000000033642760B.jpg,2023,9,0.08375,0.4508,0.2587,0.5458,0.973,ANTLERED,ADULT,visible,ok,False,1,stop,
1357,SSWI000000024578877C.jpg,2021,11,0.3174,0.4099,0.4268,0.5475,0.977,ANTLERED,ADULT,visible,ok,False,1,stop,
1358,SSWI000000011041977B.jpg,2018,10,0.8775,0.4808,0.1225,0.18,0.951,ANTLERED,ADULT,not_visible,ok,False,1,stop,
1359,SSWI000000032118967B.jpg,2023,9,0.000625,0.3833,0.5718,0.615,0.96,ANTLERED,ADULT,visible,ok,False,1,stop,
1360,SSWI000000016063345C.jpg,2019,12,0.4987,0.3733,0.3018,0.3858,0.976,ANTLERED,ADULT,visible,ok,False,1,stop,
1361,SSWI000000029447640B.jpg,2022,10,0.4506,0.4233,0.3075,0.5716,0.976,ANTLERED,ADULT,visible,ok,False,1,stop,
1362,SSWI000000033625632C.jpg,2023,9,0.0,0.6341,0.5006,0.365,0.978,ANTLERED,ADULT,visible,ok,False,1,stop,
1363,SSWI000000011001009B.jpg,2018,10,0.4562,0.01,0.5099,0.9583,0.992,ANTLERED,ADULT,visible,ok,False,1,stop,
1364,SSWI000000011441070B.jpg,2018,9,0.4706,0.2933,0.5293,0.7041,0.951,ANTLERED,ADULT,visible,ok,False,1,stop,
1365,SSWI000000017361530B.jpg,2020,4,0.17,0.3316,0.5849,0.6675,0.974,ANTLERED,ADULT,visible,ok,False,1,stop,
1366,SSWI000000024794417A.jpg,2021,11,0.03562,0.5583,0.4,0.4416,0.983,ANTLERED,ADULT,visible,ok,False,1,stop,
1367,SSWI000000023395061A.jpg,2021,8,0.01062,0.5733,0.4762,0.4016,0.976,ANTLERED,ADULT,visible,ok,False,1,stop,
1368,SSWI000000033203837B.jpg,2023,11,0.6606,0.4383,0.1818,0.405,0.962,ANTLERED,ADULT,visible,ok,False,1,stop,
1369,SSWI000000011441734C.jpg,2018,10,0.1199,0.3275,0.395,0.3458,0.968,ANTLERED,ADULT,visible,ok,False,1,stop,
1370,SSWI000000010829099B.jpg,2018,8,0.2106,0.3508,0.3925,0.3199,0.966,ANTLERED,ADULT,visible,ok,False,1,stop,
1371,SSWI000000025255157C.jpg,2021,12,0.04187,0.43,0.3075,0.2891,0.952,ANTLERED,ADULT,visible,ok,False,1,stop,
1372,SSWI000000032704498C.jpg,2023,8,0.04125,0.7066,0.4831,0.2908,0.972,ANTLERED,ADULT,visible,ok,False,1,stop,
1373,SSWI000000024872877A.jpg,2021,10,0.5325,0.4708,0.405,0.5091,0.973,ANTLERED,ADULT,visible,ok,False,1,stop,
1374,SSWI000000009594915C.jpg,2018,7,0.0,0.2833,0.8424,0.7149,0.962,ANTLERED,ADULT,visible,ok,False,1,stop,
1375,SSWI000000017968594B.jpg,2019,11,0.001249,0.4091,0.3981,0.4591,0.974,ANTLERED,ADULT,visible,ok,False,1,stop,
1376,SSWI000000010695994B.jpg,2018,10,0.4356,0.4183,0.1312,0.2783,0.962,ANTLERED,ADULT,visible,ok,False,1,stop,
1377,SSWI000000015423933B.jpg,2019,9,0.02875,0.3099,0.67,0.6883,0.981,ANTLERED,ADULT,visible,ok,False,1,stop,
1378,SSWI000000033415411C.jpg,2023,10,0.0,0.5949,0.1031,0.4025,0.963,ANTLERED,ADULT,visible,ok,False,1,stop,
1379,SSWI000000024774582C.jpg,2021,11,0.2374,0.4458,0.2193,0.2675,0.951,ANTLERED,ADULT,visible,ok,False,1,stop,
1380,SSWI000000016124607C.jpg,2019,10,0.0,0.5466,0.5056,0.4499,0.978,ANTLERED,ADULT,visible,ok,False,1,stop,
1381,SSWI000000017997509B.jpg,2019,6,0.3718,0.6641,0.3643,0.3325,0.972,ANTLERED,ADULT,visible,ok,False,1,stop,
1382,SSWI000000016068061B.jpg,2019,11,0.0,0.625,0.3106,0.3383,0.958,ANTLERED,ADULT,visible,ok,False,1,stop,
1383,SSWI000000020364988A.jpg,2020,1,0.2643,0.6233,0.2968,0.3141,0.977,ANTLERED,ADULT,visible,ok,False,1,stop,
1384,SSWI000000032988714B.jpg,2023,11,0.28,0.4199,0.3337,0.3791,0.967,ANTLERED,ADULT,visible,ok,False,1,stop,
1385,SSWI000000013672647B.jpg,2019,6,0.7068,0.5175,0.2931,0.4791,0.979,ANTLERED,ADULT,visible,ok,False,1,stop,
1386,SSWI000000025171763C.jpg,2021,12,0.7962,0.5891,0.2037,0.3325,0.973,ANTLERED,ADULT,visible,ok,False,1,stop,
1387,SSWI000000011095830C.jpg,2018,11,0.2656,0.4974,0.14,0.3541,0.972,ANTLERED,ADULT,visible,ok,False,1,stop,
1388,SSWI000000028829143C.jpg,2022,10,0.6825,0.595,0.2049,0.1599,0.953,ANTLERED,ADULT,visible,ok,False,1,stop,
1389,SSWI000000029493858B.jpg,2022,11,0.4912,0.5066,0.3137,0.49,0.978,ANTLERED,ADULT,visible,ok,False,1,stop,
1390,SSWI000000009832081A.jpg,2018,8,0.4831,0.4275,0.3862,0.5724,0.974,ANTLERED,ADULT,visible,ok,False,1,stop,
1391,SSWI000000016524844A.jpg,2019,10,0.6943,0.6275,0.3056,0.2624,0.957,ANTLERED,ADULT,visible,ok,False,1,stop,
1392,SSWI000000023628870C.jpg,2021,9,0.2181,0.3883,0.4093,0.4308,0.962,ANTLERED,ADULT,visible,ok,False,1,stop,
1393,SSWI000000027499057B.jpg,2022,7,0.3025,0.4275,0.2,0.2349,0.965,ANTLERED,ADULT,visible,ok,False,1,stop,
1394,SSWI000000016705638A.jpg,2019,12,0.7587,0.4274,0.2412,0.3216,0.959,ANTLERED,ADULT,visible,ok,False,1,stop,
1395,SSWI000000020663285A.jpg,2019,11,0.5499,0.3983,0.1337,0.4074,0.975,ANTLERED,ADULT,visible,ok,False,1,stop,
1396,SSWI000000021247519B.jpg,2020,11,0.2587,0.4124,0.2275,0.5849,0.978,ANTLERED,ADULT,visible,ok,False,1,stop,
1397,SSWI000000020664402A.jpg,2020,7,0.0,0.4591,0.6025,0.5383,0.974,ANTLERED,ADULT,visible,ok,False,1,stop,
1398,SSWI000000029574374C.jpg,2022,12,0.0006249,0.2916,0.36,0.4783,0.959,ANTLERED,ADULT,visible,ok,False,1,stop,
1399,SSWI000000024648253C.jpg,2021,10,0.5156,0.3174,0.2862,0.3316,0.954,ANTLERED,ADULT,visible,ok,False,1,stop,
1400,SSWI000000019560301C.jpg,2020,8,0.08937,0.5816,0.3462,0.2791,0.951,ANTLERED,ADULT,visible,ok,False,1,stop,
1401,SSWI000000029353266B.jpg,2022,9,0.5956,0.625,0.3006,0.3716,0.975,ANTLERED,ADULT,visible,ok,False,1,stop,
1402,SSWI000000028188401C.jpg,2022,8,0.0,0.5841,0.2943,0.4149,0.976,ANTLERED,ADULT,visible,ok,False,1,stop,
1403,SSWI000000010328227A.jpg,2018,7,0.6775,0.2858,0.3224,0.3216,0.968,ANTLERED,ADULT,visible,ok,False,1,stop,
1404,SSWI000000033296242C.jpg,2023,11,0.4868,0.4833,0.2537,0.5158,0.974,ANTLERED,ADULT,visible,ok,False,1,stop,
1405,SSWI000000010490749C.jpg,2018,7,0.3212,0.4741,0.2518,0.4208,0.965,ANTLERED,ADULT,visible,ok,False,1,stop,
1406,SSWI000000011393532A.jpg,2018,10,0.4218,0.5116,0.5774,0.4883,0.973,ANTLERED,ADULT,visible,ok,False,1,stop,
1407,SSWI000000015862619B.jpg,2019,10,0.7775,0.2966,0.2224,0.4716,0.951,ANTLERED,ADULT,visible,ok,False,1,stop,
1408,SSWI000000015756296A.jpg,2019,11,0.3193,0.2541,0.5193,0.3524,0.963,ANTLERED,ADULT,visible,ok,False,1,stop,
1409,SSWI000000033324723C.jpg,2023,11,0.6975,0.2966,0.2831,0.3533,0.968,ANTLERED,ADULT,visible,ok,False,1,stop,
1410,SSWI000000011392699B.jpg,2018,12,0.0,0.4491,0.2656,0.5483,0.978,ANTLERED,ADULT,visible,ok,False,1,stop,
1411,SSWI000000010328056A.jpg,2018,7,0.05624,0.3774,0.5531,0.4225,0.961,ANTLERED,ADULT,visible,ok,False,1,stop,
1412,SSWI000000015015896C.jpg,2019,7,0.002499,0.2291,0.5062,0.7674,0.974,ANTLERED,ADULT,not_visible,ok,False,1,stop,
1413,SSWI000000020128702B.jpg,2020,10,0.2056,0.1316,0.7943,0.8641,0.98,ANTLERED,ADULT,visible,ok,False,1,stop,
1414,SSWI000000011156600A.jpg,2018,11,0.3681,0.3666,0.4218,0.3491,0.968,ANTLERED,ADULT,visible,ok,False,1,stop,
1415,SSWI000000014728919A.jpg,2019,8,0.5731,0.3891,0.4268,0.6091,0.954,ANTLERED,ADULT,not_visible,ok,False,1,stop,
1416,SSWI000000020573003A.jpg,2020,10,0.0,0.004999,0.6268,0.9583,0.98,ANTLERED,ADULT,not_visible,ok,False,1,stop,
1417,SSWI000000033413378C.jpg,2023,10,0.4931,0.5124,0.3574,0.485,0.968,ANTLERED,ADULT,visible,ok,False,1,stop,
1418,SSWI000000025255465C.jpg,2021,12,0.0,0.4025,0.6324,0.5958,0.967,ANTLERED,ADULT,visible,ok,False,1,stop,
1419,SSWI000000011468194B.jpg,2018,11,0.5156,0.645,0.1899,0.3508,0.969,ANTLERED,ADULT,visible,ok,False,1,stop,
1420,SSWI000000034250370C.jpg,2023,12,0.5693,0.3724,0.3737,0.5333,0.971,ANTLERED,ADULT,visible,ok,False,1,stop,
1421,SSWI000000009835888B.jpg,2018,8,0.1818,0.6499,0.3268,0.3499,0.972,ANTLERED,ADULT,visible,ok,False,1,stop,
1422,SSWI000000011220041A.jpg,2018,9,0.0,0.5266,0.3625,0.4708,0.966,ANTLERED,ADULT,not_visible,ok,False,1,stop,
1423,SSWI000000011052703C.jpg,2018,9,0.6268,0.7083,0.2849,0.2916,0.967,ANTLERED,ADULT,not_visible,ok,False,1,stop,
1424,SSWI000000011041968A.jpg,2018,10,0.5237,0.4733,0.3356,0.3666,0.95,ANTLERED,ADULT,visible,ok,False,1,stop,
1425,SSWI000000020689106A.jpg,2020,11,0.7825,0.4883,0.2168,0.4058,0.962,ANTLERED,ADULT,visible,ok,False,1,stop,
1426,SSWI000000010482697C.jpg,2018,9,0.4618,0.5158,0.3549,0.4841,0.966,ANTLERED,ADULT,visible,ok,False,1,stop,
1427,SSWI000000011052647C.jpg,2018,11,0.4006,0.3133,0.08187,0.3316,0.964,ANTLERED,ADULT,visible,ok,False,1,stop,
1428,SSWI000000015698095A.jpg,2019,10,0.4124,0.5233,0.1956,0.3766,0.962,ANTLERED,ADULT,visible,ok,False,1,stop,
1429,SSWI000000025102465B.jpg,2021,12,0.5131,0.5074,0.3675,0.3274,0.952,ANTLERED,ADULT,visible,ok,False,1,stop,
1430,SSWI000000031608258C.jpg,2023,7,0.4481,0.6358,0.1899,0.1758,0.964,ANTLERED,ADULT,visible,ok,False,1,stop,
1431,SSWI000000020663320B.jpg,2019,12,0.6462,0.2508,0.1237,0.34,0.963,ANTLERED,ADULT,visible,ok,False,1,stop,
1432,SSWI000000018592371A.jpg,2020,6,0.6599,0.2391,0.34,0.7583,0.982,ANTLERED,ADULT,visible,ok,False,1,stop,
1433,SSWI000000020644821C.jpg,2020,12,0.7018,0.5949,0.2981,0.3791,0.969,ANTLERED,ADULT,not_visible,ok,False,1,stop,
1434,SSWI000000010482673B.jpg,2018,9,0.5887,0.8574,0.2637,0.1408,0.95,ANTLERED,ADULT,visible,ok,False,1,stop,
1435,SSWI000000033293586A.jpg,2023,9,0.1381,0.2633,0.4843,0.5741,0.979,ANTLERED,ADULT,visible,ok,False,1,stop,
1436,SSWI000000011035465C.jpg,2018,10,0.7949,0.5125,0.2049,0.4158,0.974,ANTLERED,ADULT,visible,ok,False,1,stop,
1437,SSWI000000029184775C.jpg,2022,8,0.6831,0.4433,0.3168,0.555,0.974,ANTLERED,ADULT,visible,ok,False,1,stop,
1438,SSWI000000014963205A.jpg,2019,9,0.6081,0.4933,0.2906,0.2533,0.962,ANTLERED,ADULT,visible,ok,False,1,stop,
1439,SSWI000000009594357B.jpg,2018,6,0.4593,0.3933,0.2568,0.5475,0.96,ANTLERED,ADULT,visible,ok,False,1,stop,
1440,SSWI000000011235625C.jpg,2018,11,0.6656,0.4733,0.2281,0.2041,0.952,ANTLERED,ADULT,not_visible,ok,False,1,stop,
1441,SSWI000000020689193A.jpg,2020,12,0.7787,0.5199,0.1637,0.3416,0.965,ANTLERED,ADULT,visible,ok,False,1,stop,
1442,SSWI000000028928726C.jpg,2022,10,0.000625,0.2291,0.6431,0.7674,0.983,ANTLERED,ADULT,visible,ok,False,1,stop,
1443,SSWI000000021427858B.jpg,2020,12,0.1462,0.2199,0.4381,0.3683,0.967,ANTLERED,ADULT,visible,ok,False,1,stop,
1444,SSWI000000024727283C.jpg,2021,10,0.1981,0.3666,0.5268,0.5391,0.964,ANTLERED,ADULT,visible,ok,False,1,stop,
1445,SSWI000000018791883B.jpg,2020,6,0.315,0.4041,0.4862,0.5933,0.978,ANTLERED,ADULT,visible,ok,False,1,stop,
1446,SSWI000000024858275A.jpg,2021,11,0.2868,0.5475,0.2649,0.3108,0.96,ANTLERED,ADULT,visible,ok,False,1,stop,
1447,SSWI000000017968416C.jpg,2019,10,0.2599,0.4216,0.2118,0.1716,0.95,ANTLERED,ADULT,visible,ok,False,1,stop,
1448,SSWI000000010711115A.jpg,2018,8,0.0,0.7425,0.4824,0.2549,0.972,ANTLERED,ADULT,visible,ok,False,1,stop,
1449,SSWI000000011265639B.jpg,2018,10,0.74,0.4474,0.2599,0.5491,0.956,ANTLERED,ADULT,visible,ok,False,1,stop,
1450,SSWI000000017252570C.jpg,2020,1,0.2806,0.535,0.25,0.2258,0.971,ANTLERED,ADULT,visible,ok,False,1,stop,
1451,SSWI000000015698185A.jpg,2019,10,0.4125,0.5341,0.1962,0.3675,0.961,ANTLERED,ADULT,visible,ok,False,1,stop,
1452,SSWI000000022385932A.jpg,2021,4,0.4193,0.7133,0.5074,0.2866,0.957,ANTLERED,ADULT,visible,ok,False,1,stop,
1453,SSWI000000017356633A.jpg,2020,5,0.2731,0.2149,0.4925,0.4083,0.973,ANTLERED,ADULT,visible,ok,False,1,stop,
1454,SSWI000000031609190A.jpg,2023,7,0.5468,0.6441,0.2349,0.3558,0.969,ANTLERED,ADULT,visible,ok,False,1,stop,
1455,SSWI000000028864289B.jpg,2022,11,0.2962,0.2875,0.7031,0.7091,0.976,ANTLERED,ADULT,visible,ok,False,1,stop,
1456,SSWI000000028790274C.jpg,2022,8,0.6006,0.5191,0.3237,0.2374,0.95,ANTLERED,ADULT,visible,ok,False,1,stop,
1457,SSWI000000011065179C.jpg,2018,10,0.3062,0.25,0.4187,0.3766,0.969,ANTLERED,ADULT,visible,ok,False,1,stop,
1458,SSWI000000025659810A.jpg,2021,11,0.7487,0.5149,0.2512,0.3375,0.952,ANTLERED,ADULT,visible,ok,False,1,stop,
1459,SSWI000000029353676C.jpg,2022,10,0.5874,0.7083,0.4124,0.2891,0.984,ANTLERED,ADULT,visible,ok,False,1,stop,
1460,SSWI000000020365280B.jpg,2020,1,0.8468,0.5541,0.1531,0.3524,0.971,ANTLERED,ADULT,visible,ok,False,1,stop,
1461,SSWI000000016240840C.jpg,2019,11,0.3493,0.2491,0.5224,0.5458,0.979,ANTLERED,ADULT,visible,ok,False,1,stop,
1462,SSWI000000011468166B.jpg,2018,11,0.5243,0.65,0.2056,0.3458,0.975,ANTLERED,ADULT,visible,ok,False,1,stop,
1463,SSWI000000010482605A.jpg,2018,8,0.0,0.4599,0.2099,0.2975,0.965,ANTLERED,ADULT,visible,ok,False,1,stop,
1464,SSWI000000012320584A.jpg,2018,10,0.8712,0.2891,0.1287,0.46,0.956,ANTLERED,ADULT,visible,ok,False,1,stop,
1465,SSWI000000015830831B.jpg,2019,11,0.3318,0.4166,0.3468,0.37,0.97,ANTLERED,ADULT,visible,ok,False,1,stop,
1466,SSWI000000024638196A.jpg,2021,11,0.0,0.4999,0.1831,0.2783,0.952,ANTLERED,ADULT,visible,ok,False,1,stop,
1467,SSWI000000015641466B.jpg,2019,10,0.1087,0.1925,0.4768,0.4616,0.967,ANTLERED,ADULT,visible,ok,False,1,stop,
1468,SSWI000000014659902B.jpg,2019,8,0.01749,0.4566,0.1662,0.54,0.962,ANTLERED,ADULT,visible,ok,False,1,stop,
1469,SSWI000000015642083C.jpg,2019,9,0.0,0.4158,0.6368,0.5375,0.97,ANTLERED,ADULT,visible,ok,False,1,stop,
1470,SSWI000000032974413C.jpg,2023,10,0.0,0.34,0.6512,0.6566,0.982,ANTLERED,ADULT,visible,ok,False,1,stop,
1471,SSWI000000019573377A.jpg,2020,9,0.0,0.5266,0.56,0.4716,0.967,ANTLERED,ADULT,visible,ok,False,1,stop,
1472,SSWI000000016229874C.jpg,2019,11,0.4931,0.2625,0.3499,0.4074,0.96,ANTLERED,ADULT,visible,ok,False,1,stop,
1473,SSWI000000011035326A.jpg,2018,9,0.04062,0.4375,0.3231,0.375,0.978,ANTLERED,ADULT,visible,ok,False,1,stop,
1474,SSWI000000010773248C.jpg,2018,10,0.1831,0.6375,0.4231,0.3625,0.971,ANTLERED,ADULT,visible,ok,False,1,stop,
1475,SSWI000000015536823B.jpg,2019,11,0.4637,0.6533,0.5356,0.3458,0.98,ANTLERED,ADULT,visible,ok,False,1,stop,
1476,SSWI000000033944769B.jpg,2023,12,0.4674,0.5599,0.2768,0.4366,0.972,ANTLERED,ADULT,visible,ok,False,1,stop,
1477,SSWI000000018149979B.jpg,2020,5,0.7018,0.4308,0.2981,0.5058,0.961,ANTLERED,ADULT,visible,ok,False,1,stop,
1478,SSWI000000015541342C.jpg,2019,10,0.0,0.2324,0.3524,0.7641,0.98,ANTLERED,ADULT,visible,ok,False,1,stop,
1479,SSWI000000016311230B.jpg,2019,11,0.01124,0.4341,0.1393,0.4,0.968,ANTLERED,ADULT,visible,ok,False,1,stop,
1480,SSWI000000015784266B.jpg,2019,10,0.0,0.4399,0.4931,0.5575,0.978,ANTLERED,ADULT,visible,ok,False,1,stop,
1481,SSWI000000020080203C.jpg,2020,9,0.1581,0.5266,0.4474,0.3758,0.958,ANTLERED,ADULT,visible,ok,False,1,stop,
1482,SSWI000000018783975B.jpg,2020,6,0.1912,0.2866,0.5199,0.4541,0.963,ANTLERED,ADULT,visible,ok,False,1,stop,
1483,SSWI000000021428352A.jpg,2020,10,0.4293,0.3299,0.2475,0.6383,0.975,ANTLERED,ADULT,visible,ok,False,1,stop,
1484,SSWI000000011521730A.jpg,2018,10,0.7443,0.215,0.2556,0.4291,0.954,ANTLERED,ADULT,visible,ok,False,1,stop,
1485,SSWI000000027505310B.jpg,2022,7,0.0,0.3741,0.7612,0.6241,0.975,ANTLERED,ADULT,visible,ok,False,1,stop,
1486,SSWI000000013639676B.jpg,2019,6,0.0375,0.3641,0.3899,0.3933,0.966,ANTLERED,ADULT,not_visible,ok,False,1,stop,
1487,SSWI000000011441677C.jpg,2018,10,0.0,0.4275,0.6399,0.5708,0.977,ANTLERED,ADULT,visible,ok,False,1,stop,
1488,SSWI000000011207526C.jpg,2018,9,0.8093,0.8225,0.1456,0.1749,0.959,ANTLERED,ADULT,visible,ok,False,1,stop,
1489,SSWI000000032179595C.jpg,2022,7,0.3406,0.2983,0.5518,0.6991,0.98,ANTLERED,ADULT,visible,ok,False,1,stop,
1490,SSWI000000010596308B.jpg,2018,8,0.0,0.2908,0.5443,0.7091,0.964,ANTLERED,ADULT,visible,ok,False,1,stop,
1491,SSWI000000027121566B.jpg,2022,8,0.4825,0.4716,0.4737,0.5258,0.966,ANTLERED,ADULT,not_visible,ok,False,1,stop,
1492,SSWI000000034044562C.jpg,2023,12,0.0006249,0.0,0.7693,0.9908,0.96,ANTLERED,ADULT,visible,ok,False,1,stop,
1493,SSWI000000013077369A.jpg,2019,5,0.002499,0.004166,0.8181,0.9616,0.966,ANTLERED,ADULT,visible,ok,False,1,stop,
1494,SSWI000000029671641A.jpg,2022,10,0.04562,0.3941,0.2631,0.5283,0.98,ANTLERED,ADULT,visible,ok,False,1,stop,
1495,SSWI000000025254971B.jpg,2021,11,0.3406,0.2299,0.6243,0.7641,0.982,ANTLERED,ADULT,visible,ok,False,1,stop,
1496,SSWI000000032191115B.jpg,2023,6,0.2137,0.2366,0.6918,0.7591,0.976,ANTLERED,ADULT,visible,ok,False,1,stop,
1497,SSWI000000014963140A.jpg,2019,8,0.1581,0.485,0.2368,0.5116,0.98,ANTLERED,ADULT,visible,ok,False,1,stop,
1498,SSWI000000029331707C.jpg,2022,10,0.7124,0.3116,0.2874,0.3941,0.95,ANTLERED,ADULT,visible,ok,False,1,stop,
1499,SSWI000000021089969B.jpg,2020,11,0.05499,0.7824,0.3725,0.215,0.969,ANTLERED,ADULT,visible,ok,False,1,stop,
1500,SSWI000000033255754B.jpg,2023,8,0.2768,0.7275,0.5793,0.27,0.971,ANTLERED,ADULT,not_visible,ok,False,1,stop,
1501,SSWI000000018741193B.jpg,2020,6,0.0,0.2891,0.6287,0.7074,0.982,ANTLERED,ADULT,visible,ok,False,1,stop,
1502,SSWI000000015607558B.jpg,2019,11,0.6318,0.3141,0.3681,0.5591,0.957,ANTLERED,ADULT,visible,ok,False,1,stop,
1503,SSWI000000028461000C.jpg,2022,10,0.6856,0.4058,0.305,0.2391,0.957,ANTLERED,ADULT,visible,ok,False,1,stop,
1504,SSWI000000020364635B.jpg,2019,12,0.06312,0.5924,0.6506,0.3666,0.953,ANTLERED,ADULT,visible,ok,False,1,stop,
1505,SSWI000000031609105C.jpg,2023,6,0.5349,0.6891,0.33,0.3075,0.976,ANTLERED,ADULT,visible,ok,False,1,stop,
1506,SSWI000000009332695C.jpg,2018,6,0.335,0.4133,0.2081,0.3283,0.966,ANTLERED,ADULT,visible,ok,False,1,stop,
1507,SSWI000000032974409B.jpg,2023,10,0.1587,0.465,0.8406,0.5316,0.976,ANTLERED,ADULT,visible,ok,False,1,stop,
1508,SSWI000000018560990B.jpg,2020,5,0.3443,0.6033,0.2443,0.2924,0.975,ANTLERED,ADULT,visible,ok,False,1,stop,
1509,SSWI000000024755410B.jpg,2021,12,0.01499,0.6133,0.495,0.3841,0.976,ANTLERED,ADULT,visible,ok,False,1,stop,
1510,SSWI000000019431907B.jpg,2020,8,0.3824,0.4633,0.1712,0.3541,0.955,ANTLERED,ADULT,visible,ok,False,1,stop,
1511,SSWI000000019560617A.jpg,2020,10,0.0006249,0.5941,0.37,0.405,0.978,ANTLERED,ADULT,visible,ok,False,1,stop,
1512,SSWI000000010749337B.jpg,2018,8,0.4812,0.3966,0.5187,0.6033,0.964,ANTLERED,ADULT,not_visible,ok,False,1,stop,
1513,SSWI000000033358930B.jpg,2023,10,0.5531,0.3441,0.3249,0.3675,0.961,ANTLERED,ADULT,visible,ok,False,1,stop,
1514,SSWI000000016525330B.jpg,2019,12,0.4312,0.6574,0.1268,0.2841,0.97,ANTLERED,ADULT,visible,ok,False,1,stop,
1515,SSWI000000028958809B.jpg,2022,10,0.2449,0.7408,0.2537,0.2566,0.957,ANTLERED,ADULT,not_visible,ok,False,1,stop,
1516,SSWI000000028547040A.jpg,2022,10,0.5931,0.4266,0.2381,0.3291,0.965,ANTLERED,ADULT,visible,ok,False,1,stop,
1517,SSWI000000017935941B.jpg,2019,8,0.2162,0.5033,0.7649,0.4958,0.975,ANTLERED,ADULT,visible,ok,False,1,stop,
1518,SSWI000000011037577B.jpg,2018,11,0.4131,0.6083,0.1774,0.155,0.957,ANTLERED,ADULT,visible,ok,False,1,stop,
1519,SSWI000000013128245B.jpg,2019,5,0.7599,0.1266,0.2399,0.3391,0.957,ANTLERED,ADULT,visible,ok,False,1,stop,
1520,SSWI000000028353100A.jpg,2022,7,0.0,0.51,0.2874,0.2941,0.957,ANTLERED,ADULT,visible,ok,False,1,stop,
1521,SSWI000000024175669A.jpg,2021,10,0.5062,0.6416,0.2712,0.3549,0.97,ANTLERED,ADULT,visible,ok,False,1,stop,
1522,SSWI000000023347680C.jpg,2021,7,0.1225,0.4833,0.5868,0.4916,0.971,ANTLERED,ADULT,visible,ok,False,1,stop,
1523,SSWI000000020321612B.jpg,2020,11,0.1068,0.4808,0.3087,0.2975,0.975,ANTLERED,ADULT,visible,ok,False,1,stop,
1524,SSWI000000020079065A.jpg,2019,5,0.26,0.4533,0.3449,0.5141,0.974,ANTLERED,ADULT,visible,ok,False,1,stop,
1525,SSWI000000020072160B.jpg,2020,11,0.4175,0.5425,0.1981,0.1708,0.95,ANTLERED,ADULT,visible,ok,False,1,stop,
1526,SSWI000000010707927B.jpg,2018,10,0.71,0.485,0.2156,0.2366,0.968,ANTLERED,ADULT,visible,ok,False,1,stop,
1527,SSWI000000033180970B.jpg,2023,11,0.09562,0.4166,0.9037,0.5808,0.958,ANTLERED,ADULT,not_visible,ok,False,1,stop,
1528,SSWI000000015212718B.jpg,2019,9,0.4831,0.2449,0.3506,0.4149,0.972,ANTLERED,ADULT,visible,ok,False,1,stop,
1529,SSWI000000011014423B.jpg,2018,11,0.73,0.4075,0.27,0.5891,0.976,ANTLERED,ADULT,visible,ok,False,1,stop,
1530,SSWI000000024691715B.jpg,2021,5,0.1699,0.445,0.2118,0.2574,0.964,ANTLERED,ADULT,visible,ok,False,1,stop,
1531,SSWI000000008577088A.jpg,2018,5,0.3943,0.3908,0.2662,0.5116,0.973,ANTLERED,ADULT,visible,ok,False,1,stop,
1532,SSWI000000028956609B.jpg,2022,11,0.4637,0.6925,0.2068,0.305,0.958,ANTLERED,ADULT,not_visible,ok,False,1,stop,
1533,SSWI000000031702361C.jpg,2023,7,0.0,0.59,0.4918,0.4083,0.983,ANTLERED,ADULT,visible,ok,False,1,stop,
1534,SSWI000000028783595B.jpg,2022,9,0.3168,0.4,0.2531,0.2275,0.958,ANTLERED,ADULT,visible,ok,False,1,stop,
1535,SSWI000000027107872B.jpg,2022,7,0.6156,0.1291,0.3843,0.87,0.978,ANTLERED,ADULT,visible,ok,False,1,stop,
1536,SSWI000000021618850A.jpg,2020,9,0.5475,0.5266,0.4524,0.43,0.971,ANTLERED,ADULT,visible,ok,False,1,stop,
1537,SSWI000000034464806A.jpg,2023,12,0.7356,0.475,0.2143,0.4508,0.971,ANTLERED,ADULT,visible,ok,False,1,stop,
1538,SSWI000000010660823C.jpg,2018,9,0.1512,0.4933,0.3125,0.5066,0.965,ANTLERED,ADULT,visible,ok,False,1,stop,
1539,SSWI000000020344703C.jpg,2020,11,0.5649,0.6483,0.1337,0.3508,0.95,ANTLERED,ADULT,visible,ok,False,1,stop,
1540,SSWI000000033228457B.jpg,2023,11,0.4568,0.6366,0.2381,0.2391,0.961,ANTLERED,ADULT,visible,ok,False,1,stop,
1541,SSWI000000033255755C.jpg,2023,8,0.003125,0.7683,0.9393,0.2291,0.953,ANTLERED,ADULT,visible,ok,False,1,stop,
1542,SSWI000000033293707B.jpg,2023,9,0.0,0.3833,0.3968,0.615,0.98,ANTLERED,ADULT,not_visible,ok,False,1,stop,
1543,SSWI000000011465788B.jpg,2018,11,0.1956,0.3983,0.2374,0.3416,0.972,ANTLERED,ADULT,visible,ok,False,1,stop,
1544,SSWI000000017709832B.jpg,2020,5,0.8081,0.5258,0.1287,0.4066,0.959,ANTLERED,ADULT,visible,ok,False,1,stop,
1545,SSWI000000014945660A.jpg,2019,8,0.0,0.2916,0.6856,0.7074,0.966,ANTLERED,ADULT,visible,ok,False,1,stop,
1546,SSWI000000016201277C.jpg,2019,12,0.4418,0.7216,0.1737,0.2766,0.972,ANTLERED,ADULT,visible,ok,False,1,stop,
1547,SSWI000000012411535C.jpg,2018,10,0.4468,0.5541,0.4074,0.3899,0.982,ANTLERED,ADULT,visible,ok,False,1,stop,
1548,SSWI000000015251246B.jpg,2019,8,0.4681,0.3083,0.5318,0.6899,0.968,ANTLERED,ADULT,visible,ok,False,1,stop,
1549,SSWI000000024756563B.jpg,2021,12,0.5106,0.3991,0.2937,0.3291,0.969,ANTLERED,ADULT,visible,ok,False,1,stop,
1550,SSWI000000033359607B.jpg,2023,11,0.3631,0.2649,0.3675,0.3625,0.96,ANTLERED,ADULT,visible,ok,False,1,stop,
1551,SSWI000000028398326C.jpg,2022,8,0.3181,0.3208,0.3218,0.5333,0.963,ANTLERED,ADULT,visible,ok,False,1,stop,
1552,SSWI000000016705671C.jpg,2019,12,0.6975,0.4308,0.1593,0.2391,0.961,ANTLERED,ADULT,visible,ok,False,1,stop,
1553,SSWI000000015901248C.jpg,2019,10,0.2943,0.5916,0.3868,0.2858,0.969,ANTLERED,ADULT,visible,ok,False,1,stop,
1554,SSWI000000024699418C.jpg,2021,12,0.03,0.2766,0.3762,0.7191,0.964,ANTLERED,ADULT,visible,ok,False,1,stop,
1555,SSWI000000014715930A.jpg,2019,9,0.0,0.4474,0.3093,0.5475,0.982,ANTLERED,ADULT,visible,ok,False,1,stop,
1556,SSWI000000017356633C.jpg,2020,5,0.4893,0.1933,0.4031,0.4458,0.969,ANTLERED,ADULT,visible,ok,False,1,stop,
1557,SSWI000000018240033C.jpg,2019,9,0.1862,0.4633,0.2006,0.2558,0.962,ANTLERED,ADULT,visible,ok,False,1,stop,
1558,SSWI000000019573071A.jpg,2020,8,0.1881,0.6108,0.2843,0.2766,0.957,ANTLERED,ADULT,visible,ok,False,1,stop,
1559,SSWI000000009832429B.jpg,2018,8,0.06249,0.4541,0.1987,0.2041,0.958,ANTLERED,ADULT,visible,ok,False,1,stop,
1560,SSWI000000016043736B.jpg,2019,10,0.1774,0.3941,0.2693,0.2866,0.975,ANTLERED,ADULT,visible,ok,False,1,stop,
1561,SSWI000000020364989B.jpg,2020,1,0.5762,0.6324,0.1631,0.2483,0.961,ANTLERED,ADULT,visible,ok,False,1,stop,
1562,SSWI000000009636758C.jpg,2018,7,0.1937,0.2091,0.4237,0.4683,0.964,ANTLERED,ADULT,visible,ok,False,1,stop,
1563,SSWI000000027701666B.jpg,2022,8,0.0,0.06249,0.6524,0.935,0.95,ANTLERED,ADULT,visible,ok,False,1,stop,
1564,SSWI000000023321653C.jpg,2021,8,0.7474,0.4766,0.2524,0.4733,0.971,ANTLERED,ADULT,visible,ok,False,1,stop,
1565,SSWI000000020128689C.jpg,2020,10,0.0,0.3316,0.2793,0.5366,0.972,ANTLERED,ADULT,not_visible,ok,False,1,stop,
1566,SSWI000000009700464C.jpg,2018,8,0.4468,0.7183,0.14,0.2758,0.954,ANTLERED,ADULT,visible,ok,False,1,stop,
1567,SSWI000000017435741A.jpg,2020,5,0.4037,0.4199,0.1443,0.165,0.95,ANTLERED,ADULT,visible,ok,False,1,stop,
1568,SSWI000000011049712C.jpg,2018,10,0.0,0.3475,0.4831,0.5233,0.971,ANTLERED,ADULT,visible,ok,False,1,stop,
1569,SSWI000000011416818B.jpg,2018,11,0.7156,0.5266,0.2,0.1875,0.955,ANTLERED,ADULT,visible,ok,False,1,stop,
1570,SSWI000000024507142B.jpg,2021,10,0.04625,0.1366,0.6924,0.6675,0.95,ANTLERED,ADULT,visible,ok,False,1,stop,
1571,SSWI000000013639842B.jpg,2019,7,0.2887,0.3133,0.4193,0.3658,0.955,ANTLERED,ADULT,visible,ok,False,1,stop,
1572,SSWI000000010482732C.jpg,2018,9,0.08999,0.4641,0.3968,0.4875,0.967,ANTLERED,ADULT,visible,ok,False,1,stop,
1573,SSWI000000033382032B.jpg,2023,11,0.4662,0.3425,0.4168,0.6408,0.98,ANTLERED,ADULT,visible,ok,False,1,stop,
1574,SSWI000000021270900B.jpg,2020,10,0.4187,0.6316,0.2675,0.3658,0.972,ANTLERED,ADULT,visible,ok,False,1,stop,
1575,SSWI000000015189767C.jpg,2019,9,0.003749,0.4141,0.6693,0.5816,0.986,ANTLERED,ADULT,visible,ok,False,1,stop,
1576,SSWI000000015393254B.jpg,2018,11,0.1712,0.3866,0.2806,0.2849,0.959,ANTLERED,ADULT,visible,ok,False,1,stop,
1577,SSWI000000020663344B.jpg,2019,12,0.52,0.2799,0.1687,0.3441,0.972,ANTLERED,ADULT,visible,ok,False,1,stop,
1578,SSWI000000019159104C.jpg,2019,10,0.7006,0.4874,0.2993,0.5124,0.967,ANTLERED,ADULT,visible,ok,False,1,stop,
1579,SSWI000000011156551B.jpg,2018,11,0.0,0.4583,0.1393,0.4008,0.95,ANTLERED,ADULT,visible,ok,False,1,stop,
1580,SSWI000000010858158B.jpg,2018,10,0.2537,0.5383,0.3212,0.4591,0.969,ANTLERED,ADULT,visible,ok,False,1,stop,
1581,SSWI000000011035010B.jpg,2018,10,0.6262,0.4058,0.1743,0.3583,0.969,ANTLERED,ADULT,visible,ok,False,1,stop,
1582,SSWI000000033358983B.jpg,2023,11,0.0,0.4074,0.3524,0.5749,0.95,ANTLERED,ADULT,visible,ok,False,1,stop,
1583,SSWI000000012411760C.jpg,2018,11,0.3512,0.5324,0.1474,0.3516,0.963,ANTLERED,ADULT,visible,ok,False,1,stop,
1584,SSWI000000020487123C.jpg,2020,12,0.0,0.2941,0.1987,0.5199,0.966,ANTLERED,ADULT,visible,ok,False,1,stop,
1585,SSWI000000019280461C.jpg,2020,8,0.4587,0.42,0.4887,0.4758,0.967,ANTLERED,ADULT,visible,ok,False,1,stop,
1586,SSWI000000015972103B.jpg,2019,12,0.4662,0.3816,0.1787,0.1899,0.959,ANTLERED,ADULT,visible,ok,False,1,stop,
1587,SSWI000000021089909B.jpg,2020,11,0.4993,0.7008,0.2824,0.2741,0.954,ANTLERED,ADULT,visible,ok,False,1,stop,
1588,SSWI000000020713407C.jpg,2019,11,0.8537,0.4558,0.1306,0.5158,0.962,ANTLERED,ADULT,visible,ok,False,1,stop,
1589,SSWI000000033684651B.jpg,2023,10,0.0,0.4525,0.4031,0.545,0.976,ANTLERED,ADULT,visible,ok,False,1,stop,
1590,SSWI000000017917137B.jpg,2020,6,0.1712,0.6858,0.4312,0.3116,0.977,ANTLERED,ADULT,visible,ok,False,1,stop,
1591,SSWI000000011435556C.jpg,2018,11,0.4325,0.5308,0.5674,0.4641,0.977,ANTLERED,ADULT,visible,ok,False,1,stop,
1592,SSWI000000021247533B.jpg,2020,11,0.6118,0.4408,0.2162,0.3383,0.97,ANTLERED,ADULT,visible,ok,False,1,stop,
1593,SSWI000000019471284C.jpg,2020,10,0.5149,0.2108,0.3218,0.7649,0.955,ANTLERED,ADULT,visible,ok,False,1,stop,
1594,SSWI000000010328268A.jpg,2018,8,0.1637,0.3625,0.2224,0.3483,0.955,ANTLERED,ADULT,visible,ok,False,1,stop,
1595,SSWI000000033159132C.jpg,2023,10,0.2106,0.3208,0.3806,0.3499,0.968,ANTLERED,ADULT,visible,ok,False,1,stop,
1596,SSWI000000032773826C.jpg,2023,10,0.1137,0.2425,0.4631,0.3658,0.966,ANTLERED,ADULT,visible,ok,False,1,stop,
1597,SSWI000000020072144B.jpg,2020,11,0.1837,0.4508,0.6493,0.5458,0.977,ANTLERED,ADULT,visible,ok,False,1,stop,
1598,SSWI000000024772984A.jpg,2021,10,0.33,0.655,0.2549,0.3425,0.964,ANTLERED,ADULT,visible,ok,False,1,stop,
1599,SSWI000000015698193C.jpg,2019,10,0.000625,0.3008,0.5774,0.5983,0.971,ANTLERED,ADULT,not_visible,ok,False,1,stop,
1600,SSWI000000010489280A.jpg,2018,7,0.2781,0.3766,0.2887,0.3641,0.959,ANTLERED,ADULT,visible,ok,False,1,stop,
1601,SSWI000000028175562C.jpg,2022,7,0.0,0.5625,0.4474,0.4358,0.96,ANTLERED,ADULT,visible,ok,False,1,stop,
1602,SSWI000000011052546C.jpg,2018,10,0.3456,0.3883,0.1387,0.2574,0.968,ANTLERED,ADULT,visible,ok,False,1,stop,
1603,SSWI000000032498906A.jpg,2023,6,0.105,0.5849,0.3849,0.4141,0.978,ANTLERED,ADULT,visible,ok,False,1,stop,
1604,SSWI000000014659612A.jpg,2019,6,0.3487,0.3975,0.3481,0.6008,0.977,ANTLERED,ADULT,visible,ok,False,1,stop,
1605,SSWI000000024498262B.jpg,2021,11,0.7062,0.5766,0.2574,0.275,0.965,ANTLERED,ADULT,visible,ok,False,1,stop,
1606,SSWI000000033395213B.jpg,2023,10,0.5931,0.1974,0.4068,0.7991,0.976,ANTLERED,ADULT,visible,ok,False,1,stop,
1607,SSWI000000015980908B.jpg,2019,10,0.0,0.4625,0.2312,0.1916,0.958,ANTLERED,ADULT,visible,ok,False,1,stop,
1608,SSWI000000026330136C.jpg,2022,6,0.5425,0.6399,0.2975,0.2583,0.958,ANTLERED,ADULT,visible,ok,False,1,stop,
1609,SSWI000000027701654B.jpg,2022,8,0.0,0.003333,0.4875,0.9574,0.986,ANTLERED,ADULT,visible,ok,False,1,stop,
1610,SSWI000000014856000B.jpg,2019,8,0.22,0.3966,0.3112,0.4074,0.959,ANTLERED,ADULT,visible,ok,False,1,stop,
1611,SSWI000000033496995B.jpg,2023,10,0.5431,0.3691,0.4568,0.6274,0.981,ANTLERED,ADULT,visible,ok,False,1,stop,
1612,SSWI000000015862816B.jpg,2019,10,0.6068,0.29,0.3931,0.7074,0.957,ANTLERED,ADULT,visible,ok,False,1,stop,
1613,SSWI000000010338850C.jpg,2018,7,0.4587,0.38,0.2675,0.2541,0.957,ANTLERED,ADULT,visible,ok,False,1,stop,
1614,SSWI000000019469359A.jpg,2020,7,0.01062,0.2899,0.4149,0.2633,0.951,ANTLERED,ADULT,visible,ok,False,1,stop,
1615,SSWI000000031967502C.jpg,2023,8,0.0,0.655,0.6393,0.3441,0.973,ANTLERED,ADULT,not_visible,ok,False,1,stop,
1616,SSWI000000022167168C.jpg,2021,6,0.0,0.5391,0.1031,0.4583,0.958,ANTLERED,ADULT,visible,ok,False,1,stop,
1617,SSWI000000013041566C.jpg,2019,3,0.6381,0.46,0.3618,0.54,0.965,ANTLERED,ADULT,not_visible,ok,False,1,stop,
1618,SSWI000000028428733B.jpg,2022,9,0.5543,0.3691,0.4456,0.6266,0.986,ANTLERED,ADULT,visible,ok,False,1,stop,
1619,SSWI000000027085049C.jpg,2022,7,0.3687,0.7191,0.455,0.2783,0.972,ANTLERED,ADULT,visible,ok,False,1,stop,
1620,SSWI000000014346786C.jpg,2019,5,0.3837,0.3466,0.4612,0.375,0.969,ANTLERED,ADULT,visible,ok,False,1,stop,
1621,SSWI000000024554979A.jpg,2021,9,0.1075,0.2291,0.4449,0.7683,0.984,ANTLERED,ADULT,visible,ok,False,1,stop,
1622,SSWI000000033293625A.jpg,2023,9,0.1918,0.5083,0.4268,0.4241,0.973,ANTLERED,ADULT,visible,ok,False,1,stop,
1623,SSWI000000019573057A.jpg,2020,8,0.1918,0.6166,0.2781,0.2675,0.953,ANTLERED,ADULT,visible,ok,False,1,stop,
1624,SSWI000000010482765C.jpg,2018,9,0.1024,0.4466,0.27,0.2583,0.959,ANTLERED,ADULT,visible,ok,False,1,stop,
1625,SSWI000000024976636C.jpg,2021,10,0.0,0.6891,0.4537,0.31,0.958,ANTLERED,ADULT,visible,ok,False,1,stop,
1626,SSWI000000014659897A.jpg,2019,8,0.004374,0.3808,0.2893,0.3591,0.965,ANTLERED,ADULT,visible,ok,False,1,stop,
1627,SSWI000000015862960B.jpg,2019,10,0.2068,0.2741,0.2406,0.3491,0.977,ANTLERED,ADULT,visible,ok,False,1,stop,
1628,SSWI000000032460049B.jpg,2023,9,0.2968,0.3358,0.3812,0.6616,0.973,ANTLERED,ADULT,visible,ok,False,1,stop,
1629,SSWI000000020128686B.jpg,2020,10,0.03812,0.325,0.4243,0.5749,0.98,ANTLERED,ADULT,visible,ok,False,1,stop,
1630,SSWI000000011465891A.jpg,2018,12,0.3231,0.3524,0.1906,0.3216,0.975,ANTLERED,ADULT,visible,ok,False,1,stop,
1631,SSWI000000016241209C.jpg,2020,1,0.4231,0.4899,0.3062,0.2624,0.968,ANTLERED,ADULT,visible,ok,False,1,stop,
1632,SSWI000000027871861A.jpg,2022,7,0.3575,0.5424,0.5212,0.455,0.963,ANTLERED,ADULT,visible,ok,False,1,stop,
1633,SSWI000000011536689B.jpg,2018,11,0.05562,0.4241,0.2918,0.5358,0.95,ANTLERED,ADULT,visible,ok,False,1,stop,
1634,SSWI000000034250366C.jpg,2023,12,0.5043,0.4808,0.3362,0.3958,0.975,ANTLERED,ADULT,visible,ok,False,1,stop,
1635,SSWI000000011049694B.jpg,2018,10,0.1481,0.4649,0.6118,0.5049,0.972,ANTLERED,ADULT,visible,ok,False,1,stop,
1636,SSWI000000026912309A.jpg,2022,7,0.0,0.5233,0.1324,0.2425,0.96,ANTLERED,ADULT,visible,ok,False,1,stop,
1637,SSWI000000025671412A.jpg,2021,11,0.1356,0.5116,0.2387,0.2275,0.969,ANTLERED,ADULT,visible,ok,False,1,stop,
1638,SSWI000000010761855B.jpg,2018,10,0.5656,0.2241,0.3675,0.3733,0.967,ANTLERED,ADULT,visible,ok,False,1,stop,
1639,SSWI000000010858070B.jpg,2018,9,0.5481,0.3791,0.3774,0.5641,0.961,ANTLERED,ADULT,visible,ok,False,1,stop,
1640,SSWI000000015537349B.jpg,2019,11,0.5956,0.3633,0.2443,0.3325,0.959,ANTLERED,ADULT,visible,ok,False,1,stop,
1641,SSWI000000011580440A.jpg,2018,11,0.4381,0.22,0.1918,0.4758,0.97,ANTLERED,ADULT,visible,ok,False,1,stop,
1642,SSWI000000014659611C.jpg,2019,6,0.2774,0.3391,0.2643,0.5691,0.959,ANTLERED,ADULT,visible,ok,False,1,stop,
1643,SSWI000000018128355C.jpg,2020,4,0.4762,0.6666,0.1937,0.3316,0.958,ANTLERED,ADULT,not_visible,ok,False,1,stop,
1644,SSWI000000012812556A.jpg,2018,10,0.7287,0.5075,0.1131,0.3858,0.95,ANTLERED,ADULT,visible,ok,False,1,stop,
1645,SSWI000000020688408C.jpg,2020,11,0.5812,0.4516,0.1956,0.2316,0.951,ANTLERED,ADULT,visible,ok,False,1,stop,
1646,SSWI000000023092658B.jpg,2020,11,0.0,0.4133,0.2112,0.5849,0.975,ANTLERED,ADULT,visible,ok,False,1,stop,
1647,SSWI000000028794842C.jpg,2022,8,0.3106,0.2733,0.55,0.4416,0.976,ANTLERED,ADULT,visible,ok,False,1,stop,
1648,SSWI000000034013578B.jpg,2023,12,0.5012,0.3683,0.2156,0.3041,0.955,ANTLERED,ADULT,visible,ok,False,1,stop,
1649,SSWI000000029473061A.jpg,2022,10,0.4537,0.5133,0.2631,0.2433,0.953,ANTLERED,ADULT,visible,ok,False,1,stop,
1650,SSWI000000015863060B.jpg,2019,10,0.05624,0.1575,0.9431,0.8391,0.974,ANTLERED,ADULT,not_visible,ok,False,1,stop,
1651,SSWI000000010596021C.jpg,2018,9,0.8262,0.5441,0.1737,0.2633,0.969,ANTLERED,ADULT,visible,ok,False,1,stop,
1652,SSWI000000017971126C.jpg,2019,10,0.4637,0.4416,0.5362,0.5433,0.963,ANTLERED,ADULT,visible,ok,False,1,stop,
1653,SSWI000000033477765C.jpg,2023,11,0.2312,0.3691,0.33,0.2224,0.963,ANTLERED,ADULT,visible,ok,False,1,stop,
1654,SSWI000000017709826A.jpg,2020,5,0.4599,0.5358,0.2093,0.2566,0.968,ANTLERED,ADULT,visible,ok,False,1,stop,
1655,SSWI000000024578877A.jpg,2021,11,0.0,0.3058,0.1687,0.6933,0.964,ANTLERED,ADULT,visible,ok,False,1,stop,
1656,SSWI000000015852616B.jpg,2019,11,0.5312,0.4425,0.3187,0.3808,0.975,ANTLERED,ADULT,visible,ok,False,1,stop,
1657,SSWI000000027823949A.jpg,2022,8,0.0,0.3125,0.1868,0.2633,0.957,ANTLERED,ADULT,visible,ok,False,1,stop,
1658,SSWI000000027763905B.jpg,2022,6,0.3062,0.1074,0.3762,0.8758,0.981,ANTLERED,ADULT,visible,ok,False,1,stop,
1659,SSWI000000011387805C.jpg,2018,11,0.4468,0.5183,0.3125,0.3033,0.953,ANTLERED,ADULT,visible,ok,False,1,stop,
1660,SSWI000000020072160A.jpg,2020,11,0.3412,0.5141,0.1256,0.1949,0.955,ANTLERED,ADULT,visible,ok,False,1,stop,
1661,SSWI000000023787317B.jpg,2021,7,0.2537,0.3483,0.5656,0.4325,0.969,ANTLERED,ADULT,visible,ok,False,1,stop,
1662,SSWI000000015862638A.jpg,2019,10,0.1737,0.2533,0.3581,0.3224,0.974,ANTLERED,ADULT,visible,ok,False,1,stop,
1663,SSWI000000010328063C.jpg,2018,7,0.006874,0.435,0.6887,0.5641,0.971,ANTLERED,ADULT,visible,ok,False,1,stop,
1664,SSWI000000020286327C.jpg,2020,11,0.2081,0.5033,0.4124,0.4016,0.972,ANTLERED,ADULT,visible,ok,False,1,stop,
1665,SSWI000000031680293C.jpg,2023,8,0.3149,0.2908,0.3506,0.5024,0.968,ANTLERED,ADULT,visible,ok,False,1,stop,
1666,SSWI000000011392557B.jpg,2018,11,0.7849,0.3974,0.215,0.3941,0.952,ANTLERED,ADULT,visible,ok,False,1,stop,
1667,SSWI000000033415602A.jpg,2023,11,0.2331,0.7166,0.6493,0.2816,0.957,ANTLERED,ADULT,visible,ok,False,1,stop,
1668,SSWI000000024554984C.jpg,2021,9,0.2593,0.1341,0.4006,0.6033,0.951,ANTLERED,ADULT,visible,ok,False,1,stop,
1669,SSWI000000033241406A.jpg,2023,11,0.4275,0.3983,0.2862,0.2649,0.963,ANTLERED,ADULT,visible,ok,False,1,stop,
1670,SSWI000000016525137A.jpg,2019,11,0.7174,0.6383,0.2037,0.2391,0.958,ANTLERED,ADULT,visible,ok,False,1,stop,
1671,SSWI000000011951514C.jpg,2018,10,0.3918,0.6083,0.3437,0.3458,0.962,ANTLERED,ADULT,visible,ok,False,1,stop,
1672,SSWI000000016082464C.jpg,2019,12,0.4337,0.005,0.5662,0.9616,0.98,ANTLERED,ADULT,visible,ok,False,1,stop,
1673,SSWI000000014292173B.jpg,2019,7,0.5331,0.2216,0.3456,0.3849,0.962,ANTLERED,ADULT,visible,ok,False,1,stop,
1674,SSWI000000028161737B.jpg,2022,8,0.6006,0.5633,0.2531,0.4358,0.97,ANTLERED,ADULT,visible,ok,False,1,stop,
1675,SSWI000000029353638C.jpg,2022,10,0.6737,0.7483,0.2018,0.25,0.969,ANTLERED,ADULT,visible,ok,False,1,stop,
1676,SSWI000000015212910C.jpg,2019,10,0.7424,0.2283,0.2262,0.3925,0.972,ANTLERED,ADULT,visible,ok,False,1,stop,
1677,SSWI000000011465876C.jpg,2018,12,0.0,0.5191,0.2131,0.4783,0.978,ANTLERED,ADULT,not_visible,ok,False,1,stop,
1678,SSWI000000033515198B.jpg,2023,11,0.5206,0.3074,0.2687,0.34,0.976,ANTLERED,ADULT,visible,ok,False,1,stop,
1679,SSWI000000011422508A.jpg,2018,12,0.3162,0.5258,0.1049,0.3516,0.971,ANTLERED,ADULT,visible,ok,False,1,stop,
1680,SSWI000000032335872A.jpg,2023,7,0.1262,0.4375,0.1956,0.1933,0.962,ANTLERED,ADULT,visible,ok,False,1,stop,
1681,SSWI000000024460156A.jpg,2021,10,0.3293,0.57,0.6706,0.4266,0.979,ANTLERED,ADULT,visible,ok,False,1,stop,
1682,SSWI000000024681521C.jpg,2021,9,0.2899,0.2616,0.1987,0.3433,0.974,ANTLERED,ADULT,visible,ok,False,1,stop,
1683,SSWI000000016406133B.jpg,2019,11,0.2831,0.3883,0.31,0.2808,0.965,ANTLERED,ADULT,visible,ok,False,1,stop,
1684,SSWI000000027824046B.jpg,2022,8,0.5131,0.3733,0.2612,0.3158,0.974,ANTLERED,ADULT,visible,ok,False,1,stop,
1685,SSWI000000028790529C.jpg,2022,9,0.235,0.4499,0.5793,0.5183,0.967,ANTLERED,ADULT,visible,ok,False,1,stop,
1686,SSWI000000010696022A.jpg,2018,10,0.09187,0.03999,0.5743,0.93,0.984,ANTLERED,ADULT,visible,ok,False,1,stop,
1687,SSWI000000033587575C.jpg,2023,10,0.0,0.1083,0.4162,0.8866,0.966,ANTLERED,ADULT,visible,ok,False,1,stop,
1688,SSWI000000016043683A.jpg,2019,10,0.1643,0.3916,0.2949,0.2899,0.973,ANTLERED,ADULT,visible,ok,False,1,stop,
1689,SSWI000000015862479A.jpg,2019,10,0.2268,0.2366,0.1737,0.4325,0.959,ANTLERED,ADULT,not_visible,ok,False,1,stop,
1690,SSWI000000033356863B.jpg,2023,11,0.5762,0.5416,0.4237,0.4575,0.979,ANTLERED,ADULT,visible,ok,False,1,stop,
1691,SSWI000000011065238B.jpg,2018,11,0.6237,0.4983,0.3762,0.5008,0.959,ANTLERED,ADULT,visible,ok,False,1,stop,
1692,SSWI000000015189736A.jpg,2019,8,0.0,0.3816,0.3712,0.6166,0.983,ANTLERED,ADULT,visible,ok,False,1,stop,
1693,SSWI000000033382013A.jpg,2023,10,0.1393,0.3183,0.4149,0.5608,0.965,ANTLERED,ADULT,visible,ok,False,1,stop,
1694,SSWI000000017709826C.jpg,2020,5,0.4675,0.5274,0.2262,0.2691,0.971,ANTLERED,ADULT,visible,ok,False,1,stop,
1695,SSWI000000010190869A.jpg,2018,9,0.1143,0.5166,0.5687,0.4799,0.987,ANTLERED,ADULT,visible,ok,False,1,stop,
1696,SSWI000000021880105C.jpg,2020,11,0.3831,0.4174,0.2281,0.2624,0.967,ANTLERED,ADULT,visible,ok,False,1,stop,
1697,SSWI000000015861987C.jpg,2019,11,0.235,0.2316,0.2099,0.4766,0.979,ANTLERED,ADULT,visible,ok,False,1,stop,
1698,SSWI000000014736334B.jpg,2019,8,0.03499,0.4983,0.3506,0.4716,0.958,ANTLERED,ADULT,visible,ok,False,1,stop,
1699,SSWI000000012411642A.jpg,2018,10,0.7274,0.5416,0.2725,0.2549,0.954,ANTLERED,ADULT,visible,ok,False,1,stop,
1700,SSWI000000021422513B.jpg,2020,5,0.2312,0.31,0.7687,0.6891,0.967,ANTLERED,ADULT,visible,ok,False,1,stop,
1701,SSWI000000011392609C.jpg,2018,11,0.0,0.4333,0.4424,0.5633,0.982,ANTLERED,ADULT,visible,ok,False,1,stop,
1702,SSWI000000010877272B.jpg,2018,8,0.4643,0.6849,0.3,0.3116,0.968,ANTLERED,ADULT,visible,ok,False,1,stop,
1703,SSWI000000023668964B.jpg,2021,9,0.0,0.335,0.4231,0.4575,0.966,ANTLERED,ADULT,not_visible,ok,False,1,stop,
1704,SSWI000000018791916C.jpg,2020,6,0.075,0.415,0.31,0.275,0.955,ANTLERED,ADULT,visible,ok,False,1,stop,
1705,SSWI000000012411720A.jpg,2018,11,0.0,0.4399,0.5174,0.5591,0.968,ANTLERED,ADULT,visible,ok,False,1,stop,
1706,SSWI000000024805891C.jpg,2021,10,0.7268,0.3608,0.2731,0.3325,0.974,ANTLERED,ADULT,visible,ok,False,1,stop,
1707,SSWI000000033201667A.jpg,2023,8,0.7006,0.6675,0.18,0.3258,0.96,ANTLERED,ADULT,visible,ok,False,1,stop,
1708,SSWI000000011393781B.jpg,2018,11,0.0,0.5325,0.4587,0.4658,0.978,ANTLERED,ADULT,not_visible,ok,False,1,stop,
1709,SSWI000000011456758C.jpg,2018,12,0.0,0.5549,0.61,0.4416,0.965,ANTLERED,ADULT,not_visible,ok,False,1,stop,
1710,SSWI000000033195711B.jpg,2023,11,0.0825,0.2491,0.3856,0.7291,0.964,ANTLERED,ADULT,visible,ok,False,1,stop,
1711,SSWI000000033416522A.jpg,2023,11,0.04937,0.3408,0.2681,0.3,0.963,ANTLERED,ADULT,visible,ok,False,1,stop,
1712,SSWI000000015480205B.jpg,2019,10,0.06125,0.39,0.3325,0.4266,0.958,ANTLERED,ADULT,visible,ok,False,1,stop,
1713,SSWI000000011038472B.jpg,2018,11,0.4781,0.2999,0.5218,0.6983,0.979,ANTLERED,ADULT,visible,ok,False,1,stop,
1714,SSWI000000028864311C.jpg,2022,11,0.0,0.3858,0.1756,0.2325,0.954,ANTLERED,ADULT,visible,ok,False,1,stop,
1715,SSWI000000009832471C.jpg,2018,8,0.4687,0.6249,0.2837,0.3675,0.951,ANTLERED,ADULT,visible,ok,False,1,stop,
1716,SSWI000000033195538C.jpg,2023,10,0.5706,0.3424,0.3962,0.3449,0.964,ANTLERED,ADULT,visible,ok,False,1,stop,
1717,SSWI000000018492659C.jpg,2020,7,0.5493,0.3916,0.2437,0.2049,0.953,ANTLERED,ADULT,visible,ok,False,1,stop,
1718,SSWI000000028902377A.jpg,2022,11,0.6156,0.335,0.3812,0.3208,0.961,ANTLERED,ADULT,visible,ok,False,1,stop,
1719,SSWI000000010848160C.jpg,2018,9,0.5431,0.405,0.4568,0.5916,0.973,ANTLERED,ADULT,visible,ok,False,1,stop,
1720,SSWI000000021980515C.jpg,2021,4,0.6449,0.3908,0.3549,0.6091,0.982,ANTLERED,ADULT,visible,ok,False,1,stop,
1721,SSWI000000020135078C.jpg,2020,10,0.7818,0.4483,0.2181,0.2908,0.95,ANTLERED,ADULT,not_visible,ok,False,1,stop,
1722,SSWI000000010835762B.jpg,2018,10,0.2193,0.1583,0.4937,0.4533,0.975,ANTLERED,ADULT,visible,ok,False,1,stop,
1723,SSWI000000020364755C.jpg,2019,12,0.2162,0.6074,0.6293,0.3891,0.977,ANTLERED,ADULT,visible,ok,False,1,stop,
1724,SSWI000000025254905B.jpg,2021,11,0.0,0.4216,0.5318,0.5741,0.981,ANTLERED,ADULT,visible,ok,False,1,stop,
1725,SSWI000000018253672C.jpg,2020,7,0.335,0.4816,0.4256,0.4025,0.969,ANTLERED,ADULT,visible,ok,False,1,stop,
1726,SSWI000000017005110B.jpg,2019,10,0.1887,0.6158,0.6593,0.3824,0.956,ANTLERED,ADULT,visible,ok,False,1,stop,
1727,SSWI000000028166810A.jpg,2022,8,0.2337,0.2483,0.5218,0.4858,0.967,ANTLERED,ADULT,visible,ok,False,1,stop,
1728,SSWI000000011157479C.jpg,2018,12,0.5768,0.5025,0.4231,0.4766,0.977,ANTLERED,ADULT,visible,ok,False,1,stop,
1729,SSWI000000015980821C.jpg,2019,10,0.3018,0.5108,0.5262,0.4858,0.986,ANTLERED,ADULT,visible,ok,False,1,stop,
1730,SSWI000000019280747B.jpg,2020,8,0.6537,0.3041,0.3462,0.6933,0.982,ANTLERED,ADULT,visible,ok,False,1,stop,
1731,SSWI000000031609237A.jpg,2023,7,0.6137,0.6425,0.3862,0.3558,0.982,ANTLERED,ADULT,visible,ok,False,1,stop,
1732,SSWI000000029377010B.jpg,2022,12,0.2981,0.69,0.4631,0.3083,0.976,ANTLERED,ADULT,visible,ok,False,1,stop,
1733,SSWI000000013077369C.jpg,2019,5,0.0,0.0,0.8418,0.9975,0.973,ANTLERED,ADULT,visible,ok,False,1,stop,
1734,SSWI000000019573584B.jpg,2020,9,0.1674,0.5225,0.6362,0.4741,0.986,ANTLERED,ADULT,visible,ok,False,1,stop,
1735,SSWI000000016063347B.jpg,2019,12,0.0,0.2175,0.4012,0.7783,0.974,ANTLERED,ADULT,visible,ok,False,1,stop,
1736,SSWI000000021218675B.jpg,2020,11,0.295,0.4641,0.3199,0.4399,0.954,ANTLERED,ADULT,visible,ok,False,1,stop,
1737,SSWI000000033256978C.jpg,2023,9,0.2856,0.3891,0.4043,0.5983,0.976,ANTLERED,ADULT,visible,ok,False,1,stop,
1738,SSWI000000010720288C.jpg,2018,10,0.0,0.6558,0.1924,0.3416,0.979,ANTLERED,ADULT,visible,ok,False,1,stop,
1739,SSWI000000010711166B.jpg,2018,9,0.0,0.6508,0.1943,0.2249,0.961,ANTLERED,ADULT,visible,ok,False,1,stop,
1740,SSWI000000009631330C.jpg,2018,7,0.2168,0.7133,0.5006,0.2841,0.952,ANTLERED,ADULT,visible,ok,False,1,stop,
1741,SSWI000000024684867B.jpg,2021,11,0.1912,0.4258,0.3637,0.4358,0.961,ANTLERED,ADULT,visible,ok,False,1,stop,
1742,SSWI000000024551828A.jpg,2021,10,0.5518,0.4741,0.3956,0.3291,0.952,ANTLERED,ADULT,visible,ok,False,1,stop,
1743,SSWI000000015901198B.jpg,2019,10,0.5174,0.6075,0.06875,0.1658,0.959,ANTLERED,ADULT,visible,ok,False,1,stop,
1744,SSWI000000021308279A.jpg,2020,11,0.0,0.5283,0.4,0.4716,0.977,ANTLERED,ADULT,visible,ok,False,1,stop,
1745,SSWI000000028864175A.jpg,2022,9,0.0,0.4124,0.2099,0.335,0.958,ANTLERED,ADULT,visible,ok,False,1,stop,
1746,SSWI000000011088128A.jpg,2018,11,0.2037,0.5891,0.4149,0.4091,0.978,ANTLERED,ADULT,visible,ok,False,1,stop,
1747,SSWI000000011035108B.jpg,2018,11,0.6812,0.4149,0.2743,0.5816,0.981,ANTLERED,ADULT,visible,ok,False,1,stop,
1748,SSWI000000020073712B.jpg,2020,10,0.0,0.4524,0.4225,0.5425,0.976,ANTLERED,ADULT,visible,ok,False,1,stop,
1749,SSWI000000015862484C.jpg,2019,10,0.0,0.1599,0.5093,0.8349,0.98,ANTLERED,ADULT,not_visible,ok,False,1,stop,
1750,SSWI000000016229895A.jpg,2019,11,0.02437,0.2658,0.3818,0.36,0.974,ANTLERED,ADULT,visible,ok,False,1,stop,
1751,SSWI000000023222105A.jpg,2021,7,0.1787,0.6891,0.3418,0.3091,0.962,ANTLERED,ADULT,visible,ok,False,1,stop,
1752,SSWI000000009425197B.jpg,2018,5,0.3512,0.3033,0.1581,0.3508,0.96,ANTLERED,ADULT,visible,ok,False,1,stop,
1753,SSWI000000010482715A.jpg,2018,9,0.6956,0.4699,0.2349,0.4399,0.96,ANTLERED,ADULT,visible,ok,False,1,stop,
1754,SSWI000000015786224C.jpg,2019,11,0.2943,0.6675,0.7056,0.3308,0.962,ANTLERED,ADULT,visible,ok,False,1,stop,
1755,SSWI000000011525872A.jpg,2018,10,0.1668,0.2741,0.2824,0.6516,0.969,ANTLERED,ADULT,visible,ok,False,1,stop,
1756,SSWI000000010898376C.jpg,2018,11,0.3437,0.5758,0.615,0.4208,0.968,ANTLERED,ADULT,visible,ok,False,1,stop,
1757,SSWI000000024755319A.jpg,2021,11,0.4756,0.5458,0.1624,0.2199,0.954,ANTLERED,ADULT,visible,ok,False,1,stop,
1758,SSWI000000024117088B.jpg,2021,9,0.03562,0.0,0.9643,0.9966,0.966,ANTLERED,ADULT,not_visible,ok,False,1,stop,
1759,SSWI000000025255131B.jpg,2021,12,0.48,0.2741,0.5199,0.5366,0.972,ANTLERED,ADULT,visible,ok,False,1,stop,
1760,SSWI000000011351555C.jpg,2018,11,0.2725,0.5783,0.2312,0.3824,0.967,ANTLERED,ADULT,visible,ok,False,1,stop,
1761,SSWI000000016391376B.jpg,2019,10,0.4568,0.08166,0.5181,0.5308,0.982,ANTLERED,ADULT,visible,ok,False,1,stop,
1762,SSWI000000027239208B.jpg,2022,5,0.0,0.5824,0.7131,0.4174,0.957,ANTLERED,ADULT,not_visible,ok,False,1,stop,
1763,SSWI000000033477769A.jpg,2023,11,0.2449,0.3366,0.2987,0.4041,0.962,ANTLERED,ADULT,not_visible,ok,False,1,stop,
1764,SSWI000000029353794A.jpg,2022,10,0.4893,0.7649,0.2587,0.2316,0.972,ANTLERED,ADULT,visible,ok,False,1,stop,
1765,SSWI000000023785024B.jpg,2021,9,0.64,0.4125,0.3081,0.4183,0.966,ANTLERED,ADULT,visible,ok,False,1,stop,
1766,SSWI000000016050372C.jpg,2019,11,0.3493,0.5958,0.4218,0.3249,0.967,ANTLERED,ADULT,visible,ok,False,1,stop,
1767,SSWI000000015980838C.jpg,2019,10,0.4512,0.455,0.2531,0.1883,0.971,ANTLERED,ADULT,visible,ok,False,1,stop,
1768,SSWI000000020364727B.jpg,2019,12,0.4687,0.6483,0.1718,0.3333,0.961,ANTLERED,ADULT,visible,ok,False,1,stop,
1769,SSWI000000029353463C.jpg,2022,9,0.4199,0.035,0.5799,0.9474,0.979,ANTLERED,ADULT,visible,ok,False,1,stop,
1770,SSWI000000012450121B.jpg,2018,11,0.6256,0.1833,0.2306,0.4283,0.963,ANTLERED,ADULT,visible,ok,False,1,stop,
1771,SSWI000000009700322B.jpg,2018,6,0.4568,0.5908,0.14,0.4083,0.96,ANTLERED,ADULT,visible,ok,False,1,stop,
1772,SSWI000000021270898A.jpg,2020,10,0.4131,0.6641,0.2118,0.3333,0.973,ANTLERED,ADULT,not_visible,ok,False,1,stop,
1773,SSWI000000032616933C.jpg,2023,8,0.5093,0.5074,0.4231,0.49,0.979,ANTLERED,ADULT,visible,ok,False,1,stop,
1774,SSWI000000033404032B.jpg,2023,10,0.5568,0.0,0.3356,0.9991,0.977,ANTLERED,ADULT,visible,ok,False,1,stop,
1775,SSWI000000023861670B.jpg,2021,10,0.1243,0.4691,0.28,0.5274,0.96,ANTLERED,ADULT,visible,ok,False,1,stop,
1776,SSWI000000017931229A.jpg,2019,7,0.0,0.4216,0.3081,0.5041,0.968,ANTLERED,ADULT,visible,ok,False,1,stop,
1777,SSWI000000010596102B.jpg,2018,9,0.695,0.57,0.305,0.3333,0.963,ANTLERED,ADULT,visible,ok,False,1,stop,
1778,SSWI000000033328319A.jpg,2023,8,0.06374,0.705,0.6675,0.2933,0.968,ANTLERED,ADULT,visible,ok,False,1,stop,
1779,SSWI000000026330216B.jpg,2022,6,0.1374,0.63,0.1675,0.3675,0.966,ANTLERED,ADULT,visible,ok,False,1,stop,
1780,SSWI000000034080888A.jpg,2023,12,0.07312,0.3066,0.4143,0.3866,0.975,ANTLERED,ADULT,visible,ok,False,1,stop,
1781,SSWI000000033397029A.jpg,2023,11,0.5418,0.4241,0.1406,0.2816,0.952,ANTLERED,ADULT,visible,ok,False,1,stop,
1782,SSWI000000024755224C.jpg,2021,10,0.3237,0.6616,0.6031,0.3375,0.973,ANTLERED,ADULT,not_visible,ok,False,1,stop,
1783,SSWI000000015331365B.jpg,2019,8,0.2387,0.6324,0.5774,0.3666,0.964,ANTLERED,ADULT,visible,ok,False,1,stop,
1784,SSWI000000011438962A.jpg,2018,11,0.0,0.3249,0.3137,0.6725,0.952,ANTLERED,ADULT,visible,ok,False,1,stop,
1785,SSWI000000013406083A.jpg,2019,5,0.445,0.1425,0.4962,0.4966,0.97,ANTLERED,ADULT,visible,ok,False,1,stop,
1786,SSWI000000028281342B.jpg,2022,9,0.3443,0.3616,0.5237,0.4858,0.958,ANTLERED,ADULT,visible,ok,False,1,stop,
1787,SSWI000000032458526C.jpg,2023,9,0.7587,0.3733,0.2412,0.5425,0.968,ANTLERED,ADULT,visible,ok,False,1,stop,
1788,SSWI000000033625874A.jpg,2023,11,0.4093,0.5974,0.3262,0.4025,0.963,ANTLERED,ADULT,visible,ok,False,1,stop,
1789,SSWI000000018283489C.jpg,2019,11,0.2949,0.2725,0.1537,0.3233,0.964,ANTLERED,ADULT,visible,ok,False,1,stop,
1790,SSWI000000018177358C.jpg,2019,9,0.7856,0.8091,0.1987,0.1891,0.952,ANTLERED,ADULT,not_visible,ok,False,1,stop,
1791,SSWI000000031608400A.jpg,2023,8,0.4118,0.71,0.4906,0.2899,0.975,ANTLERED,ADULT,visible,ok,False,1,stop,
1792,SSWI000000010848011B.jpg,2018,7,0.2612,0.4433,0.2793,0.4116,0.974,ANTLERED,ADULT,visible,ok,False,1,stop,
1793,SSWI000000011168551C.jpg,2018,10,0.01374,0.1441,0.5131,0.7516,0.981,ANTLERED,ADULT,visible,ok,False,1,stop,
1794,SSWI000000011064357C.jpg,2018,7,0.1906,0.3366,0.2812,0.4033,0.954,ANTLERED,ADULT,visible,ok,False,1,stop,
1795,SSWI000000017253249B.jpg,2019,12,0.5031,0.615,0.2506,0.2008,0.958,ANTLERED,ADULT,visible,ok,False,1,stop,
1796,SSWI000000031680172A.jpg,2023,7,0.1374,0.3175,0.4118,0.3391,0.977,ANTLERED,ADULT,visible,ok,False,1,stop,
1797,SSWI000000015863322A.jpg,2019,10,0.2081,0.2458,0.1762,0.4691,0.979,ANTLERED,ADULT,visible,ok,False,1,stop,
1798,SSWI000000023570108A.jpg,2021,6,0.0,0.1808,0.5637,0.5016,0.952,ANTLERED,ADULT,visible,ok,False,1,stop,
1799,SSWI000000027650687C.jpg,2022,8,0.0,0.1408,0.5368,0.6241,0.974,ANTLERED,ADULT,not_visible,ok,False,1,stop,
1800,SSWI000000015901076B.jpg,2019,10,0.5987,0.4374,0.4012,0.5583,0.978,ANTLERED,ADULT,visible,ok,False,1,stop,
1801,SSWI000000033255714C.jpg,2023,8,0.0,0.6191,0.6293,0.3783,0.974,ANTLERED,ADULT,visible,ok,False,1,stop,
1802,SSWI000000011035594C.jpg,2018,11,0.5693,0.5275,0.08749,0.2641,0.958,ANTLERED,ADULT,visible,ok,False,1,stop,
1803,SSWI000000015481027B.jpg,2019,8,0.1012,0.5741,0.5187,0.4225,0.972,ANTLERED,ADULT,visible,ok,False,1,stop,
1804,SSWI000000024977371B.jpg,2021,11,0.4493,0.6358,0.4174,0.3608,0.956,ANTLERED,ADULT,visible,ok,False,1,stop,
1805,SSWI000000028611195C.jpg,2022,11,0.6231,0.695,0.33,0.2383,0.951,ANTLERED,ADULT,visible,ok,False,1,stop,
1806,SSWI000000032702456B.jpg,2023,10,0.1699,0.4108,0.8293,0.5866,0.976,ANTLERED,ADULT,visible,ok,False,1,stop,
1807,SSWI000000017934181B.jpg,2019,1,0.0,0.007499,0.6431,0.9466,0.992,ANTLERED,ADULT,visible,ok,False,1,stop,
1808,SSWI000000027674184B.jpg,2022,8,0.07437,0.2724,0.2175,0.3483,0.955,ANTLERED,ADULT,visible,ok,False,1,stop,
1809,SSWI000000011951584C.jpg,2018,11,0.5118,0.6266,0.3681,0.37,0.975,ANTLERED,ADULT,visible,ok,False,1,stop,
1810,SSWI000000017123994B.jpg,2019,11,0.5443,0.6416,0.4556,0.3549,0.969,ANTLERED,ADULT,visible,ok,False,1,stop,
1811,SSWI000000020071914B.jpg,2020,9,0.6649,0.5266,0.335,0.3533,0.966,ANTLERED,ADULT,visible,ok,False,1,stop,
1812,SSWI000000019573516B.jpg,2020,9,0.7662,0.3083,0.2337,0.6891,0.979,ANTLERED,ADULT,visible,ok,False,1,stop,
1813,SSWI000000008672593B.jpg,2018,4,0.5168,0.2841,0.3281,0.4691,0.974,ANTLERED,ADULT,visible,ok,False,1,stop,
1814,SSWI000000032622746A.jpg,2023,10,0.0006249,0.2766,0.3199,0.3174,0.961,ANTLERED,ADULT,visible,ok,False,1,stop,
1815,SSWI000000017712174B.jpg,2020,6,0.4324,0.2816,0.2687,0.2549,0.957,ANTLERED,ADULT,visible,ok,False,1,stop,
1816,SSWI000000015861932B.jpg,2019,10,0.3956,0.1699,0.3725,0.6949,0.979,ANTLERED,ADULT,visible,ok,False,1,stop,
1817,SSWI000000020749774B.jpg,2020,12,0.3824,0.4533,0.4637,0.5466,0.976,ANTLERED,ADULT,visible,ok,False,1,stop,
1818,SSWI000000021270729A.jpg,2020,8,0.0,0.6283,0.3562,0.3716,0.978,ANTLERED,ADULT,visible,ok,False,1,stop,
1819,SSWI000000029353793B.jpg,2022,10,0.6737,0.7799,0.3262,0.2183,0.959,ANTLERED,ADULT,visible,ok,False,1,stop,
1820,SSWI000000010490853C.jpg,2018,8,0.5256,0.5383,0.2056,0.3925,0.959,ANTLERED,ADULT,visible,ok,False,1,stop,
1821,SSWI000000020236156A.jpg,2020,11,0.7181,0.4275,0.2818,0.5724,0.965,ANTLERED,ADULT,visible,ok,False,1,stop,
1822,SSWI000000010718469A.jpg,2018,9,0.0,0.4441,0.2731,0.2608,0.955,ANTLERED,ADULT,visible,ok,False,1,stop,
1823,SSWI000000010761908A.jpg,2018,10,0.3881,0.3508,0.1899,0.275,0.954,ANTLERED,ADULT,visible,ok,False,1,stop,
1824,SSWI000000024117298A.jpg,2021,10,0.3887,0.4908,0.1787,0.2574,0.951,ANTLERED,ADULT,visible,ok,False,1,stop,
1825,SSWI000000009870076A.jpg,2018,6,0.4675,0.3266,0.4787,0.4191,0.962,ANTLERED,ADULT,visible,ok,False,1,stop,
1826,SSWI000000015803675C.jpg,2019,11,0.4437,0.5283,0.1968,0.4683,0.979,ANTLERED,ADULT,visible,ok,False,1,stop,
1827,SSWI000000015541419A.jpg,2019,10,0.0,0.2983,0.2693,0.4699,0.972,ANTLERED,ADULT,visible,ok,False,1,stop,
1828,SSWI000000011095842A.jpg,2018,11,0.2856,0.4741,0.1631,0.3441,0.961,ANTLERED,ADULT,not_visible,ok,False,1,stop,
1829,SSWI000000016241451B.jpg,2019,12,0.6025,0.5166,0.2956,0.2541,0.965,ANTLERED,ADULT,visible,ok,False,1,stop,
1830,SSWI000000028281351C.jpg,2022,9,0.0,0.525,0.7093,0.4724,0.969,ANTLERED,ADULT,visible,ok,False,1,stop,
1831,SSWI000000010695996C.jpg,2018,10,0.1068,0.4791,0.3006,0.5166,0.983,ANTLERED,ADULT,visible,ok,False,1,stop,
1832,SSWI000000029165124B.jpg,2022,9,0.1643,0.2683,0.4612,0.6633,0.959,ANTLERED,ADULT,visible,ok,False,1,stop,
1833,SSWI000000027701677B.jpg,2022,8,0.1743,0.6641,0.3893,0.3333,0.966,ANTLERED,ADULT,visible,ok,False,1,stop,
1834,SSWI000000009835713C.jpg,2018,8,0.4287,0.7783,0.3906,0.2208,0.967,ANTLERED,ADULT,visible,ok,False,1,stop,
1835,SSWI000000011183187B.jpg,2018,8,0.7812,0.4683,0.2187,0.5308,0.975,ANTLERED,ADULT,visible,ok,False,1,stop,
1836,SSWI000000016617778B.jpg,2019,10,0.6668,0.4208,0.3331,0.3233,0.972,ANTLERED,ADULT,visible,ok,False,1,stop,
1837,SSWI000000010893437B.jpg,2018,10,0.6843,0.04666,0.3149,0.9183,0.976,ANTLERED,ADULT,visible,ok,False,1,stop,
1838,SSWI000000031438836A.jpg,2023,6,0.0,0.5391,0.2524,0.4575,0.972,ANTLERED,ADULT,visible,ok,False,1,stop,
1839,SSWI000000025115379A.jpg,2021,11,0.1756,0.2866,0.28,0.3266,0.96,ANTLERED,ADULT,visible,ok,False,1,stop,
1840,SSWI000000015829948B.jpg,2019,10,0.0,0.3883,0.6043,0.6108,0.963,ANTLERED,ADULT,visible,ok,False,1,stop,
1841,SSWI000000020344703B.jpg,2020,11,0.5662,0.6466,0.1324,0.3524,0.95,ANTLERED,ADULT,visible,ok,False,1,stop,
1842,SSWI000000015699258B.jpg,2019,10,0.0,0.3175,0.9312,0.68,0.975,ANTLERED,ADULT,visible,ok,False,1,stop,
1843,SSWI000000016043799B.jpg,2019,11,0.3068,0.4041,0.4281,0.3466,0.973,ANTLERED,ADULT,visible,ok,False,1,stop,
1844,SSWI000000010490710C.jpg,2018,7,0.6681,0.55,0.1543,0.4291,0.965,ANTLERED,ADULT,visible,ok,False,1,stop,
1845,SSWI000000024456292C.jpg,2021,11,0.5037,0.5308,0.2843,0.3025,0.965,ANTLERED,ADULT,visible,ok,False,1,stop,
1846,SSWI000000025643079C.jpg,2021,12,0.3093,0.5875,0.5218,0.4083,0.979,ANTLERED,ADULT,not_visible,ok,False,1,stop,
1847,SSWI000000021134179C.jpg,2020,11,0.5012,0.5566,0.2581,0.4399,0.974,ANTLERED,ADULT,visible,ok,False,1,stop,
1848,SSWI000000012391987C.jpg,2018,11,0.1281,0.45,0.4968,0.5291,0.954,ANTLERED,ADULT,visible,ok,False,1,stop,
1849,SSWI000000032988640A.jpg,2023,10,0.0,0.515,0.2937,0.4583,0.958,ANTLERED,ADULT,visible,ok,False,1,stop,
1850,SSWI000000010339019B.jpg,2018,9,0.3743,0.33,0.1687,0.3216,0.967,ANTLERED,ADULT,visible,ok,False,1,stop,
1851,SSWI000000010595997C.jpg,2018,9,0.5887,0.5449,0.2468,0.3166,0.97,ANTLERED,ADULT,visible,ok,False,1,stop,
1852,SSWI000000024685209B.jpg,2021,11,0.4731,0.6133,0.495,0.3841,0.97,ANTLERED,ADULT,visible,ok,False,1,stop,
1853,SSWI000000033203838A.jpg,2023,11,0.68,0.4816,0.2549,0.2899,0.968,ANTLERED,ADULT,visible,ok,False,1,stop,
1854,SSWI000000015653660A.jpg,2019,8,0.3175,0.7566,0.2325,0.2416,0.962,ANTLERED,ADULT,visible,ok,False,1,stop,
1855,SSWI000000019573473B.jpg,2020,9,0.5018,0.3816,0.1893,0.3533,0.965,ANTLERED,ADULT,visible,ok,False,1,stop,
1856,SSWI000000024460228A.jpg,2021,10,0.5737,0.57,0.4262,0.4266,0.964,ANTLERED,ADULT,visible,ok,False,1,stop,
1857,SSWI000000014790462C.jpg,2019,8,0.3368,0.215,0.3393,0.435,0.975,ANTLERED,ADULT,visible,ok,False,1,stop,
1858,SSWI000000020537026B.jpg,2020,11,0.6656,0.4824,0.3343,0.5091,0.959,ANTLERED,ADULT,visible,ok,False,1,stop,
1859,SSWI000000010477146A.jpg,2018,7,0.2337,0.5916,0.7643,0.4058,0.978,ANTLERED,ADULT,visible,ok,False,1,stop,
1860,SSWI000000017081352A.jpg,2019,11,0.57,0.7608,0.2318,0.2366,0.953,ANTLERED,ADULT,visible,ok,False,1,stop,
1861,SSWI000000021183295B.jpg,2020,11,0.2681,0.25,0.4431,0.4958,0.969,ANTLERED,ADULT,visible,ok,False,1,stop,
1862,SSWI000000012449265A.jpg,2019,3,0.6168,0.2216,0.2706,0.5466,0.973,ANTLERED,ADULT,visible,ok,False,1,stop,
1863,SSWI000000011049836B.jpg,2018,11,0.5218,0.3549,0.3449,0.3958,0.978,ANTLERED,ADULT,visible,ok,False,1,stop,
1864,SSWI000000010477503A.jpg,2018,9,0.09624,0.4533,0.2631,0.2425,0.963,ANTLERED,ADULT,visible,ok,False,1,stop,
1865,SSWI000000015498330B.jpg,2019,10,0.3037,0.5083,0.1318,0.2808,0.963,ANTLERED,ADULT,visible,ok,False,1,stop,
1866,SSWI000000033285986A.jpg,2023,11,0.1824,0.03666,0.1656,0.5866,0.97,ANTLERED,ADULT,visible,ok,False,1,stop,
1867,SSWI000000019423418C.jpg,2020,9,0.5562,0.5041,0.43,0.4258,0.961,ANTLERED,ADULT,visible,ok,False,1,stop,
1868,SSWI000000012372740B.jpg,2018,12,0.6231,0.4116,0.2737,0.3683,0.953,ANTLERED,ADULT,visible,ok,False,1,stop,
1869,SSWI000000027588810A.jpg,2022,8,0.3843,0.5816,0.1518,0.1441,0.957,ANTLERED,ADULT,not_visible,ok,False,1,stop,
1870,SSWI000000012589083B.jpg,2019,1,0.6506,0.0,0.3493,0.9958,0.975,ANTLERED,ADULT,not_visible,ok,False,1,stop,
1871,SSWI000000024507083A.jpg,2021,10,0.2593,0.1533,0.54,0.4683,0.977,ANTLERED,ADULT,visible,ok,False,1,stop,
1872,SSWI000000020689038B.jpg,2020,11,0.6612,0.4683,0.2412,0.4083,0.963,ANTLERED,ADULT,visible,ok,False,1,stop,
1873,SSWI000000027239206C.jpg,2022,5,0.5568,0.3491,0.4431,0.6466,0.978,ANTLERED,ADULT,visible,ok,False,1,stop,
1874,SSWI000000028823891B.jpg,2022,7,0.4593,0.3683,0.3387,0.4866,0.957,ANTLERED,ADULT,visible,ok,False,1,stop,
1875,SSWI000000020768493A.jpg,2020,11,0.575,0.3316,0.4174,0.31,0.965,ANTLERED,ADULT,visible,ok,False,1,stop,
1876,SSWI000000018127224C.jpg,2020,4,0.3668,0.5149,0.5975,0.485,0.987,ANTLERED,ADULT,visible,ok,False,1,stop,
1877,SSWI000000015901096B.jpg,2019,10,0.5062,0.5858,0.2399,0.2341,0.955,ANTLERED,ADULT,visible,ok,False,1,stop,
1878,SSWI000000028166520B.jpg,2022,8,0.7318,0.6358,0.1393,0.2533,0.96,ANTLERED,ADULT,visible,ok,False,1,stop,
1879,SSWI000000020364348C.jpg,2019,11,0.0,0.4716,0.4087,0.5233,0.98,ANTLERED,ADULT,visible,ok,False,1,stop,
1880,SSWI000000011049795B.jpg,2018,11,0.09749,0.3391,0.5337,0.5333,0.963,ANTLERED,ADULT,visible,ok,False,1,stop,
1881,SSWI000000032191306A.jpg,2023,9,0.4999,0.5333,0.4718,0.3725,0.965,ANTLERED,ADULT,visible,ok,False,1,stop,
1882,SSWI000000025690445A.jpg,2021,11,0.05312,0.6991,0.3,0.2983,0.961,ANTLERED,ADULT,visible,ok,False,1,stop,
1883,SSWI000000015012835C.jpg,2019,8,0.3768,0.3166,0.3799,0.5049,0.982,ANTLERED,ADULT,visible,ok,False,1,stop,
1884,SSWI000000018954234A.jpg,2020,9,0.0,0.6158,0.2612,0.3816,0.975,ANTLERED,ADULT,visible,ok,False,1,stop,
1885,SSWI000000016525450C.jpg,2020,1,0.4649,0.6824,0.2249,0.2158,0.968,ANTLERED,ADULT,visible,ok,False,1,stop,
1886,SSWI000000025877110C.jpg,2022,5,0.4912,0.5291,0.2143,0.4708,0.969,ANTLERED,ADULT,visible,ok,False,1,stop,
1887,SSWI000000033684652A.jpg,2023,10,0.0,0.2966,0.3712,0.7008,0.981,ANTLERED,ADULT,visible,ok,False,1,stop,
1888,SSWI000000024512736A.jpg,2021,10,0.0,0.4633,0.2843,0.535,0.96,ANTLERED,ADULT,not_visible,ok,False,1,stop,
1889,SSWI000000033514589C.jpg,2023,11,0.3481,0.3966,0.2693,0.3583,0.973,ANTLERED,ADULT,visible,ok,False,1,stop,
1890,SSWI000000011049192A.jpg,2018,9,0.5312,0.4441,0.4687,0.5525,0.985,ANTLERED,ADULT,visible,ok,False,1,stop,
1891,SSWI000000011417483C.jpg,2018,10,0.5249,0.295,0.3643,0.3808,0.955,ANTLERED,ADULT,visible,ok,False,1,stop,
1892,SSWI000000011060303C.jpg,2018,11,0.3799,0.2783,0.3474,0.5908,0.977,ANTLERED,ADULT,visible,ok,False,1,stop,
1893,SSWI000000028932969C.jpg,2022,10,0.0,0.0,1.0,0.9958,0.959,ANTLERED,ADULT,visible,ok,False,1,stop,
1894,SSWI000000015541403C.jpg,2019,10,0.3956,0.2699,0.2031,0.3591,0.956,ANTLERED,ADULT,visible,ok,False,1,stop,
1895,SSWI000000022385084B.jpg,2021,6,0.3306,0.2549,0.4562,0.3824,0.967,ANTLERED,ADULT,visible,ok,False,1,stop,
1896,SSWI000000011220633C.jpg,2018,9,0.0,0.515,0.5174,0.4824,0.96,ANTLERED,ADULT,not_visible,ok,False,1,stop,
1897,SSWI000000021216323A.jpg,2019,10,0.5156,0.4566,0.1912,0.4233,0.972,ANTLERED,ADULT,visible,ok,False,1,stop,
1898,SSWI000000020236862B.jpg,2020,9,0.1206,0.4024,0.4518,0.37,0.964,ANTLERED,ADULT,visible,ok,False,1,stop,
1899,SSWI000000011392458B.jpg,2018,11,0.02687,0.4275,0.4399,0.5691,0.96,ANTLERED,ADULT,visible,ok,False,1,stop,
1900,SSWI000000014578584C.jpg,2019,8,0.09874,0.3975,0.9012,0.6008,0.975,ANTLERED,ADULT,visible,ok,False,1,stop,
1901,SSWI000000028927378B.jpg,2022,11,0.5443,0.3058,0.4556,0.6916,0.953,ANTLERED,ADULT,visible,ok,False,1,stop,
1902,SSWI000000014790421B.jpg,2019,7,0.385,0.1491,0.4025,0.7549,0.985,ANTLERED,ADULT,visible,ok,False,1,stop,
1903,SSWI000000011441575C.jpg,2018,9,0.2925,0.4066,0.405,0.5916,0.983,ANTLERED,ADULT,visible,ok,False,1,stop,
1904,SSWI000000011836328B.jpg,2018,10,0.3275,0.7233,0.3712,0.2733,0.97,ANTLERED,ADULT,visible,ok,False,1,stop,
1905,SSWI000000034080875B.jpg,2023,12,0.5487,0.1341,0.3118,0.6141,0.967,ANTLERED,ADULT,visible,ok,False,1,stop,
1906,SSWI000000024512693B.jpg,2021,10,0.3299,0.3333,0.3181,0.2949,0.95,ANTLERED,ADULT,visible,ok,False,1,stop,
1907,SSWI000000033358527A.jpg,2023,9,0.6493,0.3075,0.215,0.3574,0.959,ANTLERED,ADULT,visible,ok,False,1,stop,
1908,SSWI000000029014529B.jpg,2022,11,0.3162,0.3849,0.3718,0.6116,0.978,ANTLERED,ADULT,visible,ok,False,1,stop,
1909,SSWI000000032462105C.jpg,2023,8,0.6543,0.4274,0.3456,0.5699,0.981,ANTLERED,ADULT,not_visible,ok,False,1,stop,
1910,SSWI000000015189920A.jpg,2019,10,0.2524,0.3575,0.6362,0.5824,0.977,ANTLERED,ADULT,visible,ok,False,1,stop,
1911,SSWI000000016095206C.jpg,2019,11,0.3718,0.1399,0.6274,0.7991,0.966,ANTLERED,ADULT,visible,ok,False,1,stop,
1912,SSWI000000020364535C.jpg,2019,12,0.4056,0.6575,0.17,0.2516,0.971,ANTLERED,ADULT,visible,ok,False,1,stop,
1913,SSWI000000011220613A.jpg,2018,9,0.3381,0.4833,0.6543,0.5133,0.975,ANTLERED,ADULT,not_visible,ok,False,1,stop,
1914,SSWI000000015803492C.jpg,2019,11,0.5156,0.5625,0.2818,0.3025,0.968,ANTLERED,ADULT,visible,ok,False,1,stop,
1915,SSWI000000032460028A.jpg,2023,9,0.5137,0.5241,0.2681,0.2975,0.95,ANTLERED,ADULT,visible,ok,False,1,stop,
1916,SSWI000000012450128C.jpg,2018,11,0.7706,0.26,0.2193,0.5749,0.957,ANTLERED,ADULT,visible,ok,False,1,stop,
1917,SSWI000000017361527A.jpg,2020,4,0.5562,0.4658,0.3537,0.3916,0.964,ANTLERED,ADULT,visible,ok,False,1,stop,
1918,SSWI000000020079690B.jpg,2020,6,0.09687,0.4491,0.4681,0.4791,0.973,ANTLERED,ADULT,visible,ok,False,1,stop,
1919,SSWI000000032967104C.jpg,2023,10,0.1524,0.5016,0.2199,0.3149,0.962,ANTLERED,ADULT,visible,ok,False,1,stop,
1920,SSWI000000023421698C.jpg,2021,7,0.4187,0.5258,0.5506,0.4716,0.965,ANTLERED,ADULT,visible,ok,False,1,stop,
1921,SSWI000000020079965C.jpg,2020,7,0.2249,0.5733,0.6431,0.4241,0.968,ANTLERED,ADULT,visible,ok,False,1,stop,
1922,SSWI000000018750894C.jpg,2020,8,0.2587,0.6516,0.4006,0.3441,0.979,ANTLERED,ADULT,visible,ok,False,1,stop,
1923,SSWI000000028864214A.jpg,2022,10,0.4037,0.3175,0.2624,0.5141,0.978,ANTLERED,ADULT,visible,ok,False,1,stop,
1924,SSWI000000009102432A.jpg,2018,5,0.2231,0.4466,0.3681,0.3133,0.972,ANTLERED,ADULT,visible,ok,False,1,stop,
1925,SSWI000000010488756C.jpg,2018,7,0.7256,0.6916,0.2743,0.3083,0.957,ANTLERED,ADULT,visible,ok,False,1,stop,
1926,SSWI000000028829092B.jpg,2022,10,0.4387,0.5808,0.2,0.2025,0.964,ANTLERED,ADULT,visible,ok,False,1,stop,
1927,SSWI000000020364842C.jpg,2019,12,0.46,0.4625,0.54,0.535,0.973,ANTLERED,ADULT,visible,ok,False,1,stop,
1928,SSWI000000024551785B.jpg,2021,10,0.5312,0.3466,0.2237,0.5291,0.955,ANTLERED,ADULT,visible,ok,False,1,stop,
1929,SSWI000000020573101C.jpg,2020,11,0.5431,0.5208,0.2856,0.4766,0.969,ANTLERED,ADULT,visible,ok,False,1,stop,
1930,SSWI000000032974409C.jpg,2023,10,0.000625,0.4624,0.8331,0.5341,0.98,ANTLERED,ADULT,visible,ok,False,1,stop,
1931,SSWI000000020079924C.jpg,2020,6,0.2518,0.5266,0.2243,0.3133,0.966,ANTLERED,ADULT,visible,ok,False,1,stop,
1932,SSWI000000033318074C.jpg,2023,11,0.6737,0.3958,0.2687,0.2783,0.954,ANTLERED,ADULT,visible,ok,False,1,stop,
1933,SSWI000000029044604B.jpg,2022,11,0.1099,0.4433,0.5731,0.3541,0.97,ANTLERED,ADULT,visible,ok,False,1,stop,
1934,SSWI000000012449350B.jpg,2019,4,0.2868,0.3383,0.3887,0.4083,0.978,ANTLERED,ADULT,visible,ok,False,1,stop,
1935,SSWI000000027085037C.jpg,2022,7,0.5874,0.5775,0.375,0.4183,0.954,ANTLERED,ADULT,visible,ok,False,1,stop,
1936,SSWI000000028398323B.jpg,2022,8,0.5012,0.3516,0.3274,0.3241,0.958,ANTLERED,ADULT,visible,ok,False,1,stop,
1937,SSWI000000009744005C.jpg,2018,7,0.0,0.155,0.7231,0.8416,0.971,ANTLERED,ADULT,not_visible,ok,False,1,stop,
1938,SSWI000000025254846A.jpg,2021,11,0.0,0.4416,0.365,0.5558,0.98,ANTLERED,ADULT,visible,ok,False,1,stop,
1939,SSWI000000033278582B.jpg,2023,10,0.1112,0.6316,0.7912,0.3683,0.972,ANTLERED,ADULT,visible,ok,False,1,stop,
1940,SSWI000000032142436A.jpg,2023,9,0.0,0.6116,0.3043,0.3858,0.975,ANTLERED,ADULT,visible,ok,False,1,stop,
1941,SSWI000000015861657C.jpg,2019,10,0.2731,0.3008,0.1906,0.4091,0.963,ANTLERED,ADULT,visible,ok,False,1,stop,
1942,SSWI000000023427354B.jpg,2021,8,0.5399,0.47,0.46,0.5299,0.971,ANTLERED,ADULT,not_visible,ok,False,1,stop,
1943,SSWI000000018253674A.jpg,2020,7,0.6568,0.4941,0.3431,0.5024,0.983,ANTLERED,ADULT,visible,ok,False,1,stop,
1944,SSWI000000033583698C.jpg,2023,12,0.0,0.004999,0.6437,0.9441,0.982,ANTLERED,ADULT,visible,ok,False,1,stop,
1945,SSWI000000010478855B.jpg,2018,7,0.735,0.295,0.25,0.3433,0.967,ANTLERED,ADULT,visible,ok,False,1,stop,
1946,SSWI000000018883640C.jpg,2020,8,0.1456,0.5391,0.2399,0.4566,0.973,ANTLERED,ADULT,visible,ok,False,1,stop,
1947,SSWI000000033413347A.jpg,2023,9,0.3187,0.775,0.4925,0.2241,0.961,ANTLERED,ADULT,not_visible,ok,False,1,stop,
1948,SSWI000000019471226C.jpg,2020,8,0.7987,0.3249,0.2012,0.6725,0.962,ANTLERED,ADULT,visible,ok,False,1,stop,
1949,SSWI000000015863739B.jpg,2019,11,0.1281,0.25,0.5618,0.4699,0.981,ANTLERED,ADULT,visible,ok,False,1,stop,
1950,SSWI000000024755020B.jpg,2021,11,0.0,0.1608,0.5431,0.535,0.969,ANTLERED,ADULT,visible,ok,False,1,stop,
1951,SSWI000000029412991A.jpg,2022,8,0.3624,0.7216,0.215,0.2758,0.958,ANTLERED,ADULT,visible,ok,False,1,stop,
1952,SSWI000000033278505C.jpg,2023,11,0.6462,0.3316,0.2318,0.615,0.956,ANTLERED,ADULT,visible,ok,False,1,stop,
1953,SSWI000000033397027B.jpg,2023,11,0.0,0.2625,0.3249,0.7358,0.961,ANTLERED,ADULT,visible,ok,False,1,stop,
1954,SSWI000000011393620C.jpg,2018,10,0.01437,0.5958,0.2781,0.2633,0.964,ANTLERED,ADULT,visible,ok,False,1,stop,
1955,SSWI000000012429392C.jpg,2018,11,0.0,0.1649,0.5906,0.6225,0.983,ANTLERED,ADULT,visible,ok,False,1,stop,
1956,SSWI000000029302365B.jpg,2022,11,0.5299,0.3499,0.1781,0.4975,0.956,ANTLERED,ADULT,visible,ok,False,1,stop,
1957,SSWI000000010328067A.jpg,2018,7,0.1156,0.3591,0.4074,0.6383,0.969,ANTLERED,ADULT,not_visible,ok,False,1,stop,
1958,SSWI000000023824985B.jpg,2021,9,0.3381,0.6441,0.3587,0.3183,0.954,ANTLERED,ADULT,visible,ok,False,1,stop,
1959,SSWI000000020245301A.jpg,2020,9,0.4393,0.5549,0.1618,0.4433,0.958,ANTLERED,ADULT,visible,ok,False,1,stop,
1960,SSWI000000009824579C.jpg,2018,8,0.7649,0.6683,0.2349,0.3308,0.979,ANTLERED,ADULT,visible,ok,False,1,stop,
1961,SSWI000000032458586B.jpg,2023,9,0.7862,0.4933,0.1212,0.4158,0.959,ANTLERED,ADULT,visible,ok,False,1,stop,
1962,SSWI000000020079975A.jpg,2020,7,0.3374,0.4891,0.2512,0.5083,0.968,ANTLERED,ADULT,visible,ok,False,1,stop,
1963,SSWI000000010719308A.jpg,2018,10,0.3856,0.5674,0.6143,0.4291,0.981,ANTLERED,ADULT,visible,ok,False,1,stop,
1964,SSWI000000027763907C.jpg,2022,6,0.2918,0.1166,0.4681,0.8799,0.981,ANTLERED,ADULT,visible,ok,False,1,stop,
1965,SSWI000000029352723C.jpg,2022,9,0.6793,0.7791,0.3206,0.2191,0.968,ANTLERED,ADULT,visible,ok,False,1,stop,
1966,SSWI000000033278652B.jpg,2023,11,0.4756,0.4441,0.2368,0.3975,0.967,ANTLERED,ADULT,visible,ok,False,1,stop,
1967,SSWI000000011065408A.jpg,2018,6,0.06812,0.5308,0.2387,0.2325,0.961,ANTLERED,ADULT,visible,ok,False,1,stop,
1968,SSWI000000017916311C.jpg,2020,2,0.3618,0.5191,0.3899,0.4774,0.98,ANTLERED,ADULT,visible,ok,False,1,stop,
1969,SSWI000000012792561B.jpg,2019,5,0.6931,0.5383,0.3068,0.46,0.973,ANTLERED,ADULT,visible,ok,False,1,stop,
1970,SSWI000000028828904A.jpg,2022,9,0.2231,0.6308,0.2624,0.2208,0.956,ANTLERED,ADULT,visible,ok,False,1,stop,
1971,SSWI000000020364895B.jpg,2019,12,0.5512,0.5691,0.1037,0.2975,0.977,ANTLERED,ADULT,visible,ok,False,1,stop,
1972,SSWI000000033293663C.jpg,2023,9,0.1843,0.5074,0.4631,0.4258,0.968,ANTLERED,ADULT,visible,ok,False,1,stop,
1973,SSWI000000015540887B.jpg,2019,10,0.0,0.435,0.7306,0.5641,0.975,ANTLERED,ADULT,visible,ok,False,1,stop,
1974,SSWI000000024506124C.jpg,2021,11,0.1706,0.5725,0.3487,0.4266,0.98,ANTLERED,ADULT,visible,ok,False,1,stop,
1975,SSWI000000011253166B.jpg,2018,10,0.1875,0.5258,0.5062,0.4708,0.981,ANTLERED,ADULT,visible,ok,False,1,stop,
1976,SSWI000000011435438A.jpg,2018,11,0.3006,0.5741,0.1331,0.4199,0.96,ANTLERED,ADULT,visible,ok,False,1,stop,
1977,SSWI000000010482680C.jpg,2018,9,0.6825,0.5791,0.1931,0.4158,0.964,ANTLERED,ADULT,visible,ok,False,1,stop,
1978,SSWI000000020286294A.jpg,2020,11,0.7856,0.3533,0.1593,0.6166,0.95,ANTLERED,ADULT,visible,ok,False,1,stop,
1979,SSWI000000029353203A.jpg,2022,9,0.4318,0.7641,0.2675,0.2325,0.963,ANTLERED,ADULT,visible,ok,False,1,stop,
1980,SSWI000000015830207B.jpg,2019,11,0.1875,0.29,0.4893,0.4916,0.979,ANTLERED,ADULT,visible,ok,False,1,stop,
1981,SSWI000000018043098B.jpg,2020,6,0.0,0.5316,0.3075,0.4641,0.957,ANTLERED,ADULT,visible,ok,False,1,stop,
1982,SSWI000000034080780A.jpg,2023,11,0.01437,0.2525,0.6206,0.6274,0.981,ANTLERED,ADULT,visible,ok,False,1,stop,
1983,SSWI000000027603604A.jpg,2022,7,0.08374,0.435,0.5193,0.5625,0.982,ANTLERED,ADULT,visible,ok,False,1,stop,
1984,SSWI000000011035266B.jpg,2018,8,0.1768,0.5075,0.1181,0.1791,0.958,ANTLERED,ADULT,visible,ok,False,1,stop,
1985,SSWI000000026188820C.jpg,2022,6,0.1731,0.3183,0.465,0.335,0.965,ANTLERED,ADULT,visible,ok,False,1,stop,
1986,SSWI000000021980511C.jpg,2021,4,0.4918,0.1733,0.3906,0.7941,0.972,ANTLERED,ADULT,visible,ok,False,1,stop,
1987,SSWI000000025659434A.jpg,2021,11,0.005,0.4741,0.2243,0.2224,0.953,ANTLERED,ADULT,visible,ok,False,1,stop,
1988,SSWI000000024756027C.jpg,2021,11,0.5112,0.375,0.2399,0.3908,0.956,ANTLERED,ADULT,visible,ok,False,1,stop,
1989,SSWI000000020644776B.jpg,2020,11,0.6756,0.645,0.3243,0.3524,0.958,ANTLERED,ADULT,visible,ok,False,1,stop,
1990,SSWI000000027064146C.jpg,2022,7,0.3493,0.4516,0.4662,0.5483,0.973,ANTLERED,ADULT,visible,ok,False,1,stop,
1991,SSWI000000024872776C.jpg,2021,11,0.0,0.09333,0.4881,0.6299,0.975,ANTLERED,ADULT,visible,ok,False,1,stop,
1992,SSWI000000011526204A.jpg,2018,10,0.02187,0.2716,0.9781,0.7275,0.972,ANTLERED,ADULT,visible,ok,False,1,stop,
1993,SSWI000000019573693A.jpg,2020,10,0.6218,0.4666,0.3462,0.4916,0.972,ANTLERED,ADULT,visible,ok,False,1,stop,
1994,SSWI000000015829918B.jpg,2019,10,0.04687,0.3199,0.2737,0.245,0.955,ANTLERED,ADULT,visible,ok,False,1,stop,
1995,SSWI000000029051450C.jpg,2022,11,0.2699,0.7741,0.2818,0.2233,0.967,ANTLERED,ADULT,visible,ok,False,1,stop,
1996,SSWI000000019573046B.jpg,2020,8,0.165,0.595,0.3087,0.2949,0.963,ANTLERED,ADULT,visible,ok,False,1,stop,
1997,SSWI000000011439014C.jpg,2018,11,0.2593,0.4924,0.1612,0.2933,0.958,ANTLERED,ADULT,visible,ok,False,1,stop,
1998,SSWI000000026825528B.jpg,2022,7,0.5149,0.3008,0.135,0.365,0.968,ANTLERED,ADULT,not_visible,ok,False,1,stop,
1999,SSWI000000011393893C.jpg,2018,11,0.5887,0.5266,0.1106,0.2775,0.951,ANTLERED,ADULT,visible,ok,False,1,stop,
2000,SSWI000000032382272C.jpg,2023,9,0.0006249,0.5775,0.4099,0.3449,0.963,ANTLERED,ADULT,visible,ok,False,1,stop,
2001,SSWI000000015852610C.jpg,2019,11,0.2237,0.4799,0.3675,0.2708,0.964,ANTLERED,ADULT,visible,ok,False,1,stop,
2002,SSWI000000033416312A.jpg,2023,10,0.7462,0.3633,0.2018,0.2899,0.958,ANTLERED,ADULT,visible,ok,False,1,stop,
2003,SSWI000000027239208A.jpg,2022,5,0.0,0.5674,0.7599,0.4325,0.969,ANTLERED,ADULT,not_visible,ok,False,1,stop,
2004,SSWI000000033729546B.jpg,2023,12,0.8012,0.5208,0.1987,0.4783,0.975,ANTLERED,ADULT,visible,ok,False,1,stop,
2005,SSWI000000011052632C.jpg,2018,11,0.08937,0.3533,0.3562,0.3008,0.982,ANTLERED,ADULT,visible,ok,False,1,stop,
2006,SSWI000000010328062A.jpg,2018,7,0.0,0.3958,0.46,0.6016,0.967,ANTLERED,ADULT,visible,ok,False,1,stop,
2007,SSWI000000024691867C.jpg,2021,5,0.0,0.4766,0.4312,0.4858,0.956,ANTLERED,ADULT,visible,ok,False,1,stop,
2008,SSWI000000017971169A.jpg,2019,11,0.865,0.3766,0.135,0.49,0.962,ANTLERED,ADULT,visible,ok,False,1,stop,
2009,SSWI000000017375043B.jpg,2019,12,0.09062,0.08583,0.7431,0.6324,0.96,ANTLERED,ADULT,visible,ok,False,1,stop,
2010,SSWI000000020644843A.jpg,2020,12,0.2431,0.5483,0.1331,0.2133,0.967,ANTLERED,ADULT,visible,ok,False,1,stop,
2011,SSWI000000011018843C.jpg,2018,9,0.2312,0.5008,0.2412,0.2549,0.958,ANTLERED,ADULT,visible,ok,False,1,stop,
2012,SSWI000000011095515C.jpg,2018,11,0.5693,0.4166,0.2475,0.4699,0.963,ANTLERED,ADULT,visible,ok,False,1,stop,
2013,SSWI000000015641431A.jpg,2019,10,0.3468,0.1875,0.5849,0.4975,0.972,ANTLERED,ADULT,visible,ok,False,1,stop,
2014,SSWI000000020587084B.jpg,2020,11,0.5175,0.2425,0.4824,0.7549,0.981,ANTLERED,ADULT,visible,ok,False,1,stop,
2015,SSWI000000015399052B.jpg,2019,10,0.1612,0.1758,0.4643,0.4491,0.966,ANTLERED,ADULT,visible,ok,False,1,stop,
2016,SSWI000000019164797C.jpg,2020,8,0.3643,0.4591,0.5256,0.5383,0.978,ANTLERED,ADULT,visible,ok,False,1,stop,
2017,SSWI000000015642086C.jpg,2019,9,0.7662,0.6116,0.2337,0.3841,0.969,ANTLERED,ADULT,not_visible,ok,False,1,stop,
2018,SSWI000000031404326B.jpg,2023,7,0.5274,0.2175,0.4018,0.4958,0.966,ANTLERED,ADULT,visible,ok,False,1,stop,
2019,SSWI000000033416975C.jpg,2023,10,0.5412,0.5866,0.4056,0.4116,0.985,ANTLERED,ADULT,visible,ok,False,1,stop,
2020,SSWI000000011095814A.jpg,2018,11,0.2631,0.515,0.1187,0.2725,0.965,ANTLERED,ADULT,visible,ok,False,1,stop,
2021,SSWI000000028469716C.jpg,2022,9,0.2256,0.4416,0.7737,0.5566,0.966,ANTLERED,ADULT,not_visible,ok,False,1,stop,
2022,SSWI000000012391879A.jpg,2018,10,0.05187,0.5616,0.3149,0.2475,0.953,ANTLERED,ADULT,not_visible,ok,False,1,stop,
2023,SSWI000000014844332C.jpg,2019,9,0.0,0.1366,0.6056,0.8333,0.963,ANTLERED,ADULT,visible,ok,False,1,stop,
2024,SSWI000000014659700C.jpg,2019,7,0.5275,0.4208,0.4568,0.5749,0.979,ANTLERED,ADULT,visible,ok,False,1,stop,
2025,SSWI000000021345209A.jpg,2020,12,0.5037,0.1733,0.4962,0.5291,0.97,ANTLERED,ADULT,visible,ok,False,1,stop,
2026,SSWI000000020663203A.jpg,2019,11,0.5287,0.3325,0.1131,0.4499,0.968,ANTLERED,ADULT,visible,ok,False,1,stop,
2027,SSWI000000010488755A.jpg,2018,7,0.7675,0.5616,0.2325,0.4383,0.972,ANTLERED,ADULT,visible,ok,False,1,stop,
2028,SSWI000000033262117A.jpg,2023,10,0.0,0.5699,0.2581,0.395,0.965,ANTLERED,ADULT,visible,ok,False,1,stop,
2029,SSWI000000020268313B.jpg,2020,12,0.5218,0.4716,0.3899,0.3716,0.983,ANTLERED,ADULT,visible,ok,False,1,stop,
2030,SSWI000000024637846C.jpg,2021,10,0.3993,0.4941,0.3212,0.3191,0.967,ANTLERED,ADULT,visible,ok,False,1,stop,
2031,SSWI000000011422358C.jpg,2018,11,0.5231,0.6183,0.4693,0.3791,0.968,ANTLERED,ADULT,visible,ok,False,1,stop,
2032,SSWI000000011065253C.jpg,2018,11,0.3949,0.3233,0.6043,0.66,0.963,ANTLERED,ADULT,visible,ok,False,1,stop,
2033,SSWI000000019977873B.jpg,2020,10,0.6649,0.5375,0.185,0.1891,0.954,ANTLERED,ADULT,visible,ok,False,1,stop,
2034,SSWI000000021892102B.jpg,2021,6,0.6056,0.5075,0.2806,0.2941,0.97,ANTLERED,ADULT,visible,ok,False,1,stop,
2035,SSWI000000014715395C.jpg,2019,6,0.1324,0.4508,0.1212,0.2199,0.959,ANTLERED,ADULT,visible,ok,False,1,stop,
2036,SSWI000000026825527C.jpg,2022,7,0.4418,0.3033,0.4993,0.3916,0.971,ANTLERED,ADULT,visible,ok,False,1,stop,
2037,SSWI000000017652171C.jpg,2020,6,0.0,0.008333,0.4675,0.9574,0.979,ANTLERED,ADULT,not_visible,ok,False,1,stop,
2038,SSWI000000011468168A.jpg,2018,11,0.5243,0.65,0.1962,0.3458,0.977,ANTLERED,ADULT,visible,ok,False,1,stop,
2039,SSWI000000020829049A.jpg,2020,12,0.1649,0.2333,0.2893,0.4966,0.983,ANTLERED,ADULT,visible,ok,False,1,stop,
2040,SSWI000000009835728C.jpg,2018,8,0.4349,0.7799,0.3881,0.2199,0.973,ANTLERED,ADULT,visible,ok,False,1,stop,
2041,SSWI000000010595961C.jpg,2018,9,0.0,0.4633,0.4443,0.4325,0.978,ANTLERED,ADULT,visible,ok,False,1,stop,
2042,SSWI000000025255306A.jpg,2021,12,0.6649,0.2574,0.335,0.7208,0.952,ANTLERED,ADULT,visible,ok,False,1,stop,
2043,SSWI000000018080423C.jpg,2020,6,0.5112,0.05249,0.4881,0.5383,0.969,ANTLERED,ADULT,visible,ok,False,1,stop,
2044,SSWI000000033134237A.jpg,2023,11,0.415,0.6783,0.1087,0.2599,0.964,ANTLERED,ADULT,visible,ok,False,1,stop,
2045,SSWI000000010894153B.jpg,2018,9,0.000625,0.0,0.9712,0.9983,0.97,ANTLERED,ADULT,visible,ok,False,1,stop,
2046,SSWI000000015641429B.jpg,2019,10,0.2999,0.008333,0.545,0.68,0.973,ANTLERED,ADULT,visible,ok,False,1,stop,
2047,SSWI000000019560372B.jpg,2020,8,0.04374,0.5099,0.2818,0.28,0.96,ANTLERED,ADULT,visible,ok,False,1,stop,
2048,SSWI000000011332527A.jpg,2018,10,0.2312,0.5291,0.1943,0.1949,0.96,ANTLERED,ADULT,visible,ok,False,1,stop,
2049,SSWI000000012652303C.jpg,2018,12,0.0,0.075,0.3693,0.8941,0.973,ANTLERED,ADULT,not_visible,ok,False,1,stop,
2050,SSWI000000009832351A.jpg,2018,8,0.5218,0.7116,0.1949,0.2849,0.956,ANTLERED,ADULT,visible,ok,False,1,stop,
2051,SSWI000000017253849B.jpg,2020,1,0.4818,0.5625,0.4706,0.335,0.971,ANTLERED,ADULT,visible,ok,False,1,stop,
2052,SSWI000000020689082B.jpg,2020,11,0.2662,0.5658,0.2381,0.4316,0.951,ANTLERED,ADULT,not_visible,ok,False,1,stop,
2053,SSWI000000033293620B.jpg,2023,9,0.1912,0.5291,0.4699,0.4033,0.972,ANTLERED,ADULT,visible,ok,False,1,stop,
2054,SSWI000000033417465A.jpg,2023,9,0.1531,0.5491,0.2374,0.3241,0.95,ANTLERED,ADULT,visible,ok,False,1,stop,
2055,SSWI000000015715867C.jpg,2019,11,0.2712,0.3716,0.4424,0.3616,0.958,ANTLERED,ADULT,visible,ok,False,1,stop,
2056,SSWI000000032460024C.jpg,2023,9,0.7074,0.4124,0.2924,0.5849,0.96,ANTLERED,ADULT,visible,ok,False,1,stop,
2057,SSWI000000027715045A.jpg,2022,8,0.1881,0.6975,0.5162,0.3,0.957,ANTLERED,ADULT,not_visible,ok,False,1,stop,
2058,SSWI000000034056700A.jpg,2023,12,0.1249,0.5816,0.2143,0.4158,0.969,ANTLERED,ADULT,visible,ok,False,1,stop,
2059,SSWI000000021296158C.jpg,2020,10,0.0875,0.4566,0.3356,0.54,0.98,ANTLERED,ADULT,visible,ok,False,1,stop,
2060,SSWI000000023605181A.jpg,2021,7,0.2318,0.5716,0.4487,0.3516,0.969,ANTLERED,ADULT,visible,ok,False,1,stop,
2061,SSWI000000028546934B.jpg,2022,10,0.3968,0.4824,0.2406,0.1866,0.969,ANTLERED,ADULT,visible,ok,False,1,stop,
2062,SSWI000000016043738A.jpg,2019,10,0.2256,0.3908,0.2325,0.2291,0.963,ANTLERED,ADULT,visible,ok,False,1,stop,
2063,SSWI000000021295241B.jpg,2020,12,0.0,0.01083,0.6175,0.9616,0.984,ANTLERED,ADULT,visible,ok,False,1,stop,
2064,SSWI000000034200105B.jpg,2023,12,0.0,0.4074,0.3387,0.2975,0.956,ANTLERED,ADULT,not_visible,ok,False,1,stop,
2065,SSWI000000015362462C.jpg,2019,10,0.4718,0.6133,0.4893,0.3574,0.959,ANTLERED,ADULT,visible,ok,False,1,stop,
2066,SSWI000000033257507C.jpg,2023,11,0.495,0.4983,0.3768,0.3108,0.963,ANTLERED,ADULT,visible,ok,False,1,stop,
2067,SSWI000000015901381A.jpg,2019,11,0.0,0.5741,0.4443,0.4233,0.977,ANTLERED,ADULT,visible,ok,False,1,stop,
2068,SSWI000000023668971C.jpg,2021,9,0.2662,0.2766,0.2549,0.43,0.976,ANTLERED,ADULT,visible,ok,False,1,stop,
2069,SSWI000000016137679C.jpg,2019,11,0.485,0.6949,0.5149,0.3025,0.982,ANTLERED,ADULT,visible,ok,False,1,stop,
2070,SSWI000000011156600C.jpg,2018,11,0.3093,0.3783,0.1556,0.3566,0.956,ANTLERED,ADULT,visible,ok,False,1,stop,
2071,SSWI000000011247192B.jpg,2018,8,0.0,0.01,0.2268,0.9624,0.983,ANTLERED,ADULT,not_visible,ok,False,1,stop,
2072,SSWI000000011049721C.jpg,2018,10,0.1649,0.3983,0.3824,0.3441,0.974,ANTLERED,ADULT,visible,ok,False,1,stop,
2073,SSWI000000033293657A.jpg,2023,9,0.1887,0.5,0.405,0.4291,0.973,ANTLERED,ADULT,visible,ok,False,1,stop,
2074,SSWI000000033255659A.jpg,2023,8,0.3756,0.5016,0.2287,0.2891,0.966,ANTLERED,ADULT,visible,ok,False,1,stop,
2075,SSWI000000020126368C.jpg,2020,11,0.3618,0.2841,0.3968,0.595,0.976,ANTLERED,ADULT,visible,ok,False,1,stop,
2076,SSWI000000011441534B.jpg,2018,9,0.6162,0.4283,0.3368,0.2533,0.963,ANTLERED,ADULT,visible,ok,False,1,stop,
2077,SSWI000000033580226B.jpg,2023,10,0.3043,0.6091,0.3212,0.2741,0.967,ANTLERED,ADULT,visible,ok,False,1,stop,
2078,SSWI000000029331775C.jpg,2022,11,0.0,0.3099,0.1568,0.4033,0.95,ANTLERED,ADULT,visible,ok,False,1,stop,
2079,SSWI000000025671019A.jpg,2021,9,0.7156,0.3325,0.2843,0.3625,0.976,ANTLERED,ADULT,visible,ok,False,1,stop,
2080,SSWI000000011023025A.jpg,2018,10,0.5393,0.6016,0.4487,0.3958,0.986,ANTLERED,ADULT,visible,ok,False,1,stop,
2081,SSWI000000033296168C.jpg,2023,11,0.5112,0.5341,0.2399,0.4633,0.974,ANTLERED,ADULT,visible,ok,False,1,stop,
2082,SSWI000000014963188C.jpg,2019,9,0.3293,0.4716,0.2443,0.1841,0.958,ANTLERED,ADULT,visible,ok,False,1,stop,
2083,SSWI000000012411084A.jpg,2019,2,0.05312,0.2808,0.1543,0.2858,0.96,ANTLERED,ADULT,visible,ok,False,1,stop,
2084,SSWI000000015535273B.jpg,2019,10,0.5156,0.4099,0.4843,0.5866,0.982,ANTLERED,ADULT,visible,ok,False,1,stop,
2085,SSWI000000012999578A.jpg,2018,12,0.8543,0.5083,0.1456,0.1566,0.963,ANTLERED,ADULT,visible,ok,False,1,stop,
2086,SSWI000000012320645B.jpg,2018,11,0.4781,0.3216,0.3343,0.4449,0.973,ANTLERED,ADULT,visible,ok,False,1,stop,
2087,SSWI000000029353342C.jpg,2022,9,0.6831,0.6383,0.3168,0.3583,0.983,ANTLERED,ADULT,visible,ok,False,1,stop,
2088,SSWI000000015444671C.jpg,2019,9,0.6131,0.4791,0.3868,0.4799,0.965,ANTLERED,ADULT,visible,ok,False,1,stop,
2089,SSWI000000024117273C.jpg,2021,10,0.4974,0.5425,0.3418,0.4575,0.978,ANTLERED,ADULT,visible,ok,False,1,stop,
2090,SSWI000000032702864B.jpg,2023,9,0.6368,0.6266,0.3631,0.3733,0.951,ANTLERED,ADULT,not_visible,ok,False,1,stop,
2091,SSWI000000024512916C.jpg,2021,11,0.3718,0.4941,0.3156,0.5024,0.977,ANTLERED,ADULT,visible,ok,False,1,stop,
2092,SSWI000000013041548C.jpg,2019,3,0.2087,0.4258,0.3018,0.5733,0.978,ANTLERED,ADULT,visible,ok,False,1,stop,
2093,SSWI000000032458453A.jpg,2023,9,0.785,0.4975,0.2137,0.4074,0.972,ANTLERED,ADULT,visible,ok,False,1,stop,
2094,SSWI000000011176161A.jpg,2018,11,0.2087,0.2366,0.3087,0.3666,0.978,ANTLERED,ADULT,visible,ok,False,1,stop,
2095,SSWI000000017968888A.jpg,2020,1,0.0,0.4408,0.1381,0.1875,0.953,ANTLERED,ADULT,visible,ok,False,1,stop,
2096,SSWI000000024698779C.jpg,2021,10,0.4387,0.3483,0.3993,0.3549,0.958,ANTLERED,ADULT,visible,ok,False,1,stop,
2097,SSWI000000015497912C.jpg,2019,10,0.1543,0.255,0.4487,0.4183,0.975,ANTLERED,ADULT,visible,ok,False,1,stop,
2098,SSWI000000011441681C.jpg,2018,10,0.145,0.3441,0.2049,0.2583,0.953,ANTLERED,ADULT,visible,ok,False,1,stop,
2099,SSWI000000025255065C.jpg,2021,11,0.08875,0.3483,0.9112,0.6483,0.974,ANTLERED,ADULT,visible,ok,False,1,stop,
2100,SSWI000000027701640B.jpg,2022,7,0.08062,0.6116,0.5756,0.3849,0.952,ANTLERED,ADULT,visible,ok,False,1,stop,
2101,SSWI000000023969640B.jpg,2021,10,0.3506,0.1466,0.6487,0.8491,0.984,ANTLERED,ADULT,visible,ok,False,1,stop,
2102,SSWI000000024794338A.jpg,2021,11,0.7299,0.4908,0.075,0.2208,0.961,ANTLERED,ADULT,visible,ok,False,1,stop,
2103,SSWI000000033359577B.jpg,2023,11,0.6112,0.2816,0.3887,0.5008,0.962,ANTLERED,ADULT,visible,ok,False,1,stop,
2104,SSWI000000032617008A.jpg,2023,9,0.6243,0.6416,0.1843,0.1758,0.961,ANTLERED,ADULT,visible,ok,False,1,stop,
2105,SSWI000000015699258A.jpg,2019,10,0.0,0.6683,0.4168,0.3283,0.968,ANTLERED,ADULT,not_visible,ok,False,1,stop,
2106,SSWI000000020617153B.jpg,2020,10,0.4668,0.1166,0.2325,0.4191,0.954,ANTLERED,ADULT,visible,ok,False,1,stop,
2107,SSWI000000009704856B.jpg,2018,7,0.0,0.01,0.6331,0.9608,0.96,ANTLERED,ADULT,visible,ok,False,1,stop,
2108,SSWI000000024681456C.jpg,2021,8,0.2187,0.1508,0.6025,0.6075,0.975,ANTLERED,ADULT,visible,ok,False,1,stop,
2109,SSWI000000011049224C.jpg,2018,9,0.1281,0.4516,0.4287,0.3841,0.967,ANTLERED,ADULT,visible,ok,False,1,stop,
2110,SSWI000000027869647B.jpg,2022,7,0.3637,0.7183,0.1412,0.2816,0.971,ANTLERED,ADULT,visible,ok,False,1,stop,
2111,SSWI000000011157479B.jpg,2018,12,0.6606,0.5341,0.3393,0.4333,0.96,ANTLERED,ADULT,visible,ok,False,1,stop,
2112,SSWI000000024692767C.jpg,2021,11,0.0225,0.4541,0.1987,0.3266,0.968,ANTLERED,ADULT,visible,ok,False,1,stop,
2113,SSWI000000011262873A.jpg,2018,11,0.7618,0.6716,0.2381,0.3258,0.95,ANTLERED,ADULT,visible,ok,False,1,stop,
2114,SSWI000000027715077C.jpg,2022,8,0.4806,0.7333,0.4887,0.2649,0.952,ANTLERED,ADULT,visible,ok,False,1,stop,
2115,SSWI000000015641874C.jpg,2019,11,0.4212,0.3475,0.4799,0.4808,0.979,ANTLERED,ADULT,visible,ok,False,1,stop,
2116,SSWI000000010478886C.jpg,2018,7,0.4975,0.2466,0.3174,0.4199,0.977,ANTLERED,ADULT,visible,ok,False,1,stop,
2117,SSWI000000015863241B.jpg,2019,10,0.4824,0.08083,0.1493,0.5833,0.956,ANTLERED,ADULT,visible,ok,False,1,stop,
2118,SSWI000000022489812A.jpg,2020,12,0.01562,0.3166,0.3474,0.3841,0.959,ANTLERED,ADULT,visible,ok,False,1,stop,
2119,SSWI000000021089971B.jpg,2020,11,0.6668,0.7266,0.2681,0.2599,0.972,ANTLERED,ADULT,visible,ok,False,1,stop,
2120,SSWI000000015536776B.jpg,2019,10,0.5375,0.7766,0.4618,0.2216,0.95,ANTLERED,ADULT,not_visible,ok,False,1,stop,
2121,SSWI000000018560998B.jpg,2020,5,0.7368,0.635,0.1381,0.3625,0.951,ANTLERED,ADULT,not_visible,ok,False,1,stop,
2122,SSWI000000033416896C.jpg,2023,10,0.2956,0.5741,0.2993,0.28,0.958,ANTLERED,ADULT,visible,ok,False,1,stop,
2123,SSWI000000033256412C.jpg,2023,10,0.5456,0.3383,0.1931,0.4275,0.961,ANTLERED,ADULT,visible,ok,False,1,stop,
2124,SSWI000000020364349A.jpg,2019,11,0.06687,0.5291,0.4025,0.4633,0.982,ANTLERED,ADULT,visible,ok,False,1,stop,
2125,SSWI000000020908681A.jpg,2021,1,0.0575,0.4916,0.3856,0.3675,0.972,ANTLERED,ADULT,visible,ok,False,1,stop,
2126,SSWI000000010171524B.jpg,2018,7,0.6087,0.4533,0.3912,0.5433,0.974,ANTLERED,ADULT,visible,ok,False,1,stop,
2127,SSWI000000020364562A.jpg,2019,12,0.4556,0.6541,0.1487,0.3091,0.97,ANTLERED,ADULT,visible,ok,False,1,stop,
2128,SSWI000000024691898C.jpg,2021,6,0.0,0.6133,0.5812,0.3841,0.97,ANTLERED,ADULT,not_visible,ok,False,1,stop,
2129,SSWI000000015329727B.jpg,2019,7,0.3812,0.4899,0.25,0.5074,0.978,ANTLERED,ADULT,visible,ok,False,1,stop,
2130,SSWI000000033395344A.jpg,2023,11,0.2137,0.4091,0.7862,0.5874,0.968,ANTLERED,ADULT,visible,ok,False,1,stop,
2131,SSWI000000019573047B.jpg,2020,8,0.1956,0.6149,0.2762,0.275,0.959,ANTLERED,ADULT,visible,ok,False,1,stop,
2132,SSWI000000011342197C.jpg,2018,12,0.0,0.4733,0.5074,0.5258,0.967,ANTLERED,ADULT,visible,ok,False,1,stop,
2133,SSWI000000011027667C.jpg,2018,10,0.04124,0.4616,0.5137,0.5366,0.957,ANTLERED,ADULT,visible,ok,False,1,stop,
2134,SSWI000000008485503B.jpg,2018,3,0.7331,0.4791,0.2668,0.5066,0.975,ANTLERED,ADULT,visible,ok,False,1,stop,
2135,SSWI000000020325093C.jpg,2020,11,0.5506,0.3233,0.2175,0.615,0.966,ANTLERED,ADULT,visible,ok,False,1,stop,
2136,SSWI000000009701826B.jpg,2018,8,0.000625,0.5191,0.5231,0.4808,0.976,ANTLERED,ADULT,visible,ok,False,1,stop,
2137,SSWI000000020364987C.jpg,2020,1,0.09187,0.6266,0.4293,0.3116,0.975,ANTLERED,ADULT,visible,ok,False,1,stop,
2138,SSWI000000020617231A.jpg,2020,11,0.2193,0.1541,0.4368,0.5416,0.974,ANTLERED,ADULT,visible,ok,False,1,stop,
2139,SSWI000000033293521C.jpg,2023,9,0.2818,0.2733,0.2668,0.6233,0.977,ANTLERED,ADULT,visible,ok,False,1,stop,
2140,SSWI000000016592751A.jpg,2019,11,0.6331,0.47,0.2975,0.5116,0.978,ANTLERED,ADULT,visible,ok,False,1,stop,
2141,SSWI000000010490867C.jpg,2018,8,0.2699,0.5583,0.6875,0.4416,0.978,ANTLERED,ADULT,visible,ok,False,1,stop,
2142,SSWI000000011441575B.jpg,2018,9,0.2918,0.4083,0.4174,0.5908,0.98,ANTLERED,ADULT,visible,ok,False,1,stop,
2143,SSWI000000017930921B.jpg,2019,6,0.6174,0.5141,0.3824,0.4824,0.98,ANTLERED,ADULT,visible,ok,False,1,stop,
2144,SSWI000000016063340A.jpg,2019,12,0.8362,0.3816,0.1637,0.3816,0.953,ANTLERED,ADULT,visible,ok,False,1,stop,
2145,SSWI000000020364830B.jpg,2019,12,0.6712,0.6616,0.1593,0.17,0.96,ANTLERED,ADULT,visible,ok,False,1,stop,
2146,SSWI000000028469718B.jpg,2022,9,0.4499,0.355,0.2806,0.3408,0.975,ANTLERED,ADULT,visible,ok,False,1,stop,
2147,SSWI000000024507260A.jpg,2021,11,0.2237,0.1499,0.4656,0.6616,0.976,ANTLERED,ADULT,visible,ok,False,1,stop,
2148,SSWI000000028807332A.jpg,2022,9,0.1443,0.6808,0.4737,0.3158,0.977,ANTLERED,ADULT,visible,ok,False,1,stop,
2149,SSWI000000025758422B.jpg,2021,9,0.7006,0.4283,0.2993,0.5699,0.97,ANTLERED,ADULT,visible,ok,False,1,stop,
2150,SSWI000000026305862B.jpg,2022,5,0.0,0.5008,0.3593,0.4975,0.96,ANTLERED,ADULT,visible,ok,False,1,stop,
2151,SSWI000000011551987B.jpg,2018,12,0.0,0.3816,0.1862,0.3291,0.954,ANTLERED,ADULT,visible,ok,False,1,stop,
2152,SSWI000000033358011B.jpg,2023,9,0.7318,0.4408,0.2368,0.5591,0.967,ANTLERED,ADULT,visible,ok,False,1,stop,
2153,SSWI000000023969490B.jpg,2021,8,0.7462,0.2616,0.2537,0.6949,0.965,ANTLERED,ADULT,not_visible,ok,False,1,stop,
2154,SSWI000000015965424B.jpg,2019,12,0.04687,0.0625,0.4731,0.5966,0.967,ANTLERED,ADULT,visible,ok,False,1,stop,
2155,SSWI000000012642094B.jpg,2018,10,0.0,0.4425,0.2262,0.5533,0.979,ANTLERED,ADULT,visible,ok,False,1,stop,
2156,SSWI000000019573640B.jpg,2020,9,0.1706,0.4758,0.5206,0.5008,0.979,ANTLERED,ADULT,visible,ok,False,1,stop,
2157,SSWI000000020128552C.jpg,2020,10,0.8374,0.3991,0.1624,0.5975,0.968,ANTLERED,ADULT,visible,ok,False,1,stop,
2158,SSWI000000033729483A.jpg,2023,12,0.3724,0.4108,0.2131,0.2808,0.962,ANTLERED,ADULT,visible,ok,False,1,stop,
2159,SSWI000000027998996C.jpg,2022,9,0.5131,0.5966,0.3306,0.2425,0.961,ANTLERED,ADULT,not_visible,ok,False,1,stop,
2160,SSWI000000024506254B.jpg,2021,10,0.6643,0.5624,0.3356,0.435,0.978,ANTLERED,ADULT,visible,ok,False,1,stop,
2161,SSWI000000017931325B.jpg,2019,8,0.0006249,0.3558,0.9437,0.6416,0.964,ANTLERED,ADULT,visible,ok,False,1,stop,
2162,SSWI000000011265816B.jpg,2018,10,0.3262,0.3916,0.6731,0.605,0.981,ANTLERED,ADULT,visible,ok,False,1,stop,
2163,SSWI000000011265849B.jpg,2018,10,0.5381,0.3833,0.46,0.4083,0.961,ANTLERED,ADULT,visible,ok,False,1,stop,
2164,SSWI000000029310987C.jpg,2022,11,0.5293,0.6524,0.3293,0.335,0.956,ANTLERED,ADULT,visible,ok,False,1,stop,
2165,SSWI000000020364533B.jpg,2019,12,0.1137,0.5108,0.1318,0.3183,0.967,ANTLERED,ADULT,visible,ok,False,1,stop,
2166,SSWI000000027823997B.jpg,2022,8,0.1018,0.3408,0.2249,0.2675,0.96,ANTLERED,ADULT,not_visible,ok,False,1,stop,
2167,SSWI000000025404494B.jpg,2021,12,0.3206,0.3758,0.4149,0.435,0.961,ANTLERED,ADULT,visible,ok,False,1,stop,
2168,SSWI000000025624927A.jpg,2022,3,0.0,0.3824,0.3356,0.4291,0.97,ANTLERED,ADULT,visible,ok,False,1,stop,
2169,SSWI000000028398520A.jpg,2022,10,0.6618,0.3558,0.3381,0.6349,0.958,ANTLERED,ADULT,visible,ok,False,1,stop,
2170,SSWI000000018080310B.jpg,2020,6,0.3112,0.2808,0.4587,0.3224,0.964,ANTLERED,ADULT,visible,ok,False,1,stop,
2171,SSWI000000015830021B.jpg,2019,10,0.0,0.3758,0.4518,0.6233,0.972,ANTLERED,ADULT,visible,ok,False,1,stop,
2172,SSWI000000022489781B.jpg,2020,11,0.2525,0.3283,0.2512,0.3224,0.958,ANTLERED,ADULT,visible,ok,False,1,stop,
2173,SSWI000000025690279B.jpg,2021,10,0.37,0.5825,0.2087,0.2558,0.952,ANTLERED,ADULT,visible,ok,False,1,stop,
2174,SSWI000000011392555C.jpg,2018,11,0.0,0.3233,0.2431,0.6758,0.975,ANTLERED,ADULT,visible,ok,False,1,stop,
2175,SSWI000000009630612B.jpg,2018,7,0.3868,0.3949,0.4637,0.5066,0.958,ANTLERED,ADULT,visible,ok,False,1,stop,
2176,SSWI000000032617108A.jpg,2023,10,0.7006,0.6675,0.2562,0.3325,0.969,ANTLERED,ADULT,visible,ok,False,1,stop,
2177,SSWI000000010762133A.jpg,2018,10,0.3131,0.245,0.1806,0.3783,0.961,ANTLERED,ADULT,visible,ok,False,1,stop,
2178,SSWI000000024805891A.jpg,2021,10,0.7287,0.4308,0.2712,0.2591,0.96,ANTLERED,ADULT,visible,ok,False,1,stop,
2179,SSWI000000017709856C.jpg,2020,5,0.0,0.5641,1.0,0.4325,0.954,ANTLERED,ADULT,visible,ok,False,1,stop,
2180,SSWI000000009743998C.jpg,2018,7,0.5375,0.285,0.3025,0.4341,0.971,ANTLERED,ADULT,visible,ok,False,1,stop,
2181,SSWI000000011023214C.jpg,2018,10,0.0,0.5358,0.2249,0.4108,0.975,ANTLERED,ADULT,visible,ok,False,1,stop,
2182,SSWI000000024638197B.jpg,2021,11,0.3587,0.4708,0.1093,0.2425,0.957,ANTLERED,ADULT,not_visible,ok,False,1,stop,
2183,SSWI000000010195045C.jpg,2018,7,0.8162,0.2533,0.1837,0.3833,0.962,ANTLERED,ADULT,visible,ok,False,1,stop,
2184,SSWI000000014963051C.jpg,2019,8,0.3556,0.4816,0.3625,0.3633,0.976,ANTLERED,ADULT,visible,ok,False,1,stop,
2185,SSWI000000015862481A.jpg,2019,10,0.3093,0.2324,0.1962,0.6491,0.976,ANTLERED,ADULT,visible,ok,False,1,stop,
2186,SSWI000000015329718A.jpg,2019,7,0.4562,0.4449,0.1937,0.5525,0.963,ANTLERED,ADULT,visible,ok,False,1,stop,
2187,SSWI000000028807348C.jpg,2022,9,0.4237,0.7658,0.5762,0.2316,0.967,ANTLERED,ADULT,visible,ok,False,1,stop,
2188,SSWI000000016173827A.jpg,2019,11,0.3918,0.5666,0.1456,0.2199,0.97,ANTLERED,ADULT,visible,ok,False,1,stop,
2189,SSWI000000010338832B.jpg,2018,7,0.3918,0.009999,0.6056,0.9399,0.979,ANTLERED,ADULT,not_visible,ok,False,1,stop,
2190,SSWI000000034080829A.jpg,2023,12,0.5462,0.1483,0.4306,0.55,0.974,ANTLERED,ADULT,visible,ok,False,1,stop,
2191,SSWI000000025033013C.jpg,2021,10,0.2568,0.5274,0.2137,0.1774,0.953,ANTLERED,ADULT,visible,ok,False,1,stop,
2192,SSWI000000023318763A.jpg,2021,8,0.3362,0.3141,0.3462,0.4025,0.967,ANTLERED,ADULT,visible,ok,False,1,stop,
2193,SSWI000000019161681B.jpg,2020,5,0.0,0.6608,0.3287,0.3391,0.976,ANTLERED,ADULT,visible,ok,False,1,stop,
2194,SSWI000000017709829B.jpg,2020,5,0.745,0.5166,0.1881,0.2441,0.969,ANTLERED,ADULT,visible,ok,False,1,stop,
2195,SSWI000000011013223B.jpg,2018,10,0.09937,0.2616,0.7562,0.7341,0.976,ANTLERED,ADULT,visible,ok,False,1,stop,
2196,SSWI000000017971161B.jpg,2019,11,0.2881,0.4658,0.7118,0.5333,0.974,ANTLERED,ADULT,visible,ok,False,1,stop,
2197,SSWI000000010468676B.jpg,2018,9,0.3856,0.1933,0.6143,0.8016,0.981,ANTLERED,ADULT,not_visible,ok,False,1,stop,
2198,SSWI000000022704816C.jpg,2021,7,0.28,0.4441,0.3018,0.3983,0.962,ANTLERED,ADULT,visible,ok,False,1,stop,
2199,SSWI000000021980656C.jpg,2021,5,0.1743,0.4683,0.3981,0.3658,0.953,ANTLERED,ADULT,visible,ok,False,1,stop,
2200,SSWI000000011342200B.jpg,2018,12,0.0,0.2858,0.3524,0.7116,0.978,ANTLERED,ADULT,visible,ok,False,1,stop,
2201,SSWI000000017253670B.jpg,2020,1,0.2724,0.5791,0.3574,0.4183,0.954,ANTLERED,ADULT,not_visible,ok,False,1,stop,
2202,SSWI000000020663208C.jpg,2019,11,0.4337,0.27,0.2293,0.3266,0.95,ANTLERED,ADULT,not_visible,ok,False,1,stop,
2203,SSWI000000034321633C.jpg,2023,12,0.3712,0.1791,0.3606,0.495,0.969,ANTLERED,ADULT,visible,ok,False,1,stop,
2204,SSWI000000024794289C.jpg,2021,10,0.2768,0.5641,0.1718,0.3333,0.967,ANTLERED,ADULT,visible,ok,False,1,stop,
2205,SSWI000000023321501B.jpg,2021,7,0.5112,0.2791,0.4887,0.7183,0.952,ANTLERED,ADULT,not_visible,ok,False,1,stop,
2206,SSWI000000013041549A.jpg,2019,3,0.26,0.3858,0.1762,0.5016,0.951,ANTLERED,ADULT,visible,ok,False,1,stop,
2207,SSWI000000015901081A.jpg,2019,10,0.1281,0.5858,0.2106,0.2616,0.973,ANTLERED,ADULT,visible,ok,False,1,stop,
2208,SSWI000000020364490A.jpg,2019,12,0.4131,0.5683,0.5143,0.4291,0.987,ANTLERED,ADULT,visible,ok,False,1,stop,
2209,SSWI000000014963253B.jpg,2019,9,0.2843,0.515,0.5462,0.4816,0.989,ANTLERED,ADULT,visible,ok,False,1,stop,
2210,SSWI000000024551828C.jpg,2021,10,0.5074,0.4458,0.3318,0.3691,0.967,ANTLERED,ADULT,visible,ok,False,1,stop,
2211,SSWI000000019573617B.jpg,2020,9,0.4387,0.5016,0.1762,0.4166,0.966,ANTLERED,ADULT,visible,ok,False,1,stop,
2212,SSWI000000010481110B.jpg,2018,9,0.4081,0.2608,0.2587,0.2958,0.97,ANTLERED,ADULT,visible,ok,False,1,stop,
2213,SSWI000000009161462B.jpg,2018,5,0.3443,0.3441,0.3393,0.2858,0.951,ANTLERED,ADULT,visible,ok,False,1,stop,
2214,SSWI000000018282969B.jpg,2020,3,0.15,0.2033,0.5343,0.5566,0.98,ANTLERED,ADULT,visible,ok,False,1,stop,
2215,SSWI000000015830637B.jpg,2019,10,0.000625,0.4724,0.4368,0.335,0.963,ANTLERED,ADULT,visible,ok,False,1,stop,
2216,SSWI000000024512303C.jpg,2021,10,0.3199,0.3999,0.2806,0.4308,0.969,ANTLERED,ADULT,visible,ok,False,1,stop,
2217,SSWI000000011836368A.jpg,2018,11,0.5856,0.7066,0.2568,0.2883,0.978,ANTLERED,ADULT,visible,ok,False,1,stop,
2218,SSWI000000023421760A.jpg,2021,7,0.2587,0.34,0.2537,0.3091,0.964,ANTLERED,ADULT,visible,ok,False,1,stop,
2219,SSWI000000015862665A.jpg,2019,10,0.6418,0.2591,0.3112,0.7383,0.979,ANTLERED,ADULT,visible,ok,False,1,stop,
2220,SSWI000000010595761B.jpg,2018,9,0.7193,0.5875,0.2806,0.2683,0.958,ANTLERED,ADULT,visible,ok,False,1,stop,
2221,SSWI000000033457793C.jpg,2023,11,0.2756,0.5958,0.215,0.3091,0.967,ANTLERED,ADULT,visible,ok,False,1,stop,
2222,SSWI000000010762021C.jpg,2018,10,0.7374,0.1516,0.1281,0.4591,0.956,ANTLERED,ADULT,visible,ok,False,1,stop,
2223,SSWI000000010761892B.jpg,2018,10,0.3931,0.3516,0.1843,0.2775,0.952,ANTLERED,ADULT,visible,ok,False,1,stop,
2224,SSWI000000011392769C.jpg,2018,12,0.2693,0.5091,0.3393,0.4341,0.978,ANTLERED,ADULT,visible,ok,False,1,stop,
2225,SSWI000000010595562B.jpg,2018,9,0.0,0.4133,0.4656,0.5383,0.963,ANTLERED,ADULT,visible,ok,False,1,stop,
2226,SSWI000000020133998B.jpg,2020,9,0.3931,0.3416,0.4975,0.6566,0.976,ANTLERED,ADULT,visible,ok,False,1,stop,
2227,SSWI000000029310880B.jpg,2022,12,0.0,0.4916,0.3168,0.3249,0.971,ANTLERED,ADULT,visible,ok,False,1,stop,
2228,SSWI000000020134314A.jpg,2020,12,0.0,0.3625,0.1656,0.6333,0.97,ANTLERED,ADULT,visible,ok,False,1,stop,
2229,SSWI000000012320542C.jpg,2018,10,0.0,0.2949,0.1581,0.6091,0.97,ANTLERED,ADULT,not_visible,ok,False,1,stop,
2230,SSWI000000012501806C.jpg,2019,1,0.5362,0.7391,0.4631,0.2599,0.973,ANTLERED,ADULT,visible,ok,False,1,stop,
2231,SSWI000000010482599A.jpg,2018,8,0.03062,0.4108,0.2125,0.2574,0.965,ANTLERED,ADULT,visible,ok,False,1,stop,
2232,SSWI000000010328264A.jpg,2018,8,0.3487,0.3516,0.1712,0.2908,0.954,ANTLERED,ADULT,visible,ok,False,1,stop,
2233,SSWI000000016525346C.jpg,2019,12,0.3593,0.65,0.09499,0.165,0.957,ANTLERED,ADULT,visible,ok,False,1,stop,
2234,SSWI000000018788608A.jpg,2020,8,0.5724,0.2783,0.4275,0.3874,0.965,ANTLERED,ADULT,visible,ok,False,1,stop,
2235,SSWI000000020079767A.jpg,2019,10,0.4887,0.4491,0.1299,0.2616,0.962,ANTLERED,ADULT,visible,ok,False,1,stop,
2236,SSWI000000012449907B.jpg,2019,3,0.5793,0.2408,0.2812,0.3249,0.98,ANTLERED,ADULT,visible,ok,False,1,stop,
2237,SSWI000000027252448A.jpg,2022,8,0.0,0.3708,0.2212,0.6274,0.97,ANTLERED,ADULT,visible,ok,False,1,stop,
2238,SSWI000000011467997B.jpg,2019,1,0.5275,0.3975,0.4724,0.4383,0.974,ANTLERED,ADULT,visible,ok,False,1,stop,
2239,SSWI000000011435327A.jpg,2018,9,0.6993,0.6199,0.3006,0.3774,0.965,ANTLERED,ADULT,visible,ok,False,1,stop,
2240,SSWI000000015212541A.jpg,2019,8,0.4118,0.1175,0.1281,0.5874,0.957,ANTLERED,ADULT,visible,ok,False,1,stop,
2241,SSWI000000020079976A.jpg,2020,7,0.265,0.5091,0.4006,0.4875,0.97,ANTLERED,ADULT,visible,ok,False,1,stop,
2242,SSWI000000016532638C.jpg,2019,11,0.3812,0.4516,0.2924,0.36,0.972,ANTLERED,ADULT,visible,ok,False,1,stop,
2243,SSWI000000034080884C.jpg,2023,12,0.4693,0.2233,0.5106,0.5249,0.973,ANTLERED,ADULT,visible,ok,False,1,stop,
2244,SSWI000000016077063C.jpg,2019,9,0.0,0.6391,0.3224,0.3574,0.967,ANTLERED,ADULT,not_visible,ok,False,1,stop,
2245,SSWI000000028783571A.jpg,2022,9,0.1081,0.3825,0.2374,0.4283,0.972,ANTLERED,ADULT,visible,ok,False,1,stop,
2246,SSWI000000017930931A.jpg,2019,6,0.0,0.4849,0.2712,0.5124,0.969,ANTLERED,ADULT,visible,ok,False,1,stop,
2247,SSWI000000018768423C.jpg,2020,6,0.3462,0.4083,0.6418,0.5874,0.979,ANTLERED,ADULT,visible,ok,False,1,stop,
2248,SSWI000000017971241C.jpg,2019,11,0.3824,0.3799,0.4306,0.3833,0.961,ANTLERED,ADULT,visible,ok,False,1,stop,
2249,SSWI000000010696024C.jpg,2018,10,0.1687,0.3799,0.2649,0.2849,0.969,ANTLERED,ADULT,visible,ok,False,1,stop,
2250,SSWI000000031590640B.jpg,2023,6,0.0,0.4133,0.2081,0.5441,0.963,ANTLERED,ADULT,visible,ok,False,1,stop,
2251,SSWI000000015212968A.jpg,2019,10,0.3856,0.2624,0.2725,0.2441,0.967,ANTLERED,ADULT,visible,ok,False,1,stop,
2252,SSWI000000024656707B.jpg,2021,11,0.2618,0.4083,0.6862,0.5891,0.979,ANTLERED,ADULT,visible,ok,False,1,stop,
2253,SSWI000000019480689B.jpg,2020,8,0.3556,0.5649,0.2218,0.1875,0.961,ANTLERED,ADULT,visible,ok,False,1,stop,
2254,SSWI000000015786098C.jpg,2019,10,0.7062,0.3249,0.2937,0.6725,0.966,ANTLERED,ADULT,not_visible,ok,False,1,stop,
2255,SSWI000000025033100B.jpg,2021,11,0.1418,0.4608,0.275,0.2649,0.957,ANTLERED,ADULT,visible,ok,False,1,stop,
2256,SSWI000000024755913B.jpg,2021,11,0.2199,0.4641,0.4218,0.4433,0.973,ANTLERED,ADULT,visible,ok,False,1,stop,
2257,SSWI000000025071646A.jpg,2021,12,0.0,0.3391,0.2687,0.3566,0.962,ANTLERED,ADULT,visible,ok,False,1,stop,
2258,SSWI000000028824046A.jpg,2022,9,0.0,0.5225,0.7218,0.4774,0.959,ANTLERED,ADULT,not_visible,ok,False,1,stop,
2259,SSWI000000016617866C.jpg,2019,11,0.06062,0.5408,0.4099,0.4433,0.971,ANTLERED,ADULT,visible,ok,False,1,stop,
2260,SSWI000000020749713A.jpg,2020,11,0.0,0.4799,0.1593,0.2725,0.964,ANTLERED,ADULT,visible,ok,False,1,stop,
2261,SSWI000000011454782C.jpg,2018,10,0.4656,0.5166,0.5325,0.3858,0.957,ANTLERED,ADULT,visible,ok,False,1,stop,
2262,SSWI000000034056776B.jpg,2023,12,0.1656,0.4791,0.4837,0.4524,0.973,ANTLERED,ADULT,visible,ok,False,1,stop,
2263,SSWI000000010328269B.jpg,2018,8,0.2256,0.3458,0.2831,0.3425,0.969,ANTLERED,ADULT,visible,ok,False,1,stop,
2264,SSWI000000011051219C.jpg,2018,10,0.01624,0.3575,0.3337,0.5099,0.965,ANTLERED,ADULT,visible,ok,False,1,stop,
2265,SSWI000000033256297C.jpg,2023,9,0.3362,0.4991,0.2668,0.3774,0.968,ANTLERED,ADULT,visible,ok,False,1,stop,
2266,SSWI000000014659925C.jpg,2019,8,0.02937,0.34,0.7275,0.6566,0.971,ANTLERED,ADULT,visible,ok,False,1,stop,
2267,SSWI000000020664376C.jpg,2020,6,0.0,0.3266,0.5287,0.6708,0.978,ANTLERED,ADULT,visible,ok,False,1,stop,
2268,SSWI000000021089469A.jpg,2020,9,0.0006249,0.7758,0.2581,0.2224,0.969,ANTLERED,ADULT,visible,ok,False,1,stop,
2269,SSWI000000019560360B.jpg,2020,8,0.6406,0.4758,0.2687,0.465,0.97,ANTLERED,ADULT,visible,ok,False,1,stop,
2270,SSWI000000028428718C.jpg,2022,9,0.6543,0.4024,0.2025,0.4025,0.95,ANTLERED,ADULT,visible,ok,False,1,stop,
2271,SSWI000000015182505C.jpg,2019,10,0.7168,0.3658,0.2831,0.5516,0.967,ANTLERED,ADULT,visible,ok,False,1,stop,
2272,SSWI000000025405686A.jpg,2022,1,0.04124,0.6316,0.6175,0.3658,0.962,ANTLERED,ADULT,visible,ok,False,1,stop,
2273,SSWI000000020396099B.jpg,2020,10,0.5556,0.5174,0.3518,0.4058,0.962,ANTLERED,ADULT,visible,ok,False,1,stop,
2274,SSWI000000016580464C.jpg,2019,12,0.395,0.3466,0.2056,0.2574,0.966,ANTLERED,ADULT,visible,ok,False,1,stop,
2275,SSWI000000028902370A.jpg,2022,11,0.01874,0.4041,0.3268,0.2766,0.954,ANTLERED,ADULT,visible,ok,False,1,stop,
2276,SSWI000000016229911B.jpg,2019,12,0.0,0.3283,0.5893,0.6125,0.977,ANTLERED,ADULT,visible,ok,False,1,stop,
2277,SSWI000000021286916A.jpg,2020,12,0.0575,0.7183,0.4768,0.2791,0.951,ANTLERED,ADULT,not_visible,ok,False,1,stop,
2278,SSWI000000027603384A.jpg,2022,6,0.3193,0.4874,0.3981,0.3758,0.979,ANTLERED,ADULT,visible,ok,False,1,stop,
2279,SSWI000000021448570B.jpg,2020,12,0.4368,0.47,0.1556,0.3191,0.977,ANTLERED,ADULT,visible,ok,False,1,stop,
2280,SSWI000000024102504B.jpg,2021,11,0.1531,0.4241,0.3925,0.5724,0.977,ANTLERED,ADULT,visible,ok,False,1,stop,
2281,SSWI000000011058246A.jpg,2018,8,0.5243,0.5116,0.1537,0.3499,0.956,ANTLERED,ADULT,visible,ok,False,1,stop,
2282,SSWI000000024692856A.jpg,2021,12,0.3656,0.3724,0.5262,0.6241,0.98,ANTLERED,ADULT,visible,ok,False,1,stop,
2283,SSWI000000024329604C.jpg,2021,10,0.2381,0.8091,0.3106,0.1883,0.963,ANTLERED,ADULT,visible,ok,False,1,stop,
2284,SSWI000000011331062A.jpg,2018,12,0.0,0.4075,0.2475,0.5891,0.966,ANTLERED,ADULT,visible,ok,False,1,stop,
2285,SSWI000000012652339B.jpg,2018,12,0.3262,0.2374,0.1593,0.4091,0.967,ANTLERED,ADULT,visible,ok,False,1,stop,
2286,SSWI000000015331086C.jpg,2019,8,0.7606,0.4441,0.2049,0.5466,0.961,ANTLERED,ADULT,visible,ok,False,1,stop,
2287,SSWI000000020467838C.jpg,2020,11,0.07375,0.6283,0.4031,0.3691,0.973,ANTLERED,ADULT,visible,ok,False,1,stop,
2288,SSWI000000028864183A.jpg,2022,9,0.6349,0.3075,0.365,0.375,0.974,ANTLERED,ADULT,visible,ok,False,1,stop,
2289,SSWI000000020301088B.jpg,2020,9,0.4918,0.69,0.3156,0.3083,0.953,ANTLERED,ADULT,visible,ok,False,1,stop,
2290,SSWI000000010482866A.jpg,2018,9,0.4393,0.5416,0.2537,0.3675,0.957,ANTLERED,ADULT,visible,ok,False,1,stop,
2291,SSWI000000024722538B.jpg,2021,8,0.1268,0.1816,0.8731,0.8149,0.95,ANTLERED,ADULT,visible,ok,False,1,stop,
2292,SSWI000000011088602A.jpg,2018,9,0.3837,0.4783,0.1531,0.4774,0.965,ANTLERED,ADULT,visible,ok,False,1,stop,
2293,SSWI000000025404607B.jpg,2022,1,0.5275,0.4908,0.3731,0.2733,0.976,ANTLERED,ADULT,visible,ok,False,1,stop,
2294,SSWI000000015830651B.jpg,2019,10,0.6487,0.4258,0.3512,0.37,0.966,ANTLERED,ADULT,visible,ok,False,1,stop,
2295,SSWI000000013997929C.jpg,2019,7,0.1262,0.41,0.3181,0.5658,0.974,ANTLERED,ADULT,visible,ok,False,1,stop,
2296,SSWI000000028175563C.jpg,2022,7,0.0,0.6433,0.2581,0.3549,0.952,ANTLERED,ADULT,visible,ok,False,1,stop,
2297,SSWI000000013041552A.jpg,2019,3,0.3012,0.3899,0.6,0.61,0.98,ANTLERED,ADULT,visible,ok,False,1,stop,
2298,SSWI000000011314999A.jpg,2018,9,0.2837,0.2483,0.2987,0.2775,0.96,ANTLERED,ADULT,visible,ok,False,1,stop,
2299,SSWI000000015653730B.jpg,2019,9,0.06187,0.7733,0.4281,0.2258,0.97,ANTLERED,ADULT,visible,ok,False,1,stop,
2300,SSWI000000011951554C.jpg,2018,11,0.4631,0.7208,0.3993,0.2791,0.966,ANTLERED,ADULT,visible,ok,False,1,stop,
2301,SSWI000000031680366B.jpg,2023,8,0.215,0.315,0.2368,0.3516,0.961,ANTLERED,ADULT,visible,ok,False,1,stop,
2302,SSWI000000012638634A.jpg,2018,11,0.6093,0.2599,0.3668,0.3708,0.96,ANTLERED,ADULT,visible,ok,False,1,stop,
2303,SSWI000000020644666C.jpg,2020,10,0.44,0.5891,0.1881,0.2866,0.951,ANTLERED,ADULT,visible,ok,False,1,stop,
2304,SSWI000000028829159B.jpg,2022,10,0.0,0.4424,0.2556,0.5541,0.961,ANTLERED,ADULT,not_visible,ok,False,1,stop,
2305,SSWI000000029354103B.jpg,2022,10,0.3049,0.7733,0.34,0.2233,0.971,ANTLERED,ADULT,visible,ok,False,1,stop,
2306,SSWI000000011526201C.jpg,2018,10,0.0,0.2574,0.3387,0.7416,0.977,ANTLERED,ADULT,not_visible,ok,False,1,stop,
2307,SSWI000000011422567C.jpg,2018,12,0.1812,0.5566,0.8187,0.4399,0.973,ANTLERED,ADULT,visible,ok,False,1,stop,
2308,SSWI000000017971544C.jpg,2019,11,0.2318,0.3891,0.3737,0.3191,0.98,ANTLERED,ADULT,visible,ok,False,1,stop,
2309,SSWI000000011049858B.jpg,2018,11,0.5981,0.05249,0.4018,0.9433,0.977,ANTLERED,ADULT,visible,ok,False,1,stop,
2310,SSWI000000021183321B.jpg,2020,11,0.06,0.2675,0.4931,0.5108,0.979,ANTLERED,ADULT,visible,ok,False,1,stop,
2311,SSWI000000033203745C.jpg,2023,10,0.2137,0.3858,0.6356,0.61,0.98,ANTLERED,ADULT,visible,ok,False,1,stop,
2312,SSWI000000010482531C.jpg,2018,8,0.4175,0.4733,0.2137,0.2283,0.965,ANTLERED,ADULT,visible,ok,False,1,stop,
2313,SSWI000000033278429B.jpg,2023,11,0.0,0.2591,0.2475,0.3233,0.963,ANTLERED,ADULT,visible,ok,False,1,stop,
2314,SSWI000000011035257B.jpg,2018,8,0.1237,0.4083,0.2649,0.3766,0.965,ANTLERED,ADULT,visible,ok,False,1,stop,
2315,SSWI000000015698138A.jpg,2019,10,0.3968,0.55,0.2349,0.3533,0.953,ANTLERED,ADULT,visible,ok,False,1,stop,
2316,SSWI000000010761641B.jpg,2018,9,0.01624,0.2183,0.4206,0.3541,0.97,ANTLERED,ADULT,visible,ok,False,1,stop,
2317,SSWI000000009835731C.jpg,2018,8,0.4325,0.7691,0.3918,0.2308,0.968,ANTLERED,ADULT,visible,ok,False,1,stop,
2318,SSWI000000011340956A.jpg,2018,9,0.4281,0.5599,0.1875,0.3441,0.959,ANTLERED,ADULT,visible,ok,False,1,stop,
2319,SSWI000000016525407C.jpg,2020,1,0.7356,0.5866,0.2556,0.3358,0.966,ANTLERED,ADULT,visible,ok,False,1,stop,
2320,SSWI000000011035421C.jpg,2018,9,0.1331,0.4875,0.2162,0.2008,0.95,ANTLERED,ADULT,visible,ok,False,1,stop,
2321,SSWI000000027498931C.jpg,2022,6,0.0,0.3808,0.2843,0.3675,0.963,ANTLERED,ADULT,visible,ok,False,1,stop,
2322,SSWI000000029790948A.jpg,2022,12,0.3793,0.28,0.5487,0.7166,0.978,ANTLERED,ADULT,visible,ok,False,1,stop,
2323,SSWI000000028611020B.jpg,2022,8,0.1718,0.74,0.3981,0.2549,0.96,ANTLERED,ADULT,visible,ok,False,1,stop,
2324,SSWI000000011058234C.jpg,2018,8,0.6237,0.4858,0.1968,0.2416,0.956,ANTLERED,ADULT,visible,ok,False,1,stop,
2325,SSWI000000013739189A.jpg,2019,6,0.0,0.5716,0.3193,0.4258,0.963,ANTLERED,ADULT,visible,ok,False,1,stop,
2326,SSWI000000019471296C.jpg,2020,10,0.002499,0.2416,0.2656,0.5174,0.973,ANTLERED,ADULT,visible,ok,False,1,stop,
2327,SSWI000000012448868B.jpg,2018,11,0.2268,0.3958,0.4225,0.4966,0.979,ANTLERED,ADULT,visible,ok,False,1,stop,
2328,SSWI000000021089856C.jpg,2020,10,0.6793,0.7258,0.2006,0.2583,0.964,ANTLERED,ADULT,visible,ok,False,1,stop,
2329,SSWI000000020135170B.jpg,2020,11,0.0,0.31,0.3487,0.5033,0.95,ANTLERED,ADULT,visible,ok,False,1,stop,
2330,SSWI000000017434643C.jpg,2020,5,0.1974,0.4391,0.2275,0.2291,0.965,ANTLERED,ADULT,visible,ok,False,1,stop,
2331,SSWI000000010858279B.jpg,2018,10,0.3681,0.4599,0.1237,0.3449,0.959,ANTLERED,ADULT,visible,ok,False,1,stop,
2332,SSWI000000029493831B.jpg,2022,11,0.05187,0.4633,0.6831,0.5333,0.955,ANTLERED,ADULT,visible,ok,False,1,stop,
2333,SSWI000000020079946A.jpg,2020,7,0.0,0.4991,0.2756,0.4533,0.953,ANTLERED,ADULT,visible,ok,False,1,stop,
2334,SSWI000000020110465B.jpg,2020,11,0.4443,0.555,0.2056,0.2066,0.96,ANTLERED,ADULT,visible,ok,False,1,stop,
2335,SSWI000000015863290C.jpg,2019,10,0.0,0.06749,0.28,0.9291,0.966,ANTLERED,ADULT,not_visible,ok,False,1,stop,
2336,SSWI000000010190878A.jpg,2018,9,0.135,0.5699,0.4512,0.4275,0.979,ANTLERED,ADULT,not_visible,ok,False,1,stop,
2337,SSWI000000032988705C.jpg,2023,10,0.2593,0.3774,0.5837,0.5533,0.97,ANTLERED,ADULT,visible,ok,False,1,stop,
2338,SSWI000000020145917A.jpg,2020,11,0.05624,0.6458,0.2387,0.3508,0.976,ANTLERED,ADULT,visible,ok,False,1,stop,
2339,SSWI000000015863035A.jpg,2019,10,0.0,0.1866,0.4625,0.6449,0.963,ANTLERED,ADULT,visible,ok,False,1,stop,
2340,SSWI000000011095807C.jpg,2018,11,0.4225,0.4608,0.2562,0.5366,0.968,ANTLERED,ADULT,visible,ok,False,1,stop,
2341,SSWI000000032204962C.jpg,2023,7,0.4393,0.6533,0.1731,0.1841,0.974,ANTLERED,ADULT,visible,ok,False,1,stop,
2342,SSWI000000014962510A.jpg,2019,9,0.0,0.4591,0.4199,0.4641,0.953,ANTLERED,ADULT,visible,ok,False,1,stop,
2343,SSWI000000015089326B.jpg,2019,9,0.0,0.7583,0.2349,0.2391,0.957,ANTLERED,ADULT,visible,ok,False,1,stop,
2344,SSWI000000010761977B.jpg,2018,10,0.1956,0.005833,0.4724,0.6216,0.977,ANTLERED,ADULT,visible,ok,False,1,stop,
2345,SSWI000000033642747A.jpg,2023,9,0.6599,0.5324,0.34,0.465,0.958,ANTLERED,ADULT,visible,ok,False,1,stop,
2346,SSWI000000011441869B.jpg,2018,10,0.0,0.3558,0.4149,0.4541,0.964,ANTLERED,ADULT,visible,ok,False,1,stop,
2347,SSWI000000014659623B.jpg,2019,6,0.2393,0.3408,0.09187,0.3341,0.961,ANTLERED,ADULT,visible,ok,False,1,stop,
2348,SSWI000000029354338B.jpg,2022,10,0.2075,0.675,0.5649,0.3224,0.979,ANTLERED,ADULT,visible,ok,False,1,stop,
2349,SSWI000000015852463C.jpg,2019,9,0.3493,0.5174,0.1662,0.2058,0.965,ANTLERED,ADULT,visible,ok,False,1,stop,
2350,SSWI000000028428728B.jpg,2022,9,0.2268,0.5466,0.5874,0.4499,0.972,ANTLERED,ADULT,visible,ok,False,1,stop,
2351,SSWI000000021171995A.jpg,2021,1,0.0,0.655,0.2643,0.2491,0.961,ANTLERED,ADULT,visible,ok,False,1,stop,
2352,SSWI000000010476963A.jpg,2018,9,0.5093,0.2391,0.4512,0.3474,0.958,ANTLERED,ADULT,visible,ok,False,1,stop,
2353,SSWI000000009861481B.jpg,2018,8,0.0,0.004166,0.5018,0.9608,0.954,ANTLERED,ADULT,visible,ok,False,1,stop,
2354,SSWI000000034011828B.jpg,2023,12,0.1693,0.62,0.275,0.3766,0.972,ANTLERED,ADULT,visible,ok,False,1,stop,
2355,SSWI000000014659869B.jpg,2019,8,0.4287,0.4366,0.1493,0.3025,0.952,ANTLERED,ADULT,visible,ok,False,1,stop,
2356,SSWI000000034011753B.jpg,2023,11,0.57,0.515,0.43,0.4824,0.975,ANTLERED,ADULT,visible,ok,False,1,stop,
2357,SSWI000000020134227C.jpg,2020,10,0.34,0.4083,0.1949,0.2624,0.965,ANTLERED,ADULT,visible,ok,False,1,stop,
2358,SSWI000000024756564C.jpg,2021,12,0.2893,0.385,0.3218,0.3333,0.971,ANTLERED,ADULT,visible,ok,False,1,stop,
2359,SSWI000000012652425A.jpg,2018,12,0.3481,0.2224,0.3843,0.5441,0.95,ANTLERED,ADULT,visible,ok,False,1,stop,
2360,SSWI000000027588778C.jpg,2022,8,0.2312,0.5483,0.1731,0.1833,0.952,ANTLERED,ADULT,visible,ok,False,1,stop,
2361,SSWI000000029353688A.jpg,2022,10,0.5225,0.72,0.4206,0.2766,0.981,ANTLERED,ADULT,visible,ok,False,1,stop,
2362,SSWI000000032053841B.jpg,2023,8,0.0,0.0,0.4393,0.9958,0.963,ANTLERED,ADULT,visible,ok,False,1,stop,
2363,SSWI000000010339032C.jpg,2018,9,0.4162,0.004166,0.5487,0.9549,0.983,ANTLERED,ADULT,visible,ok,False,1,stop,
2364,SSWI000000012065835B.jpg,2019,1,0.3837,0.3608,0.2899,0.3533,0.956,ANTLERED,ADULT,visible,ok,False,1,stop,
2365,SSWI000000010171469B.jpg,2018,6,0.0,0.4633,0.5706,0.5341,0.975,ANTLERED,ADULT,visible,ok,False,1,stop,
2366,SSWI000000024681517C.jpg,2021,9,0.1956,0.2524,0.1887,0.3633,0.972,ANTLERED,ADULT,visible,ok,False,1,stop,
2367,SSWI000000016617916C.jpg,2019,12,0.2443,0.5241,0.3693,0.3666,0.979,ANTLERED,ADULT,visible,ok,False,1,stop,
2368,SSWI000000024102403C.jpg,2021,10,0.6599,0.2641,0.2681,0.7058,0.973,ANTLERED,ADULT,visible,ok,False,1,stop,
2369,SSWI000000011220613C.jpg,2018,9,0.3674,0.4741,0.6324,0.5224,0.965,ANTLERED,ADULT,not_visible,ok,False,1,stop,
2370,SSWI000000011454962C.jpg,2018,11,0.4181,0.5675,0.3668,0.3433,0.953,ANTLERED,ADULT,visible,ok,False,1,stop,
2371,SSWI000000033413455C.jpg,2023,11,0.5275,0.5075,0.3531,0.4925,0.962,ANTLERED,ADULT,visible,ok,False,1,stop,
2372,SSWI000000012642982B.jpg,2018,9,0.0,0.4816,0.3406,0.5166,0.97,ANTLERED,ADULT,visible,ok,False,1,stop,
2373,SSWI000000024691617C.jpg,2021,4,0.7343,0.335,0.2649,0.4516,0.974,ANTLERED,ADULT,visible,ok,False,1,stop,
2374,SSWI000000021215777B.jpg,2019,6,0.7168,0.5808,0.1893,0.4166,0.97,ANTLERED,ADULT,visible,ok,False,1,stop,
2375,SSWI000000015298661B.jpg,2019,10,0.0,0.1966,0.4706,0.8008,0.978,ANTLERED,ADULT,visible,ok,False,1,stop,
2376,SSWI000000017968742B.jpg,2020,1,0.4643,0.4249,0.3431,0.3758,0.961,ANTLERED,ADULT,visible,ok,False,1,stop,
2377,SSWI000000019480893C.jpg,2020,9,0.0006249,0.5974,0.5556,0.3991,0.98,ANTLERED,ADULT,visible,ok,False,1,stop,
2378,SSWI000000029353304A.jpg,2022,9,0.2074,0.7408,0.3012,0.2558,0.968,ANTLERED,ADULT,visible,ok,False,1,stop,
2379,SSWI000000015642266B.jpg,2019,10,0.2993,0.4508,0.3075,0.3166,0.962,ANTLERED,ADULT,visible,ok,False,1,stop,
2380,SSWI000000031680222A.jpg,2023,7,0.5674,0.2575,0.3637,0.5749,0.95,ANTLERED,ADULT,visible,ok,False,1,stop,
2381,SSWI000000015189732C.jpg,2019,8,0.002499,0.4074,0.25,0.3091,0.959,ANTLERED,ADULT,visible,ok,False,1,stop,
2382,SSWI000000020128551C.jpg,2020,10,0.8337,0.3916,0.1662,0.6058,0.959,ANTLERED,ADULT,visible,ok,False,1,stop,
2383,SSWI000000010724978C.jpg,2018,10,0.1512,0.4758,0.5749,0.5216,0.974,ANTLERED,ADULT,visible,ok,False,1,stop,
2384,SSWI000000027701633B.jpg,2022,7,0.485,0.7508,0.5012,0.2475,0.964,ANTLERED,ADULT,visible,ok,False,1,stop,
2385,SSWI000000011314800C.jpg,2018,9,0.5099,0.2841,0.245,0.2975,0.95,ANTLERED,ADULT,not_visible,ok,False,1,stop,
2386,SSWI000000024690952B.jpg,2021,11,0.4612,0.5058,0.5362,0.4908,0.979,ANTLERED,ADULT,visible,ok,False,1,stop,
2387,SSWI000000033257471A.jpg,2023,10,0.0006249,0.4308,0.6418,0.5666,0.959,ANTLERED,ADULT,visible,ok,False,1,stop,
2388,SSWI000000024102466A.jpg,2021,10,0.8562,0.4766,0.1268,0.2716,0.959,ANTLERED,ADULT,visible,ok,False,1,stop,
2389,SSWI000000032850614C.jpg,2023,8,0.2093,0.4441,0.3499,0.335,0.979,ANTLERED,ADULT,visible,ok,False,1,stop,
2390,SSWI000000023480073C.jpg,2021,7,0.2012,0.4308,0.2331,0.1949,0.954,ANTLERED,ADULT,visible,ok,False,1,stop,
2391,SSWI000000011024518A.jpg,2018,11,0.6406,0.5274,0.3593,0.4716,0.977,ANTLERED,ADULT,visible,ok,False,1,stop,
2392,SSWI000000025264446B.jpg,2021,12,0.4931,0.4016,0.2268,0.3549,0.956,ANTLERED,ADULT,visible,ok,False,1,stop,
2393,SSWI000000013720530A.jpg,2019,6,0.6599,0.6458,0.34,0.3516,0.959,ANTLERED,ADULT,visible,ok,False,1,stop,
2394,SSWI000000012481498C.jpg,2019,1,0.06062,0.4174,0.2456,0.3991,0.979,ANTLERED,ADULT,visible,ok,False,1,stop,
2395,SSWI000000018230243B.jpg,2020,6,0.4637,0.2566,0.3781,0.6216,0.964,ANTLERED,ADULT,visible,ok,False,1,stop,
2396,SSWI000000015329728C.jpg,2019,7,0.3462,0.4266,0.275,0.5708,0.972,ANTLERED,ADULT,visible,ok,False,1,stop,
2397,SSWI000000010695995B.jpg,2018,10,0.3656,0.4349,0.115,0.4416,0.958,ANTLERED,ADULT,visible,ok,False,1,stop,
2398,SSWI000000016819371B.jpg,2019,11,0.3168,0.245,0.3156,0.3866,0.965,ANTLERED,ADULT,visible,ok,False,1,stop,
2399,SSWI000000010328053C.jpg,2018,7,0.25,0.3449,0.3537,0.4366,0.952,ANTLERED,ADULT,visible,ok,False,1,stop,
2400,SSWI000000011157372B.jpg,2018,11,0.6275,0.5758,0.3725,0.4216,0.977,ANTLERED,ADULT,visible,ok,False,1,stop,
2401,SSWI000000019280408C.jpg,2020,6,0.0,0.4058,1.0,0.5916,0.963,ANTLERED,ADULT,visible,ok,False,1,stop,
2402,SSWI000000033416444A.jpg,2023,11,0.4081,0.2975,0.1518,0.3758,0.958,ANTLERED,ADULT,visible,ok,False,1,stop,
2403,SSWI000000011080876A.jpg,2018,10,0.0,0.4775,0.3881,0.5216,0.952,ANTLERED,ADULT,not_visible,ok,False,1,stop,
2404,SSWI000000015784279A.jpg,2019,10,0.3606,0.4049,0.3056,0.2433,0.954,ANTLERED,ADULT,visible,ok,False,1,stop,
2405,SSWI000000021892091C.jpg,2021,6,0.3587,0.4708,0.07812,0.1883,0.952,ANTLERED,ADULT,visible,ok,False,1,stop,
2406,SSWI000000010339033A.jpg,2018,9,0.1393,0.1683,0.6112,0.8274,0.989,ANTLERED,ADULT,visible,ok,False,1,stop,
2407,SSWI000000021477583A.jpg,2021,4,0.48,0.1133,0.5162,0.6083,0.979,ANTLERED,ADULT,visible,ok,False,1,stop,
2408,SSWI000000011468029B.jpg,2019,1,0.5068,0.4408,0.4381,0.3824,0.972,ANTLERED,ADULT,visible,ok,False,1,stop,
2409,SSWI000000024774567B.jpg,2021,11,0.0,0.635,0.2025,0.3625,0.979,ANTLERED,ADULT,visible,ok,False,1,stop,
2410,SSWI000000012652694A.jpg,2019,1,0.3462,0.1816,0.4737,0.7533,0.98,ANTLERED,ADULT,visible,ok,False,1,stop,
2411,SSWI000000011049252A.jpg,2018,9,0.5381,0.4475,0.4618,0.3433,0.968,ANTLERED,ADULT,visible,ok,False,1,stop,
2412,SSWI000000024794353C.jpg,2021,11,0.04625,0.5149,0.2943,0.3966,0.977,ANTLERED,ADULT,visible,ok,False,1,stop,
2413,SSWI000000023570111A.jpg,2021,6,0.2262,0.07583,0.4518,0.6816,0.968,ANTLERED,ADULT,visible,ok,False,1,stop,
2414,SSWI000000032846345A.jpg,2023,11,0.0,0.5374,0.3075,0.43,0.966,ANTLERED,ADULT,visible,ok,False,1,stop,
2415,SSWI000000019560171B.jpg,2020,7,0.6518,0.5041,0.2018,0.3616,0.957,ANTLERED,ADULT,visible,ok,False,1,stop,
2416,SSWI000000020664077B.jpg,2020,5,0.53,0.3058,0.1331,0.34,0.969,ANTLERED,ADULT,visible,ok,False,1,stop,
2417,SSWI000000011035076C.jpg,2018,11,0.6,0.4649,0.2962,0.3025,0.955,ANTLERED,ADULT,visible,ok,False,1,stop,
2418,SSWI000000032460021A.jpg,2023,9,0.7437,0.2883,0.2562,0.7074,0.975,ANTLERED,ADULT,visible,ok,False,1,stop,
2419,SSWI000000020364902A.jpg,2019,12,0.1824,0.6366,0.2337,0.3608,0.974,ANTLERED,ADULT,visible,ok,False,1,stop,
2420,SSWI000000032713250B.jpg,2023,7,0.5931,0.5491,0.4068,0.4483,0.962,ANTLERED,ADULT,not_visible,ok,False,1,stop,
2421,SSWI000000010033667C.jpg,2018,6,0.2587,0.3316,0.1818,0.3808,0.966,ANTLERED,ADULT,visible,ok,False,1,stop,
2422,SSWI000000009744007B.jpg,2018,7,0.07,0.009166,0.6368,0.9633,0.991,ANTLERED,ADULT,visible,ok,False,1,stop,
2423,SSWI000000033515182C.jpg,2023,11,0.2706,0.3666,0.3249,0.3608,0.957,ANTLERED,ADULT,visible,ok,False,1,stop,
2424,SSWI000000020145921A.jpg,2020,11,0.05875,0.5508,0.4212,0.4466,0.98,ANTLERED,ADULT,visible,ok,False,1,stop,
2425,SSWI000000012411760A.jpg,2018,11,0.5181,0.4975,0.135,0.2616,0.962,ANTLERED,ADULT,visible,ok,False,1,stop,
2426,SSWI000000018592372A.jpg,2020,6,0.5756,0.4675,0.4237,0.5283,0.978,ANTLERED,ADULT,visible,ok,False,1,stop,
2427,SSWI000000015830700B.jpg,2019,11,0.001875,0.4533,0.2793,0.2624,0.961,ANTLERED,ADULT,visible,ok,False,1,stop,
2428,SSWI000000012376094A.jpg,2018,12,0.3125,0.3591,0.2199,0.6391,0.975,ANTLERED,ADULT,visible,ok,False,1,stop,
2429,SSWI000000032056552A.jpg,2023,8,0.5512,0.5708,0.3425,0.4225,0.973,ANTLERED,ADULT,visible,ok,False,1,stop,
2430,SSWI000000007907318B.jpg,2018,1,0.7174,0.4716,0.1568,0.5191,0.965,ANTLERED,ADULT,visible,ok,False,1,stop,
2431,SSWI000000015862958B.jpg,2019,10,0.3918,0.005833,0.6081,0.9599,0.989,ANTLERED,ADULT,not_visible,ok,False,1,stop,
2432,SSWI000000010718575B.jpg,2018,10,0.2643,0.3766,0.3274,0.3558,0.964,ANTLERED,ADULT,visible,ok,False,1,stop,
2433,SSWI000000011049836C.jpg,2018,11,0.4381,0.4258,0.3249,0.3174,0.951,ANTLERED,ADULT,visible,ok,False,1,stop,
2434,SSWI000000021089917A.jpg,2020,11,0.5581,0.6375,0.2649,0.3483,0.969,ANTLERED,ADULT,visible,ok,False,1,stop,
2435,SSWI000000011836363C.jpg,2018,11,0.2331,0.6291,0.4,0.3683,0.986,ANTLERED,ADULT,visible,ok,False,1,stop,
2436,SSWI000000014851590A.jpg,2019,6,0.1218,0.4275,0.2181,0.3416,0.971,ANTLERED,ADULT,visible,ok,False,1,stop,
2437,SSWI000000010189673B.jpg,2018,6,0.0,0.6908,0.2987,0.3083,0.974,ANTLERED,ADULT,visible,ok,False,1,stop,
2438,SSWI000000010848012C.jpg,2018,7,0.2199,0.4524,0.2968,0.4016,0.977,ANTLERED,ADULT,visible,ok,False,1,stop,
2439,SSWI000000011035298C.jpg,2018,8,0.2162,0.3558,0.28,0.4499,0.973,ANTLERED,ADULT,visible,ok,False,1,stop,
2440,SSWI000000025155908C.jpg,2022,1,0.0,0.6741,0.2931,0.3233,0.975,ANTLERLESS,ADULT,visible,ok,False,1,stop,
2441,SSWI000000024756034A.jpg,2021,11,0.0625,0.5908,0.3199,0.4066,0.959,ANTLERLESS,ADULT,not_visible,ok,False,1,stop,
2442,SSWI000000015964918B.jpg,2019,9,0.1262,0.1566,0.4006,0.5766,0.954,ANTLERLESS,ADULT,visible,ok,False,1,stop,
2443,SSWI000000034836655B.jpg,2023,12,0.3912,0.4933,0.4325,0.4625,0.973,ANTLERLESS,ADULT,visible,ok,False,1,stop,
2444,SSWI000000023092638B.jpg,2020,10,0.5868,0.4508,0.4062,0.5466,0.981,ANTLERLESS,ADULT,visible,ok,False,1,stop,
2445,SSWI000000008559603B.jpg,2018,3,0.0,0.6858,0.2368,0.3141,0.958,ANTLERLESS,ADULT,visible,ok,False,1,stop,
2446,SSWI000000010482610C.jpg,2018,8,0.6243,0.5391,0.2293,0.2941,0.968,ANTLERLESS,ADULT,visible,ok,False,1,stop,
2447,SSWI000000015480977B.jpg,2019,8,0.4231,0.5049,0.5387,0.4591,0.964,ANTLERLESS,ADULT,visible,ok,False,1,stop,
2448,SSWI000000015014722C.jpg,2019,8,0.3962,0.7858,0.1131,0.2108,0.964,ANTLERLESS,ADULT,visible,ok,False,1,stop,
2449,SSWI000000023645663C.jpg,2021,9,0.2181,0.5883,0.6662,0.4091,0.97,ANTLERLESS,ADULT,visible,ok,False,1,stop,
2450,SSWI000000029790733C.jpg,2023,2,0.8018,0.225,0.1981,0.4691,0.972,ANTLERLESS,ADULT,visible,ok,False,1,stop,
2451,SSWI000000016770506C.jpg,2020,1,0.1181,0.4633,0.3112,0.5333,0.98,ANTLERLESS,ADULT,visible,ok,False,1,stop,
2452,SSWI000000013465708B.jpg,2019,5,0.6818,0.4375,0.1506,0.2383,0.951,ANTLERLESS,ADULT,visible,ok,False,1,stop,
2453,SSWI000000012052676B.jpg,2018,4,0.25,0.7891,0.2887,0.2083,0.973,ANTLERLESS,ADULT,visible,ok,False,1,stop,
2454,SSWI000000027036415A.jpg,2022,5,0.01624,0.5608,0.3581,0.4358,0.985,ANTLERLESS,ADULT,visible,ok,False,1,stop,
2455,SSWI000000032460157A.jpg,2023,9,0.05312,0.5041,0.6299,0.495,0.986,ANTLERLESS,ADULT,visible,ok,False,1,stop,
2456,SSWI000000016954994C.jpg,2020,3,0.5481,0.4616,0.3518,0.3449,0.976,ANTLERLESS,ADULT,visible,ok,False,1,stop,
2457,SSWI000000010185577C.jpg,2018,8,0.5399,0.2758,0.4343,0.5458,0.969,ANTLERLESS,ADULT,visible,ok,False,1,stop,
2458,SSWI000000011957946B.jpg,2019,3,0.1268,0.2716,0.4487,0.7016,0.984,ANTLERLESS,ADULT,visible,ok,False,1,stop,
2459,SSWI000000021296300B.jpg,2020,12,0.3043,0.5641,0.3125,0.3291,0.962,ANTLERLESS,ADULT,visible,ok,False,1,stop,
2460,SSWI000000032056391C.jpg,2023,6,0.1768,0.4083,0.2337,0.3183,0.963,ANTLERLESS,ADULT,visible,ok,False,1,stop,
2461,SSWI000000017838308B.jpg,2020,3,0.5306,0.6175,0.115,0.33,0.962,ANTLERLESS,ADULT,visible,ok,False,1,stop,
2462,SSWI000000012023835A.jpg,2019,3,0.2856,0.3574,0.17,0.3725,0.978,ANTLERLESS,ADULT,visible,ok,False,1,stop,
2463,SSWI000000020856862B.jpg,2020,9,0.6218,0.48,0.3781,0.5183,0.985,ANTLERLESS,ADULT,visible,ok,False,1,stop,
2464,SSWI000000010482502A.jpg,2018,7,0.0,0.4325,0.2243,0.3366,0.959,ANTLERLESS,ADULT,visible,ok,False,1,stop,
2465,SSWI000000016036946C.jpg,2019,10,0.5262,0.5308,0.1862,0.4208,0.97,ANTLERLESS,ADULT,visible,ok,False,1,stop,
2466,SSWI000000025659613B.jpg,2021,11,0.5787,0.5691,0.3712,0.4283,0.984,ANTLERLESS,ADULT,visible,ok,False,1,stop,
2467,SSWI000000007743928C.jpg,2018,1,0.3506,0.5466,0.2393,0.2433,0.971,ANTLERLESS,ADULT,visible,ok,False,1,stop,
2468,SSWI000000025101684B.jpg,2021,7,0.2531,0.5025,0.3549,0.4399,0.952,ANTLERLESS,ADULT,visible,ok,False,1,stop,
2469,SSWI000000018009770A.jpg,2019,11,0.1687,0.4666,0.1718,0.3,0.968,ANTLERLESS,ADULT,visible,ok,False,1,stop,
2470,SSWI000000021428505A.jpg,2020,11,0.8468,0.5524,0.1531,0.4466,0.968,ANTLERLESS,ADULT,visible,ok,False,1,stop,
2471,SSWI000000011536765B.jpg,2018,11,0.0,0.4191,0.3512,0.3708,0.953,ANTLERLESS,ADULT,visible,ok,False,1,stop,
2472,SSWI000000016789380C.jpg,2020,3,0.0,0.009166,1.0,0.9883,0.981,ANTLERLESS,ADULT,visible,ok,False,1,stop,
2473,SSWI000000011505080C.jpg,2019,1,0.4424,0.6591,0.1718,0.2624,0.963,ANTLERLESS,ADULT,visible,ok,False,1,stop,
2474,SSWI000000018080534B.jpg,2020,7,0.4556,0.1166,0.5443,0.6708,0.958,ANTLERLESS,ADULT,visible,ok,False,1,stop,
2475,SSWI000000010477561C.jpg,2018,9,0.245,0.4825,0.3418,0.1991,0.963,ANTLERLESS,ADULT,visible,ok,False,1,stop,
2476,SSWI000000017587114C.jpg,2020,4,0.07,0.0075,0.9287,0.9908,0.984,ANTLERLESS,ADULT,visible,ok,False,1,stop,
2477,SSWI000000017969759B.jpg,2020,2,0.08312,0.4741,0.3018,0.3258,0.979,ANTLERLESS,ADULT,visible,ok,False,1,stop,
2478,SSWI000000025575314B.jpg,2022,1,0.08062,0.2941,0.4318,0.5191,0.988,ANTLERLESS,ADULT,visible,ok,False,1,stop,
2479,SSWI000000034398570B.jpg,2023,12,0.2899,0.4441,0.2624,0.2733,0.967,ANTLERLESS,ADULT,visible,ok,False,1,stop,
2480,SSWI000000017207419C.jpg,2020,5,0.3006,0.6241,0.3518,0.27,0.976,ANTLERLESS,ADULT,visible,ok,False,1,stop,
2481,SSWI000000011218429C.jpg,2018,11,0.435,0.4808,0.3025,0.2741,0.968,ANTLERLESS,ADULT,visible,ok,False,1,stop,
2482,SSWI000000011504060A.jpg,2018,11,0.5568,0.6375,0.4431,0.3608,0.974,ANTLERLESS,ADULT,visible,ok,False,1,stop,
2483,SSWI000000014729614B.jpg,2019,7,0.08937,0.4883,0.2018,0.1558,0.956,ANTLERLESS,ADULT,visible,ok,False,1,stop,
2484,SSWI000000022400132B.jpg,2021,6,0.06187,0.4466,0.3025,0.335,0.963,ANTLERLESS,ADULT,visible,ok,False,1,stop,
2485,SSWI000000019997097C.jpg,2020,10,0.0,0.03583,0.7993,0.9616,0.952,ANTLERLESS,ADULT,visible,ok,False,1,stop,
2486,SSWI000000024641050B.jpg,2021,10,0.2106,0.4066,0.1968,0.2266,0.965,ANTLERLESS,ADULT,visible,ok,False,1,stop,
2487,SSWI000000017502660C.jpg,2020,1,0.07875,0.2216,0.9212,0.7733,0.968,ANTLERLESS,ADULT,not_visible,ok,False,1,stop,
2488,SSWI000000021089629B.jpg,2020,10,0.06812,0.7983,0.3612,0.1991,0.965,ANTLERLESS,ADULT,visible,ok,False,1,stop,
2489,SSWI000000015144320A.jpg,2019,9,0.05437,0.2316,0.3968,0.2891,0.957,ANTLERLESS,ADULT,visible,ok,False,1,stop,
2490,SSWI000000016849849C.jpg,2020,1,0.9187,0.6024,0.08124,0.2374,0.961,ANTLERLESS,ADULT,visible,ok,False,1,stop,
2491,SSWI000000033201898B.jpg,2023,11,0.8043,0.5516,0.1956,0.4466,0.978,ANTLERLESS,ADULT,visible,ok,False,1,stop,
2492,SSWI000000022290260A.jpg,2021,5,0.8468,0.5733,0.1531,0.2358,0.95,ANTLERLESS,ADULT,visible,ok,False,1,stop,
2493,SSWI000000031606061B.jpg,2023,5,0.4487,0.2733,0.5325,0.7233,0.978,ANTLERLESS,ADULT,visible,ok,False,1,stop,
2494,SSWI000000025250136C.jpg,2022,2,0.7743,0.6,0.1937,0.3075,0.973,ANTLERLESS,ADULT,visible,ok,False,1,stop,
2495,SSWI000000010209763B.jpg,2018,8,0.2706,0.3874,0.3118,0.3766,0.966,ANTLERLESS,ADULT,visible,ok,False,1,stop,
2496,SSWI000000032458621C.jpg,2023,9,0.5487,0.5124,0.28,0.3308,0.979,ANTLERLESS,ADULT,visible,ok,False,1,stop,
2497,SSWI000000030332328B.jpg,2023,4,0.8312,0.5016,0.1687,0.335,0.976,ANTLERLESS,ADULT,visible,ok,False,1,stop,
2498,SSWI000000016770563B.jpg,2020,1,0.02812,0.5141,0.3975,0.3683,0.979,ANTLERLESS,ADULT,visible,ok,False,1,stop,
2499,SSWI000000020134251A.jpg,2020,11,0.2824,0.5483,0.3881,0.4008,0.963,ANTLERLESS,ADULT,visible,ok,False,1,stop,
2500,SSWI000000011525848B.jpg,2018,10,0.0,0.1708,0.2475,0.6775,0.969,ANTLERLESS,ADULT,visible,ok,False,1,stop,
2501,SSWI000000025659410A.jpg,2021,10,0.8456,0.5,0.1543,0.4966,0.977,ANTLERLESS,ADULT,visible,ok,False,1,stop,
2502,SSWI000000010720220C.jpg,2018,10,0.67,0.7258,0.1875,0.2566,0.962,ANTLERLESS,ADULT,visible,ok,False,1,stop,
2503,SSWI000000030312958C.jpg,2023,2,0.0275,0.7541,0.6537,0.2433,0.982,ANTLERLESS,ADULT,visible,ok,False,1,stop,
2504,SSWI000000015980998B.jpg,2019,11,0.2556,0.4808,0.1843,0.1883,0.966,ANTLERLESS,ADULT,visible,ok,False,1,stop,
2505,SSWI000000008651769A.jpg,2018,5,0.4068,0.4549,0.1675,0.4474,0.971,ANTLERLESS,ADULT,visible,ok,False,1,stop,
2506,SSWI000000018686167C.jpg,2020,6,0.5493,0.4249,0.2812,0.3558,0.956,ANTLERLESS,ADULT,visible,ok,False,1,stop,
2507,SSWI000000009312190C.jpg,2018,5,0.4806,0.5208,0.1099,0.2133,0.964,ANTLERLESS,ADULT,visible,ok,False,1,stop,
2508,SSWI000000018264549C.jpg,2020,5,0.6768,0.6033,0.2931,0.3058,0.964,ANTLERLESS,ADULT,visible,ok,False,1,stop,
2509,SSWI000000009234301B.jpg,2018,6,0.8331,0.6933,0.1668,0.305,0.96,ANTLERLESS,ADULT,visible,ok,False,1,stop,
2510,SSWI000000008987743C.jpg,2018,1,0.09812,0.4575,0.2824,0.2066,0.967,ANTLERLESS,ADULT,visible,ok,False,1,stop,
2511,SSWI000000033203936B.jpg,2023,11,0.07999,0.5133,0.3481,0.3141,0.972,ANTLERLESS,ADULT,visible,ok,False,1,stop,
2512,SSWI000000026155443B.jpg,2022,2,0.0,0.3241,0.2275,0.3341,0.968,ANTLERLESS,ADULT,visible,ok,False,1,stop,
2513,SSWI000000028545119C.jpg,2022,9,0.0,0.4475,0.7993,0.55,0.97,ANTLERLESS,ADULT,not_visible,ok,False,1,stop,
2514,SSWI000000031438808C.jpg,2023,6,0.5375,0.7458,0.4625,0.2516,0.952,ANTLERLESS,ADULT,not_visible,ok,False,1,stop,
2515,SSWI000000013834937C.jpg,2019,5,0.4312,0.4849,0.5393,0.5141,0.977,ANTLERLESS,ADULT,visible,ok,False,1,stop,
2516,SSWI000000016374577C.jpg,2020,1,0.3718,0.5575,0.25,0.1924,0.981,ANTLERLESS,ADULT,visible,ok,False,1,stop,
2517,SSWI000000011060259B.jpg,2018,11,0.1212,0.5966,0.2443,0.4016,0.954,ANTLERLESS,ADULT,visible,ok,False,1,stop,
2518,SSWI000000014713796B.jpg,2019,7,0.0,0.4924,0.3618,0.5058,0.968,ANTLERLESS,ADULT,not_visible,ok,False,1,stop,
2519,SSWI000000009791133A.jpg,2018,8,0.3337,0.2358,0.0925,0.3633,0.959,ANTLERLESS,ADULT,visible,ok,False,1,stop,
2520,SSWI000000020365310B.jpg,2020,1,0.0,0.6116,0.6775,0.3858,0.975,ANTLERLESS,ADULT,visible,ok,False,1,stop,
2521,SSWI000000015861603B.jpg,2019,10,0.7537,0.3933,0.2462,0.4183,0.957,ANTLERLESS,ADULT,visible,ok,False,1,stop,
2522,SSWI000000033228342A.jpg,2023,10,0.3056,0.6624,0.1831,0.1949,0.965,ANTLERLESS,ADULT,visible,ok,False,1,stop,
2523,SSWI000000024333818C.jpg,2021,10,0.3162,0.635,0.14,0.2941,0.958,ANTLERLESS,ADULT,visible,ok,False,1,stop,
2524,SSWI000000026330196C.jpg,2022,6,0.515,0.6849,0.1574,0.3133,0.959,ANTLERLESS,ADULT,visible,ok,False,1,stop,
2525,SSWI000000024754901B.jpg,2021,10,0.1281,0.2349,0.2599,0.5333,0.967,ANTLERLESS,ADULT,visible,ok,False,1,stop,
2526,SSWI000000030350191B.jpg,2023,5,0.0,0.5858,0.3681,0.4116,0.977,ANTLERLESS,ADULT,visible,ok,False,1,stop,
2527,SSWI000000020321789B.jpg,2020,12,0.5318,0.5074,0.1406,0.405,0.964,ANTLERLESS,ADULT,visible,ok,False,1,stop,
2528,SSWI000000021980727A.jpg,2021,6,0.2924,0.4249,0.3981,0.5716,0.983,ANTLERLESS,ADULT,visible,ok,False,1,stop,
2529,SSWI000000024158143B.jpg,2021,10,0.1062,0.5566,0.4856,0.4433,0.977,ANTLERLESS,ADULT,visible,ok,False,1,stop,
2530,SSWI000000009538253A.jpg,2018,2,0.2512,0.2333,0.15,0.3783,0.957,ANTLERLESS,ADULT,visible,ok,False,1,stop,
2531,SSWI000000028223478B.jpg,2022,9,0.305,0.2466,0.6918,0.7516,0.976,ANTLERLESS,ADULT,visible,ok,False,1,stop,
2532,SSWI000000008559698A.jpg,2018,3,0.3925,0.635,0.3987,0.3641,0.971,ANTLERLESS,ADULT,not_visible,ok,False,1,stop,
2533,SSWI000000033358012B.jpg,2023,9,0.7387,0.47,0.2037,0.5283,0.975,ANTLERLESS,ADULT,visible,ok,False,1,stop,
2534,SSWI000000017501403A.jpg,2020,4,0.2774,0.5116,0.2125,0.2283,0.971,ANTLERLESS,ADULT,visible,ok,False,1,stop,
2535,SSWI000000033587709B.jpg,2023,12,0.7487,0.3258,0.2512,0.6708,0.978,ANTLERLESS,ADULT,visible,ok,False,1,stop,
2536,SSWI000000024486336C.jpg,2021,10,0.3643,0.2341,0.5268,0.5674,0.98,ANTLERLESS,ADULT,visible,ok,False,1,stop,
2537,SSWI000000034460860C.jpg,2023,11,0.8062,0.7566,0.1937,0.2408,0.979,ANTLERLESS,ADULT,visible,ok,False,1,stop,
2538,SSWI000000025550679C.jpg,2021,12,0.7274,0.5083,0.2725,0.4658,0.963,ANTLERLESS,ADULT,visible,ok,False,1,stop,
2539,SSWI000000010857616A.jpg,2018,5,0.6787,0.485,0.3068,0.4866,0.979,ANTLERLESS,ADULT,visible,ok,False,1,stop,
2540,SSWI000000024333645C.jpg,2021,9,0.2575,0.7908,0.1887,0.2066,0.95,ANTLERLESS,ADULT,visible,ok,False,1,stop,
2541,SSWI000000025101068B.jpg,2021,4,0.6724,0.4733,0.2112,0.5258,0.974,ANTLERLESS,ADULT,visible,ok,False,1,stop,
2542,SSWI000000018999592C.jpg,2020,8,0.305,0.7933,0.1768,0.1541,0.96,ANTLERLESS,ADULT,visible,ok,False,1,stop,
2543,SSWI000000012645850C.jpg,2019,4,0.5362,0.5324,0.4637,0.465,0.976,ANTLERLESS,ADULT,visible,ok,False,1,stop,
2544,SSWI000000030348298C.jpg,2023,4,0.04625,0.3408,0.3549,0.305,0.961,ANTLERLESS,ADULT,visible,ok,False,1,stop,
2545,SSWI000000017035058B.jpg,2020,3,0.8068,0.2308,0.1931,0.3216,0.973,ANTLERLESS,ADULT,visible,ok,False,1,stop,
2546,SSWI000000017253236C.jpg,2019,12,0.125,0.575,0.215,0.2675,0.96,ANTLERLESS,ADULT,visible,ok,False,1,stop,
2547,SSWI000000011330132C.jpg,2018,10,0.0,0.7508,0.3043,0.2483,0.966,ANTLERLESS,ADULT,visible,ok,False,1,stop,
2548,SSWI000000015001484A.jpg,2019,6,0.3331,0.5358,0.6656,0.4625,0.985,ANTLERLESS,ADULT,visible,ok,False,1,stop,
2549,SSWI000000012652395B.jpg,2018,12,0.1012,0.2533,0.5824,0.625,0.98,ANTLERLESS,ADULT,visible,ok,False,1,stop,
2550,SSWI000000028790653B.jpg,2022,10,0.0,0.5916,0.3293,0.4058,0.98,ANTLERLESS,ADULT,visible,ok,False,1,stop,
2551,SSWI000000032617038C.jpg,2023,9,0.0,0.6791,0.3093,0.3199,0.951,ANTLERLESS,ADULT,visible,ok,False,1,stop,
2552,SSWI000000016173843C.jpg,2019,11,0.3512,0.5899,0.1075,0.1908,0.95,ANTLERLESS,ADULT,visible,ok,False,1,stop,
2553,SSWI000000033661825B.jpg,2023,11,0.5462,0.6333,0.4231,0.3641,0.975,ANTLERLESS,ADULT,visible,ok,False,1,stop,
2554,SSWI000000011517436B.jpg,2019,1,0.09124,0.4608,0.4181,0.3316,0.977,ANTLERLESS,ADULT,visible,ok,False,1,stop,
2555,SSWI000000017207256A.jpg,2020,4,0.3525,0.6824,0.2618,0.3149,0.976,ANTLERLESS,ADULT,visible,ok,False,1,stop,
2556,SSWI000000030096760C.jpg,2022,10,0.7181,0.5533,0.2818,0.4466,0.961,ANTLERLESS,ADULT,visible,ok,False,1,stop,
2557,SSWI000000017356246C.jpg,2020,4,0.4356,0.1233,0.5543,0.6333,0.976,ANTLERLESS,ADULT,visible,ok,False,1,stop,
2558,SSWI000000011212851A.jpg,2018,11,0.2143,0.1649,0.435,0.4391,0.978,ANTLERLESS,ADULT,visible,ok,False,1,stop,
2559,SSWI000000015303279C.jpg,2019,9,0.5062,0.7849,0.2206,0.2116,0.975,ANTLERLESS,ADULT,visible,ok,False,1,stop,
2560,SSWI000000009575928B.jpg,2018,7,0.7949,0.3966,0.2049,0.6008,0.976,ANTLERLESS,ADULT,visible,ok,False,1,stop,
2561,SSWI000000025101205A.jpg,2021,4,0.5381,0.5025,0.1687,0.2133,0.959,ANTLERLESS,ADULT,visible,ok,False,1,stop,
2562,SSWI000000020586379B.jpg,2020,10,0.4906,0.6025,0.1924,0.1958,0.95,ANTLERLESS,ADULT,visible,ok,False,1,stop,
2563,SSWI000000032219139C.jpg,2023,2,0.6937,0.5541,0.1774,0.1558,0.975,ANTLERLESS,ADULT,visible,ok,False,1,stop,
2564,SSWI000000028541414C.jpg,2022,8,0.0,0.0008333,0.9687,0.995,0.959,ANTLERLESS,ADULT,visible,ok,False,1,stop,
2565,SSWI000000015392986C.jpg,2018,10,0.2868,0.2783,0.6781,0.7183,0.973,ANTLERLESS,ADULT,visible,ok,False,1,stop,
2566,SSWI000000017587151C.jpg,2020,4,0.0,0.2716,0.3693,0.5724,0.982,ANTLERLESS,ADULT,visible,ok,False,1,stop,
2567,SSWI000000025404351A.jpg,2022,1,0.2681,0.4166,0.7318,0.5808,0.981,ANTLERLESS,ADULT,visible,ok,False,1,stop,
2568,SSWI000000026184089B.jpg,2022,2,0.5468,0.5608,0.2987,0.3683,0.982,ANTLERLESS,ADULT,visible,ok,False,1,stop,
2569,SSWI000000013426169A.jpg,2019,5,0.0,0.4033,0.2331,0.3574,0.966,ANTLERLESS,ADULT,visible,ok,False,1,stop,
2570,SSWI000000017035135A.jpg,2020,4,0.4918,0.235,0.31,0.4416,0.965,ANTLERLESS,ADULT,visible,ok,False,1,stop,
2571,SSWI000000034176039A.jpg,2023,12,0.4824,0.3508,0.2943,0.335,0.972,ANTLERLESS,ADULT,visible,ok,False,1,stop,
2572,SSWI000000011522784B.jpg,2018,12,0.4087,0.2933,0.2943,0.4291,0.971,ANTLERLESS,ADULT,visible,ok,False,1,stop,
2573,SSWI000000022841237B.jpg,2021,5,0.3218,0.7041,0.3899,0.2924,0.983,ANTLERLESS,ADULT,visible,ok,False,1,stop,
2574,SSWI000000012314578C.jpg,2018,12,0.03812,0.4225,0.1837,0.2183,0.958,ANTLERLESS,ADULT,visible,ok,False,1,stop,
2575,SSWI000000023074184A.jpg,2020,10,0.01125,0.5158,0.3125,0.3391,0.969,ANTLERLESS,ADULT,visible,ok,False,1,stop,
2576,SSWI000000021183148C.jpg,2020,9,0.1281,0.3333,0.3087,0.3574,0.951,ANTLERLESS,ADULT,visible,ok,False,1,stop,
2577,SSWI000000021215597B.jpg,2019,4,0.5299,0.5766,0.1843,0.2374,0.961,ANTLERLESS,ADULT,visible,ok,False,1,stop,
2578,SSWI000000029352828C.jpg,2022,9,0.6037,0.81,0.2856,0.1891,0.966,ANTLERLESS,ADULT,visible,ok,False,1,stop,
2579,SSWI000000015541317A.jpg,2019,10,0.0,0.5408,0.5625,0.4575,0.982,ANTLERLESS,ADULT,visible,ok,False,1,stop,
2580,SSWI000000011435461B.jpg,2018,11,0.1393,0.5975,0.34,0.2241,0.963,ANTLERLESS,ADULT,visible,ok,False,1,stop,
2581,SSWI000000010648542B.jpg,2018,9,0.6437,0.7741,0.3562,0.2224,0.951,ANTLERLESS,ADULT,not_visible,ok,False,1,stop,
2582,SSWI000000017501521B.jpg,2020,5,0.2149,0.6233,0.2643,0.2033,0.964,ANTLERLESS,ADULT,visible,ok,False,1,stop,
2583,SSWI000000033257044A.jpg,2023,10,0.4225,0.6333,0.5774,0.3633,0.97,ANTLERLESS,ADULT,visible,ok,False,1,stop,
2584,SSWI000000016617810B.jpg,2019,11,0.0,0.5691,0.3412,0.4291,0.983,ANTLERLESS,ADULT,visible,ok,False,1,stop,
2585,SSWI000000027304271A.jpg,2022,5,0.4418,0.7858,0.1862,0.1741,0.962,ANTLERLESS,ADULT,visible,ok,False,1,stop,
2586,SSWI000000024772938A.jpg,2021,10,0.07124,0.7991,0.365,0.1991,0.963,ANTLERLESS,ADULT,visible,ok,False,1,stop,
2587,SSWI000000011340924B.jpg,2018,8,0.3593,0.6816,0.5224,0.3158,0.983,ANTLERLESS,ADULT,visible,ok,False,1,stop,
2588,SSWI000000024690395C.jpg,2021,6,0.5143,0.6649,0.3499,0.2491,0.956,ANTLERLESS,ADULT,visible,ok,False,1,stop,
2589,SSWI000000021405103B.jpg,2021,3,0.4356,0.6283,0.2281,0.2516,0.96,ANTLERLESS,ADULT,visible,ok,False,1,stop,
2590,SSWI000000016236755B.jpg,2019,6,0.5462,0.2916,0.4537,0.5625,0.968,ANTLERLESS,ADULT,visible,ok,False,1,stop,
2591,SSWI000000009576778C.jpg,2018,5,0.5712,0.5449,0.2043,0.2841,0.971,ANTLERLESS,ADULT,visible,ok,False,1,stop,
2592,SSWI000000025671223A.jpg,2021,10,0.4568,0.4583,0.1693,0.17,0.956,ANTLERLESS,ADULT,visible,ok,False,1,stop,
2593,SSWI000000013188864A.jpg,2019,1,0.4143,0.4758,0.5856,0.5208,0.971,ANTLERLESS,ADULT,visible,ok,False,1,stop,
2594,SSWI000000021286738A.jpg,2021,2,0.8181,0.6158,0.1143,0.2275,0.951,ANTLERLESS,ADULT,not_visible,ok,False,1,stop,
2595,SSWI000000033872889A.jpg,2023,12,0.585,0.5174,0.1643,0.3366,0.951,ANTLERLESS,ADULT,visible,ok,False,1,stop,
2596,SSWI000000025641903A.jpg,2022,4,0.1824,0.3425,0.1681,0.3983,0.971,ANTLERLESS,ADULT,visible,ok,False,1,stop,
2597,SSWI000000025843699A.jpg,2022,2,0.0,0.5891,0.3425,0.3716,0.973,ANTLERLESS,ADULT,visible,ok,False,1,stop,
2598,SSWI000000024699076B.jpg,2021,12,0.02937,0.4566,0.3606,0.33,0.977,ANTLERLESS,ADULT,visible,ok,False,1,stop,
2599,SSWI000000019159785A.jpg,2020,4,0.1218,0.4925,0.2281,0.2316,0.965,ANTLERLESS,ADULT,visible,ok,False,1,stop,
2600,SSWI000000026188687A.jpg,2022,4,0.3324,0.3224,0.4212,0.3683,0.979,ANTLERLESS,ADULT,visible,ok,False,1,stop,
2601,SSWI000000011060251A.jpg,2018,11,0.1299,0.4908,0.3131,0.5074,0.976,ANTLERLESS,ADULT,visible,ok,False,1,stop,
2602,SSWI000000011957263C.jpg,2019,3,0.2824,0.5483,0.1512,0.2,0.968,ANTLERLESS,ADULT,visible,ok,False,1,stop,
2603,SSWI000000011435538A.jpg,2018,11,0.5693,0.6183,0.4306,0.3783,0.981,ANTLERLESS,ADULT,visible,ok,False,1,stop,
2604,SSWI000000016082580A.jpg,2019,12,0.5043,0.1783,0.4518,0.5208,0.967,ANTLERLESS,ADULT,visible,ok,False,1,stop,
2605,SSWI000000025704425C.jpg,2022,4,0.3106,0.2166,0.4793,0.4883,0.971,ANTLERLESS,ADULT,visible,ok,False,1,stop,
2606,SSWI000000012642756B.jpg,2019,4,0.2593,0.2708,0.6018,0.6233,0.982,ANTLERLESS,ADULT,visible,ok,False,1,stop,
2607,SSWI000000011331017B.jpg,2018,12,0.05937,0.4958,0.1568,0.2608,0.954,ANTLERLESS,ADULT,visible,ok,False,1,stop,
2608,SSWI000000012059241B.jpg,2019,1,0.4918,0.4175,0.1331,0.4166,0.971,ANTLERLESS,ADULT,visible,ok,False,1,stop,
2609,SSWI000000029331844B.jpg,2022,11,0.1981,0.2549,0.6281,0.5199,0.989,ANTLERLESS,ADULT,visible,ok,False,1,stop,
2610,SSWI000000032507466C.jpg,2023,8,0.2687,0.2733,0.3149,0.3391,0.968,ANTLERLESS,ADULT,visible,ok,False,1,stop,
2611,SSWI000000022497225C.jpg,2021,7,0.2337,0.4433,0.3499,0.3391,0.957,ANTLERLESS,ADULT,visible,ok,False,1,stop,
2612,SSWI000000031596035B.jpg,2023,7,0.3768,0.6433,0.6231,0.3566,0.975,ANTLERLESS,ADULT,visible,ok,False,1,stop,
2613,SSWI000000021980505A.jpg,2021,4,0.5006,0.4308,0.18,0.5024,0.959,ANTLERLESS,ADULT,visible,ok,False,1,stop,
2614,SSWI000000021423998C.jpg,2020,10,0.12,0.5141,0.6256,0.4833,0.982,ANTLERLESS,ADULT,visible,ok,False,1,stop,
2615,SSWI000000015302745A.jpg,2019,9,0.08312,0.6899,0.4987,0.3075,0.965,ANTLERLESS,ADULT,visible,ok,False,1,stop,
2616,SSWI000000021294897B.jpg,2020,10,0.3531,0.6508,0.3468,0.3449,0.963,ANTLERLESS,ADULT,not_visible,ok,False,1,stop,
2617,SSWI000000021295439A.jpg,2021,3,0.3756,0.5175,0.5237,0.4808,0.977,ANTLERLESS,ADULT,not_visible,ok,False,1,stop,
2618,SSWI000000021727915B.jpg,2021,1,0.6387,0.6158,0.3612,0.3474,0.972,ANTLERLESS,ADULT,visible,ok,False,1,stop,
2619,SSWI000000023013636B.jpg,2021,5,0.7274,0.6075,0.2725,0.2975,0.961,ANTLERLESS,ADULT,visible,ok,False,1,stop,
2620,SSWI000000010195147C.jpg,2018,9,0.2906,0.2374,0.3831,0.66,0.975,ANTLERLESS,ADULT,visible,ok,False,1,stop,
2621,SSWI000000033395330C.jpg,2023,11,0.5681,0.5508,0.3718,0.3916,0.973,ANTLERLESS,ADULT,visible,ok,False,1,stop,
2622,SSWI000000017502391B.jpg,2020,4,0.7212,0.5133,0.2581,0.4858,0.977,ANTLERLESS,ADULT,visible,ok,False,1,stop,
2623,SSWI000000013736773C.jpg,2019,5,0.4587,0.3991,0.3137,0.3533,0.959,ANTLERLESS,ADULT,visible,ok,False,1,stop,
2624,SSWI000000015087594A.jpg,2019,9,0.0,0.5449,0.1312,0.2708,0.958,ANTLERLESS,ADULT,visible,ok,False,1,stop,
2625,SSWI000000016241369A.jpg,2019,11,0.7068,0.5399,0.2462,0.2624,0.967,ANTLERLESS,ADULT,visible,ok,False,1,stop,
2626,SSWI000000027872526B.jpg,2022,8,0.0,0.5241,0.3537,0.4749,0.98,ANTLERLESS,ADULT,visible,ok,False,1,stop,
2627,SSWI000000011333395B.jpg,2018,11,0.3518,0.6525,0.3293,0.3425,0.958,ANTLERLESS,ADULT,not_visible,ok,False,1,stop,
2628,SSWI000000025843791C.jpg,2022,4,0.4006,0.5458,0.2906,0.3141,0.962,ANTLERLESS,ADULT,visible,ok,False,1,stop,
2629,SSWI000000011052325B.jpg,2018,10,0.1262,0.7674,0.2918,0.2091,0.959,ANTLERLESS,ADULT,visible,ok,False,1,stop,
2630,SSWI000000033729469B.jpg,2023,12,0.7493,0.4858,0.2462,0.3008,0.976,ANTLERLESS,ADULT,visible,ok,False,1,stop,
2631,SSWI000000025660312A.jpg,2022,4,0.45,0.525,0.1749,0.1783,0.969,ANTLERLESS,ADULT,visible,ok,False,1,stop,
2632,SSWI000000011990070A.jpg,2019,1,0.0,0.4275,0.185,0.5691,0.977,ANTLERLESS,ADULT,visible,ok,False,1,stop,
2633,SSWI000000018918230C.jpg,2020,7,0.3362,0.5008,0.6581,0.4616,0.963,ANTLERLESS,ADULT,visible,ok,False,1,stop,
2634,SSWI000000017294833B.jpg,2020,5,0.2518,0.2533,0.2668,0.4474,0.975,ANTLERLESS,ADULT,visible,ok,False,1,stop,
2635,SSWI000000018313166B.jpg,2020,5,0.3968,0.4558,0.2975,0.425,0.97,ANTLERLESS,ADULT,visible,ok,False,1,stop,
2636,SSWI000000033324717C.jpg,2023,11,0.4387,0.3108,0.55,0.4041,0.957,ANTLERLESS,ADULT,visible,ok,False,1,stop,
2637,SSWI000000009628873C.jpg,2018,7,0.2606,0.7333,0.2437,0.2441,0.959,ANTLERLESS,ADULT,visible,ok,False,1,stop,
2638,SSWI000000033415044C.jpg,2023,11,0.1825,0.6274,0.2806,0.2899,0.977,ANTLERLESS,ADULT,visible,ok,False,1,stop,
2639,SSWI000000010251929C.jpg,2018,7,0.1187,0.6041,0.5337,0.3933,0.982,ANTLERLESS,ADULT,visible,ok,False,1,stop,
2640,SSWI000000011526332C.jpg,2018,11,0.000625,0.01499,0.5612,0.7875,0.969,ANTLERLESS,ADULT,visible,ok,False,1,stop,
2641,SSWI000000019999733A.jpg,2020,10,0.3968,0.5733,0.2512,0.2766,0.963,ANTLERLESS,ADULT,visible,ok,False,1,stop,
2642,SSWI000000016236593C.jpg,2019,6,0.2181,0.315,0.3781,0.3841,0.954,ANTLERLESS,ADULT,visible,ok,False,1,stop,
2643,SSWI000000019625365A.jpg,2020,4,0.5743,0.6016,0.4037,0.3958,0.965,ANTLERLESS,ADULT,not_visible,ok,False,1,stop,
2644,SSWI000000011342220C.jpg,2018,12,0.5706,0.5175,0.4162,0.4824,0.98,ANTLERLESS,ADULT,visible,ok,False,1,stop,
2645,SSWI000000007612459B.jpg,2018,1,0.4587,0.585,0.3018,0.2391,0.974,ANTLERLESS,ADULT,visible,ok,False,1,stop,
2646,SSWI000000033357870A.jpg,2023,11,0.6181,0.5849,0.2437,0.2958,0.974,ANTLERLESS,ADULT,visible,ok,False,1,stop,
2647,SSWI000000024875144C.jpg,2022,1,0.2018,0.3674,0.4118,0.6058,0.98,ANTLERLESS,ADULT,visible,ok,False,1,stop,
2648,SSWI000000012965824C.jpg,2019,2,0.1737,0.4258,0.3168,0.4458,0.975,ANTLERLESS,ADULT,visible,ok,False,1,stop,
2649,SSWI000000020365858A.jpg,2020,4,0.4937,0.6499,0.2025,0.3466,0.983,ANTLERLESS,ADULT,visible,ok,False,1,stop,
2650,SSWI000000016592737A.jpg,2019,11,0.6618,0.5041,0.2306,0.495,0.974,ANTLERLESS,ADULT,visible,ok,False,1,stop,
2651,SSWI000000012448835B.jpg,2018,11,0.0,0.5158,0.6206,0.4808,0.979,ANTLERLESS,ADULT,visible,ok,False,1,stop,
2652,SSWI000000025704166B.jpg,2022,3,0.0,0.1416,0.3662,0.4591,0.971,ANTLERLESS,ADULT,visible,ok,False,1,stop,
2653,SSWI000000014052164B.jpg,2019,6,0.2631,0.4058,0.4181,0.3141,0.96,ANTLERLESS,ADULT,visible,ok,False,1,stop,
2654,SSWI000000009234216B.jpg,2018,6,0.0,0.7208,0.2262,0.2766,0.972,ANTLERLESS,ADULT,visible,ok,False,1,stop,
2655,SSWI000000017290351B.jpg,2020,2,0.0,0.5599,0.3174,0.4383,0.978,ANTLERLESS,ADULT,visible,ok,False,1,stop,
2656,SSWI000000023695516C.jpg,2021,4,0.6031,0.4124,0.2512,0.4124,0.965,ANTLERLESS,ADULT,visible,ok,False,1,stop,
2657,SSWI000000014843352C.jpg,2019,8,0.0,0.3749,0.3318,0.3741,0.964,ANTLERLESS,ADULT,visible,ok,False,1,stop,
2658,SSWI000000017838650B.jpg,2020,4,0.3093,0.6608,0.1418,0.1375,0.957,ANTLERLESS,ADULT,visible,ok,False,1,stop,
2659,SSWI000000011288242A.jpg,2018,11,0.7374,0.5983,0.2574,0.2633,0.962,ANTLERLESS,ADULT,visible,ok,False,1,stop,
2660,SSWI000000010441995B.jpg,2018,7,0.3412,0.4566,0.3687,0.3241,0.96,ANTLERLESS,ADULT,visible,ok,False,1,stop,
2661,SSWI000000011836439C.jpg,2018,11,0.8506,0.715,0.1493,0.2816,0.971,ANTLERLESS,ADULT,visible,ok,False,1,stop,
2662,SSWI000000013303442A.jpg,2019,4,0.02812,0.5041,0.1806,0.2833,0.974,ANTLERLESS,ADULT,visible,ok,False,1,stop,
2663,SSWI000000008700350B.jpg,2018,3,0.0,0.2308,0.3199,0.7649,0.958,ANTLERLESS,ADULT,visible,ok,False,1,stop,
2664,SSWI000000014962081C.jpg,2019,7,0.5343,0.4766,0.2718,0.1558,0.96,ANTLERLESS,ADULT,visible,ok,False,1,stop,
2665,SSWI000000008559353A.jpg,2018,3,0.7156,0.5675,0.2843,0.4316,0.979,ANTLERLESS,ADULT,visible,ok,False,1,stop,
2666,SSWI000000025828380A.jpg,2022,3,0.05687,0.26,0.2462,0.2816,0.978,ANTLERLESS,ADULT,visible,ok,False,1,stop,
2667,SSWI000000032616888A.jpg,2023,8,0.6931,0.6358,0.3068,0.2924,0.95,ANTLERLESS,ADULT,visible,ok,False,1,stop,
2668,SSWI000000021829252A.jpg,2021,5,0.1068,0.2191,0.3643,0.3091,0.964,ANTLERLESS,ADULT,visible,ok,False,1,stop,
2669,SSWI000000014758509A.jpg,2019,8,0.4974,0.2708,0.5024,0.725,0.971,ANTLERLESS,ADULT,not_visible,ok,False,1,stop,
2670,SSWI000000027905561B.jpg,2022,8,0.4499,0.7466,0.3799,0.25,0.968,ANTLERLESS,ADULT,visible,ok,False,1,stop,
2671,SSWI000000009638712B.jpg,2018,8,0.06062,0.6691,0.5143,0.33,0.975,ANTLERLESS,ADULT,visible,ok,False,1,stop,
2672,SSWI000000012372694B.jpg,2018,12,0.7062,0.3958,0.1787,0.4766,0.972,ANTLERLESS,ADULT,visible,ok,False,1,stop,
2673,SSWI000000020134784B.jpg,2020,10,0.3943,0.4966,0.1506,0.1774,0.952,ANTLERLESS,ADULT,not_visible,ok,False,1,stop,
2674,SSWI000000018917973A.jpg,2020,6,0.51,0.3841,0.1387,0.2183,0.957,ANTLERLESS,ADULT,visible,ok,False,1,stop,
2675,SSWI000000017048246B.jpg,2020,1,0.1631,0.3774,0.1875,0.1291,0.978,ANTLERLESS,ADULT,visible,ok,False,1,stop,
2676,SSWI000000013002575B.jpg,2019,5,0.0,0.4616,0.1881,0.3025,0.967,ANTLERLESS,ADULT,visible,ok,False,1,stop,
2677,SSWI000000020366300C.jpg,2020,6,0.5168,0.6775,0.1862,0.2891,0.967,ANTLERLESS,ADULT,visible,ok,False,1,stop,
2678,SSWI000000033257222C.jpg,2023,11,0.1787,0.48,0.2874,0.2483,0.958,ANTLERLESS,ADULT,visible,ok,False,1,stop,
2679,SSWI000000024701435A.jpg,2021,10,0.6062,0.3375,0.3937,0.56,0.955,ANTLERLESS,ADULT,visible,ok,False,1,stop,
2680,SSWI000000021427509B.jpg,2021,1,0.6549,0.4766,0.1562,0.1633,0.957,ANTLERLESS,ADULT,visible,ok,False,1,stop,
2681,SSWI000000021892156C.jpg,2021,6,0.2299,0.4416,0.5049,0.4149,0.971,ANTLERLESS,ADULT,visible,ok,False,1,stop,
2682,SSWI000000022841276B.jpg,2021,5,0.009375,0.7374,0.3306,0.2608,0.955,ANTLERLESS,ADULT,visible,ok,False,1,stop,
2683,SSWI000000026127716A.jpg,2022,5,0.3781,0.535,0.1393,0.2108,0.963,ANTLERLESS,ADULT,visible,ok,False,1,stop,
2684,SSWI000000029014439A.jpg,2022,10,0.5268,0.5083,0.2337,0.2,0.962,ANTLERLESS,ADULT,visible,ok,False,1,stop,
2685,SSWI000000010225202A.jpg,2018,5,0.4574,0.4816,0.3387,0.2899,0.957,ANTLERLESS,ADULT,visible,ok,False,1,stop,
2686,SSWI000000020459340B.jpg,2020,12,0.1868,0.6758,0.3837,0.3216,0.963,ANTLERLESS,ADULT,visible,ok,False,1,stop,
2687,SSWI000000017931211A.jpg,2019,7,0.3456,0.4316,0.4212,0.3849,0.95,ANTLERLESS,ADULT,visible,ok,False,1,stop,
2688,SSWI000000012650498A.jpg,2019,2,0.4468,0.54,0.2431,0.1583,0.974,ANTLERLESS,ADULT,visible,ok,False,1,stop,
2689,SSWI000000030789535A.jpg,2022,10,0.02874,0.4691,0.2218,0.2049,0.965,ANTLERLESS,ADULT,visible,ok,False,1,stop,
2690,SSWI000000029051464C.jpg,2022,12,0.6537,0.6858,0.2606,0.1875,0.976,ANTLERLESS,ADULT,visible,ok,False,1,stop,
2691,SSWI000000026459558C.jpg,2022,6,0.4812,0.7941,0.4893,0.2041,0.967,ANTLERLESS,ADULT,visible,ok,False,1,stop,
2692,SSWI000000011056067B.jpg,2018,6,0.6375,0.5549,0.3625,0.4449,0.962,ANTLERLESS,ADULT,visible,ok,False,1,stop,
2693,SSWI000000027733230A.jpg,2022,5,0.3768,0.3208,0.335,0.6791,0.977,ANTLERLESS,ADULT,visible,ok,False,1,stop,
2694,SSWI000000033322544B.jpg,2023,11,0.2331,0.3175,0.3837,0.68,0.979,ANTLERLESS,ADULT,visible,ok,False,1,stop,
2695,SSWI000000009104810A.jpg,2018,5,0.6156,0.5183,0.2031,0.4025,0.967,ANTLERLESS,ADULT,visible,ok,False,1,stop,
2696,SSWI000000025101752A.jpg,2021,7,0.05687,0.3899,0.7368,0.61,0.98,ANTLERLESS,ADULT,visible,ok,False,1,stop,
2697,SSWI000000024333672A.jpg,2021,9,0.08312,0.7183,0.2881,0.2783,0.973,ANTLERLESS,ADULT,visible,ok,False,1,stop,
2698,SSWI000000019573262B.jpg,2020,8,0.8081,0.3858,0.1918,0.3308,0.97,ANTLERLESS,ADULT,visible,ok,False,1,stop,
2699,SSWI000000015011366A.jpg,2019,9,0.4049,0.4458,0.3343,0.4216,0.96,ANTLERLESS,ADULT,visible,ok,False,1,stop,
2700,SSWI000000029053493C.jpg,2022,12,0.0,0.6033,0.4356,0.3933,0.956,ANTLERLESS,ADULT,visible,ok,False,1,stop,
2701,SSWI000000008035903C.jpg,2018,2,0.8993,0.4491,0.1006,0.3483,0.968,ANTLERLESS,ADULT,visible,ok,False,1,stop,
2702,SSWI000000020162743C.jpg,2020,4,0.4306,0.5399,0.3287,0.46,0.977,ANTLERLESS,ADULT,visible,ok,False,1,stop,
2703,SSWI000000019625787A.jpg,2020,4,0.0,0.5508,0.2937,0.4491,0.964,ANTLERLESS,ADULT,visible,ok,False,1,stop,
2704,SSWI000000010877419C.jpg,2018,9,0.4662,0.6375,0.4406,0.3608,0.979,ANTLERLESS,ADULT,visible,ok,False,1,stop,
2705,SSWI000000017296529B.jpg,2020,3,0.7081,0.5091,0.2243,0.4875,0.982,ANTLERLESS,ADULT,visible,ok,False,1,stop,
2706,SSWI000000021005791C.jpg,2021,1,0.3281,0.4625,0.5475,0.535,0.97,ANTLERLESS,ADULT,visible,ok,False,1,stop,
2707,SSWI000000011018906C.jpg,2018,10,0.14,0.2374,0.6368,0.7591,0.983,ANTLERLESS,ADULT,visible,ok,False,1,stop,
2708,SSWI000000010487885C.jpg,2018,7,0.2775,0.5283,0.3231,0.3725,0.964,ANTLERLESS,ADULT,visible,ok,False,1,stop,
2709,SSWI000000015783904C.jpg,2019,10,0.2318,0.3199,0.4293,0.3733,0.971,ANTLERLESS,ADULT,visible,ok,False,1,stop,
2710,SSWI000000008396159B.jpg,2018,4,0.0,0.5516,0.1387,0.3116,0.967,ANTLERLESS,ADULT,not_visible,ok,False,1,stop,
2711,SSWI000000011416579A.jpg,2018,10,0.3606,0.5049,0.1687,0.17,0.954,ANTLERLESS,ADULT,visible,ok,False,1,stop,
2712,SSWI000000026487787A.jpg,2022,4,0.4743,0.2108,0.3456,0.4074,0.973,ANTLERLESS,ADULT,visible,ok,False,1,stop,
2713,SSWI000000009539020B.jpg,2018,4,0.4624,0.1783,0.5375,0.4916,0.964,ANTLERLESS,ADULT,visible,ok,False,1,stop,
2714,SSWI000000030715936C.jpg,2023,4,0.3725,0.5483,0.2406,0.2133,0.965,ANTLERLESS,ADULT,visible,ok,False,1,stop,
2715,SSWI000000032264852A.jpg,2023,9,0.2737,0.5591,0.1956,0.2066,0.966,ANTLERLESS,ADULT,visible,ok,False,1,stop,
2716,SSWI000000031594577B.jpg,2023,7,0.1162,0.4225,0.2224,0.2975,0.956,ANTLERLESS,ADULT,visible,ok,False,1,stop,
2717,SSWI000000012921443C.jpg,2019,5,0.4043,0.4908,0.2318,0.5058,0.975,ANTLERLESS,ADULT,not_visible,ok,False,1,stop,
2718,SSWI000000015012165B.jpg,2019,9,0.08499,0.12,0.3893,0.6691,0.952,ANTLERLESS,ADULT,not_visible,ok,False,1,stop,
2719,SSWI000000013002524B.jpg,2019,4,0.3637,0.4499,0.1787,0.2716,0.975,ANTLERLESS,ADULT,visible,ok,False,1,stop,
2720,SSWI000000031594274A.jpg,2023,4,0.1899,0.5299,0.5306,0.4699,0.955,ANTLERLESS,ADULT,visible,ok,False,1,stop,
2721,SSWI000000008334477B.jpg,2018,2,0.5712,0.2441,0.4287,0.43,0.972,ANTLERLESS,ADULT,not_visible,ok,False,1,stop,
2722,SSWI000000033355143A.jpg,2023,10,0.8143,0.6624,0.1856,0.3366,0.961,ANTLERLESS,ADULT,visible,ok,False,1,stop,
2723,SSWI000000014578559C.jpg,2019,8,0.3706,0.1933,0.4506,0.6225,0.966,ANTLERLESS,ADULT,visible,ok,False,1,stop,
2724,SSWI000000030716294A.jpg,2023,5,0.56,0.5441,0.2081,0.2599,0.959,ANTLERLESS,ADULT,visible,ok,False,1,stop,
2725,SSWI000000033397059A.jpg,2023,12,0.0,0.3633,0.3268,0.4608,0.964,ANTLERLESS,ADULT,visible,ok,False,1,stop,
2726,SSWI000000026330371C.jpg,2022,5,0.3199,0.4566,0.2268,0.2775,0.969,ANTLERLESS,ADULT,visible,ok,False,1,stop,
2727,SSWI000000008332802C.jpg,2018,5,0.1124,0.5116,0.27,0.4883,0.973,ANTLERLESS,ADULT,visible,ok,False,1,stop,
2728,SSWI000000025671004C.jpg,2021,9,0.2293,0.5149,0.3137,0.2366,0.955,ANTLERLESS,ADULT,visible,ok,False,1,stop,
2729,SSWI000000010045176A.jpg,2018,9,0.2643,0.5,0.4168,0.4983,0.978,ANTLERLESS,ADULT,visible,ok,False,1,stop,
2730,SSWI000000014865283A.jpg,2019,8,0.2668,0.5408,0.6025,0.4575,0.977,ANTLERLESS,ADULT,visible,ok,False,1,stop,
2731,SSWI000000010720012C.jpg,2018,8,0.6556,0.7499,0.1812,0.2475,0.968,ANTLERLESS,ADULT,visible,ok,False,1,stop,
2732,SSWI000000028842626A.jpg,2022,10,0.3506,0.7074,0.6487,0.2891,0.977,ANTLERLESS,ADULT,visible,ok,False,1,stop,
2733,SSWI000000017968197C.jpg,2019,9,0.4862,0.4408,0.1731,0.1608,0.962,ANTLERLESS,ADULT,visible,ok,False,1,stop,
2734,SSWI000000017964537B.jpg,2020,1,0.0,0.4399,0.4131,0.5591,0.978,ANTLERLESS,ADULT,visible,ok,False,1,stop,
2735,SSWI000000033383264C.jpg,2023,9,0.3975,0.5083,0.5487,0.49,0.98,ANTLERLESS,ADULT,visible,ok,False,1,stop,
2736,SSWI000000020135056C.jpg,2020,10,0.4037,0.4958,0.1656,0.2083,0.952,ANTLERLESS,ADULT,visible,ok,False,1,stop,
2737,SSWI000000033203307C.jpg,2023,8,0.3799,0.48,0.2,0.1675,0.956,ANTLERLESS,ADULT,visible,ok,False,1,stop,
2738,SSWI000000017082043C.jpg,2019,12,0.1693,0.2499,0.4687,0.7475,0.98,ANTLERLESS,ADULT,visible,ok,False,1,stop,
2739,SSWI000000009636886C.jpg,2018,8,0.0,0.2549,0.4218,0.4433,0.969,ANTLERLESS,ADULT,visible,ok,False,1,stop,
2740,SSWI000000016374575B.jpg,2020,1,0.3712,0.5483,0.2443,0.2008,0.982,ANTLERLESS,ADULT,visible,ok,False,1,stop,
2741,SSWI000000012158956A.jpg,2019,1,0.1706,0.455,0.1862,0.2258,0.956,ANTLERLESS,ADULT,visible,ok,False,1,stop,
2742,SSWI000000019159636C.jpg,2020,4,0.4993,0.4874,0.1593,0.1866,0.958,ANTLERLESS,ADULT,visible,ok,False,1,stop,
2743,SSWI000000009539254A.jpg,2018,4,0.4775,0.445,0.2137,0.1983,0.952,ANTLERLESS,ADULT,visible,ok,False,1,stop,
2744,SSWI000000017916262B.jpg,2020,2,0.2818,0.6066,0.37,0.3483,0.974,ANTLERLESS,ADULT,visible,ok,False,1,stop,
2745,SSWI000000033486268B.jpg,2023,11,0.7262,0.3308,0.2737,0.2583,0.961,ANTLERLESS,ADULT,not_visible,ok,False,1,stop,
2746,SSWI000000015862692A.jpg,2019,10,0.0,0.2458,0.4243,0.6499,0.971,ANTLERLESS,ADULT,visible,ok,False,1,stop,
2747,SSWI000000025250195A.jpg,2022,2,0.3012,0.6333,0.3774,0.3641,0.983,ANTLERLESS,ADULT,visible,ok,False,1,stop,
2748,SSWI000000027304751A.jpg,2022,8,0.4787,0.7975,0.15,0.1624,0.952,ANTLERLESS,ADULT,visible,ok,False,1,stop,
2749,SSWI000000012455664B.jpg,2019,3,0.3018,0.48,0.1787,0.2766,0.98,ANTLERLESS,ADULT,visible,ok,False,1,stop,
2750,SSWI000000025671386C.jpg,2021,11,0.03124,0.5108,0.1987,0.2199,0.967,ANTLERLESS,ADULT,visible,ok,False,1,stop,
2751,SSWI000000017123720A.jpg,2020,4,0.0006249,0.7825,0.6312,0.2158,0.95,ANTLERLESS,ADULT,visible,ok,False,1,stop,
2752,SSWI000000014346822A.jpg,2019,6,0.1531,0.3183,0.4937,0.3683,0.96,ANTLERLESS,ADULT,visible,ok,False,1,stop,
2753,SSWI000000010750246C.jpg,2018,9,0.000625,0.6216,0.5718,0.3783,0.979,ANTLERLESS,ADULT,visible,ok,False,1,stop,
2754,SSWI000000010479019C.jpg,2018,8,0.01687,0.3583,0.2512,0.2425,0.966,ANTLERLESS,ADULT,visible,ok,False,1,stop,
2755,SSWI000000025101070B.jpg,2021,4,0.6368,0.4849,0.2493,0.5124,0.979,ANTLERLESS,ADULT,visible,ok,False,1,stop,
2756,SSWI000000026329894C.jpg,2022,4,0.2199,0.5791,0.2006,0.2325,0.963,ANTLERLESS,ADULT,visible,ok,False,1,stop,
2757,SSWI000000010847393C.jpg,2018,9,0.4262,0.6391,0.2243,0.3583,0.967,ANTLERLESS,ADULT,visible,ok,False,1,stop,
2758,SSWI000000008670862A.jpg,2018,5,0.6399,0.6141,0.36,0.3841,0.967,ANTLERLESS,ADULT,visible,ok,False,1,stop,
2759,SSWI000000020365157C.jpg,2019,12,0.6162,0.6666,0.3837,0.3308,0.973,ANTLERLESS,ADULT,visible,ok,False,1,stop,
2760,SSWI000000022400169B.jpg,2021,6,0.4893,0.5316,0.245,0.2358,0.951,ANTLERLESS,ADULT,visible,ok,False,1,stop,
2761,SSWI000000015086404A.jpg,2019,8,0.675,0.5541,0.215,0.4424,0.964,ANTLERLESS,ADULT,visible,ok,False,1,stop,
2762,SSWI000000033520194A.jpg,2023,11,0.0,0.615,0.8206,0.3833,0.975,ANTLERLESS,ADULT,visible,ok,False,1,stop,
2763,SSWI000000015863607A.jpg,2019,11,0.0,0.3258,0.3912,0.6133,0.968,ANTLERLESS,ADULT,visible,ok,False,1,stop,
2764,SSWI000000024464951A.jpg,2021,11,0.1837,0.0,0.5087,0.4975,0.961,ANTLERLESS,ADULT,not_visible,ok,False,1,stop,
2765,SSWI000000028676863C.jpg,2022,11,0.0,0.4283,0.2362,0.5691,0.972,ANTLERLESS,ADULT,visible,ok,False,1,stop,
2766,SSWI000000015303195C.jpg,2019,9,0.7549,0.6333,0.245,0.365,0.973,ANTLERLESS,ADULT,visible,ok,False,1,stop,
2767,SSWI000000017540712A.jpg,2020,4,0.0,0.6416,0.2156,0.3583,0.95,ANTLERLESS,ADULT,visible,ok,False,1,stop,
2768,SSWI000000023321388C.jpg,2021,6,0.07562,0.4133,0.5362,0.4566,0.969,ANTLERLESS,ADULT,visible,ok,False,1,stop,
2769,SSWI000000021428621A.jpg,2021,4,0.08312,0.5841,0.2175,0.4158,0.975,ANTLERLESS,ADULT,visible,ok,False,1,stop,
2770,SSWI000000013819031B.jpg,2019,5,0.5912,0.4849,0.3831,0.3808,0.973,ANTLERLESS,ADULT,visible,ok,False,1,stop,
2771,SSWI000000026895466C.jpg,2022,7,0.0,0.5558,0.3512,0.4416,0.965,ANTLERLESS,ADULT,visible,ok,False,1,stop,
2772,SSWI000000028546961C.jpg,2022,10,0.4612,0.4716,0.4337,0.3233,0.97,ANTLERLESS,ADULT,visible,ok,False,1,stop,
2773,SSWI000000014008995C.jpg,2019,4,0.0,0.0,0.725,0.9958,0.968,ANTLERLESS,ADULT,visible,ok,False,1,stop,
2774,SSWI000000011022998B.jpg,2018,10,0.2756,0.6516,0.4681,0.3474,0.982,ANTLERLESS,ADULT,visible,ok,False,1,stop,
2775,SSWI000000033359674A.jpg,2023,11,0.2312,0.1933,0.4356,0.4416,0.971,ANTLERLESS,ADULT,visible,ok,False,1,stop,
2776,SSWI000000013683129C.jpg,2019,5,0.6812,0.485,0.3187,0.5149,0.963,ANTLERLESS,ADULT,visible,ok,False,1,stop,
2777,SSWI000000020094540B.jpg,2020,9,0.7837,0.3833,0.2162,0.2558,0.951,ANTLERLESS,ADULT,visible,ok,False,1,stop,
2778,SSWI000000011168794B.jpg,2018,8,0.4525,0.2008,0.4199,0.5108,0.972,ANTLERLESS,ADULT,visible,ok,False,1,stop,
2779,SSWI000000032458234C.jpg,2023,8,0.3381,0.5075,0.2312,0.3383,0.975,ANTLERLESS,ADULT,visible,ok,False,1,stop,
2780,SSWI000000030689856C.jpg,2023,1,0.0,0.5916,0.5562,0.4058,0.971,ANTLERLESS,ADULT,visible,ok,False,1,stop,
2781,SSWI000000017587398A.jpg,2020,5,0.2574,0.2516,0.3181,0.3741,0.975,ANTLERLESS,ADULT,visible,ok,False,1,stop,
2782,SSWI000000022385386C.jpg,2021,5,0.3499,0.3349,0.4712,0.4091,0.973,ANTLERLESS,ADULT,visible,ok,False,1,stop,
2783,SSWI000000011213220C.jpg,2018,11,0.4918,0.3858,0.4612,0.4,0.957,ANTLERLESS,ADULT,visible,ok,False,1,stop,
2784,SSWI000000012392100B.jpg,2018,12,0.8331,0.5749,0.1099,0.4225,0.96,ANTLERLESS,ADULT,visible,ok,False,1,stop,
2785,SSWI000000016970563A.jpg,2020,3,0.6031,0.4583,0.3968,0.4616,0.983,ANTLERLESS,ADULT,visible,ok,False,1,stop,
2786,SSWI000000030313832B.jpg,2022,11,0.0,0.4199,0.2256,0.5766,0.97,ANTLERLESS,ADULT,visible,ok,False,1,stop,
2787,SSWI000000029014549C.jpg,2022,11,0.5362,0.5416,0.1912,0.2433,0.965,ANTLERLESS,ADULT,visible,ok,False,1,stop,
2788,SSWI000000018352153C.jpg,2020,5,0.03437,0.4324,0.1324,0.2341,0.95,ANTLERLESS,ADULT,visible,ok,False,1,stop,
2789,SSWI000000031117021A.jpg,2023,6,0.5906,0.43,0.4093,0.5674,0.983,ANTLERLESS,ADULT,visible,ok,False,1,stop,
2790,SSWI000000012382171A.jpg,2019,4,0.5,0.4058,0.2775,0.3975,0.972,ANTLERLESS,ADULT,visible,ok,False,1,stop,
2791,SSWI000000029014338B.jpg,2022,11,0.6156,0.5624,0.3843,0.435,0.977,ANTLERLESS,ADULT,visible,ok,False,1,stop,
2792,SSWI000000012924388B.jpg,2019,5,0.4268,0.29,0.3656,0.3283,0.959,ANTLERLESS,ADULT,visible,ok,False,1,stop,
2793,SSWI000000021385243C.jpg,2021,3,0.6487,0.3891,0.3237,0.2833,0.969,ANTLERLESS,ADULT,visible,ok,False,1,stop,
2794,SSWI000000009073002A.jpg,2018,5,0.0,0.3866,0.4481,0.3191,0.971,ANTLERLESS,ADULT,visible,ok,False,1,stop,
2795,SSWI000000021308139A.jpg,2021,3,0.1818,0.5649,0.5212,0.4149,0.968,ANTLERLESS,ADULT,visible,ok,False,1,stop,
2796,SSWI000000024943538B.jpg,2021,9,0.0,0.3708,0.3887,0.4208,0.958,ANTLERLESS,ADULT,visible,ok,False,1,stop,
2797,SSWI000000027294077B.jpg,2022,6,0.06687,0.575,0.3956,0.3941,0.954,ANTLERLESS,ADULT,visible,ok,False,1,stop,
2798,SSWI000000013559246A.jpg,2019,7,0.5231,0.7525,0.4718,0.2458,0.974,ANTLERLESS,ADULT,visible,ok,False,1,stop,
2799,SSWI000000011836547A.jpg,2018,11,0.03437,0.7458,0.2718,0.25,0.971,ANTLERLESS,ADULT,visible,ok,False,1,stop,
2800,SSWI000000010519371A.jpg,2018,1,0.5037,0.4991,0.2524,0.1958,0.975,ANTLERLESS,ADULT,visible,ok,False,1,stop,
2801,SSWI000000009744118C.jpg,2018,7,0.3275,0.3524,0.2237,0.2983,0.951,ANTLERLESS,ADULT,visible,ok,False,1,stop,
2802,SSWI000000033193967C.jpg,2023,10,0.7918,0.6816,0.2081,0.3149,0.977,ANTLERLESS,ADULT,visible,ok,False,1,stop,
2803,SSWI000000016063278A.jpg,2019,12,0.0,0.3949,0.3706,0.3583,0.972,ANTLERLESS,ADULT,visible,ok,False,1,stop,
2804,SSWI000000026330349B.jpg,2022,5,0.3431,0.3383,0.3831,0.5608,0.983,ANTLERLESS,ADULT,visible,ok,False,1,stop,
2805,SSWI000000019534041A.jpg,2020,7,0.5381,0.8233,0.2831,0.1749,0.964,ANTLERLESS,ADULT,visible,ok,False,1,stop,
2806,SSWI000000011517315B.jpg,2019,1,0.08999,0.3975,0.4281,0.5733,0.984,ANTLERLESS,ADULT,visible,ok,False,1,stop,
2807,SSWI000000016241333C.jpg,2019,11,0.4318,0.5208,0.2374,0.215,0.953,ANTLERLESS,ADULT,visible,ok,False,1,stop,
2808,SSWI000000011060478B.jpg,2018,11,0.2849,0.3033,0.3856,0.3558,0.975,ANTLERLESS,ADULT,visible,ok,False,1,stop,
2809,SSWI000000011434218C.jpg,2018,10,0.3262,0.5508,0.2056,0.2083,0.96,ANTLERLESS,ADULT,visible,ok,False,1,stop,
2810,SSWI000000019130383A.jpg,2020,6,0.0,0.6608,0.245,0.3375,0.962,ANTLERLESS,ADULT,visible,ok,False,1,stop,
2811,SSWI000000011433991A.jpg,2018,10,0.4574,0.6141,0.5425,0.3833,0.977,ANTLERLESS,ADULT,visible,ok,False,1,stop,
2812,SSWI000000021090042C.jpg,2020,12,0.2181,0.8091,0.2975,0.1883,0.974,ANTLERLESS,ADULT,visible,ok,False,1,stop,
2813,SSWI000000020663912A.jpg,2020,4,0.445,0.3291,0.2156,0.3008,0.961,ANTLERLESS,ADULT,visible,ok,False,1,stop,
2814,SSWI000000010695975C.jpg,2018,10,0.3418,0.3674,0.1831,0.2091,0.969,ANTLERLESS,ADULT,visible,ok,False,1,stop,
2815,SSWI000000013179420B.jpg,2019,5,0.2068,0.4033,0.4,0.5924,0.975,ANTLERLESS,ADULT,visible,ok,False,1,stop,
2816,SSWI000000019529678B.jpg,2020,10,0.1831,0.6666,0.1587,0.33,0.958,ANTLERLESS,ADULT,visible,ok,False,1,stop,
2817,SSWI000000029014543A.jpg,2022,11,0.7524,0.4633,0.2281,0.2849,0.972,ANTLERLESS,ADULT,visible,ok,False,1,stop,
2818,SSWI000000029184493C.jpg,2022,9,0.4387,0.7008,0.25,0.2966,0.965,ANTLERLESS,ADULT,visible,ok,False,1,stop,
2819,SSWI000000020908968B.jpg,2020,12,0.2868,0.4624,0.2181,0.23,0.969,ANTLERLESS,ADULT,visible,ok,False,1,stop,
2820,SSWI000000025404737A.jpg,2022,1,0.515,0.5324,0.4181,0.465,0.978,ANTLERLESS,ADULT,visible,ok,False,1,stop,
2821,SSWI000000012038380C.jpg,2019,1,0.1012,0.4441,0.1793,0.2574,0.974,ANTLERLESS,ADULT,visible,ok,False,1,stop,
2822,SSWI000000024681276C.jpg,2021,7,0.3243,0.275,0.1199,0.3616,0.969,ANTLERLESS,ADULT,visible,ok,False,1,stop,
2823,SSWI000000033345345C.jpg,2023,11,0.6368,0.5308,0.3631,0.4641,0.959,ANTLERLESS,ADULT,visible,ok,False,1,stop,
2824,SSWI000000033359712A.jpg,2023,11,0.3693,0.2766,0.4068,0.3958,0.963,ANTLERLESS,ADULT,not_visible,ok,False,1,stop,
2825,SSWI000000016525165B.jpg,2019,11,0.2256,0.6625,0.1724,0.1366,0.961,ANTLERLESS,ADULT,visible,ok,False,1,stop,
2826,SSWI000000017254589C.jpg,2020,5,0.2281,0.6058,0.1124,0.1941,0.963,ANTLERLESS,ADULT,not_visible,ok,False,1,stop,
2827,SSWI000000010695882B.jpg,2018,9,0.305,0.4416,0.1825,0.535,0.956,ANTLERLESS,ADULT,visible,ok,False,1,stop,
2828,SSWI000000010225203A.jpg,2018,5,0.01749,0.4366,0.2175,0.2249,0.954,ANTLERLESS,ADULT,visible,ok,False,1,stop,
2829,SSWI000000024325870C.jpg,2020,11,0.0,0.64,0.3799,0.3574,0.976,ANTLERLESS,ADULT,visible,ok,False,1,stop,
2830,SSWI000000029319672B.jpg,2022,10,0.5337,0.5308,0.4662,0.4658,0.972,ANTLERLESS,ADULT,visible,ok,False,1,stop,
2831,SSWI000000008396238B.jpg,2018,4,0.7949,0.7366,0.2049,0.2633,0.961,ANTLERLESS,ADULT,visible,ok,False,1,stop,
2832,SSWI000000017288343B.jpg,2019,12,0.1712,0.5825,0.4587,0.4166,0.98,ANTLERLESS,ADULT,visible,ok,False,1,stop,
2833,SSWI000000012544311B.jpg,2019,4,0.5887,0.4133,0.1881,0.3125,0.966,ANTLERLESS,ADULT,visible,ok,False,1,stop,
2834,SSWI000000011061109C.jpg,2018,11,0.3862,0.4525,0.1362,0.1408,0.951,ANTLERLESS,ADULT,visible,ok,False,1,stop,
2835,SSWI000000023112898A.jpg,2021,7,0.1137,0.3124,0.4437,0.6833,0.959,ANTLERLESS,ADULT,visible,ok,False,1,stop,
2836,SSWI000000014758419C.jpg,2019,8,0.4168,0.5308,0.3312,0.3474,0.964,ANTLERLESS,ADULT,visible,ok,False,1,stop,
2837,SSWI000000012753910A.jpg,2019,5,0.8112,0.6208,0.1887,0.3791,0.967,ANTLERLESS,ADULT,visible,ok,False,1,stop,
2838,SSWI000000029779959A.jpg,2022,11,0.3793,0.5533,0.1525,0.2683,0.96,ANTLERLESS,ADULT,visible,ok,False,1,stop,
2839,SSWI000000015303159C.jpg,2019,9,0.0,0.7624,0.2481,0.2349,0.968,ANTLERLESS,ADULT,visible,ok,False,1,stop,
2840,SSWI000000011037393C.jpg,2018,10,0.085,0.63,0.1924,0.1541,0.954,ANTLERLESS,ADULT,visible,ok,False,1,stop,
2841,SSWI000000011157430C.jpg,2018,11,0.1225,0.4283,0.2293,0.2858,0.97,ANTLERLESS,ADULT,visible,ok,False,1,stop,
2842,SSWI000000032702448B.jpg,2023,9,0.2206,0.3266,0.2368,0.3183,0.976,ANTLERLESS,ADULT,visible,ok,False,1,stop,
2843,SSWI000000025689089A.jpg,2021,11,0.4818,0.6525,0.1774,0.2091,0.952,ANTLERLESS,ADULT,visible,ok,False,1,stop,
2844,SSWI000000017968359B.jpg,2019,10,0.2081,0.4908,0.2731,0.3058,0.98,ANTLERLESS,ADULT,visible,ok,False,1,stop,
2845,SSWI000000008485293A.jpg,2018,4,0.2131,0.4483,0.3506,0.3508,0.975,ANTLERLESS,ADULT,visible,ok,False,1,stop,
2846,SSWI000000013680267C.jpg,2019,5,0.5868,0.2549,0.4131,0.7433,0.984,ANTLERLESS,ADULT,visible,ok,False,1,stop,
2847,SSWI000000020667155A.jpg,2020,1,0.5775,0.4458,0.2581,0.3799,0.95,ANTLERLESS,ADULT,visible,ok,False,1,stop,
2848,SSWI000000019478634A.jpg,2020,9,0.0,0.63,0.2325,0.2458,0.952,ANTLERLESS,ADULT,visible,ok,False,1,stop,
2849,SSWI000000008601960C.jpg,2018,5,0.1368,0.4058,0.2425,0.2616,0.973,ANTLERLESS,ADULT,visible,ok,False,1,stop,
2850,SSWI000000015830804C.jpg,2019,11,0.1856,0.4724,0.37,0.3066,0.96,ANTLERLESS,ADULT,visible,ok,False,1,stop,
2851,SSWI000000030349958B.jpg,2023,3,0.5793,0.4083,0.1687,0.1708,0.97,ANTLERLESS,ADULT,visible,ok,False,1,stop,
2852,SSWI000000017254133C.jpg,2020,2,0.0,0.6066,0.2068,0.3899,0.973,ANTLERLESS,ADULT,visible,ok,False,1,stop,
2853,SSWI000000022204626B.jpg,2021,6,0.6343,0.455,0.1593,0.155,0.956,ANTLERLESS,ADULT,visible,ok,False,1,stop,
2854,SSWI000000015160463B.jpg,2019,8,0.0006249,0.3758,0.4937,0.3791,0.964,ANTLERLESS,ADULT,visible,ok,False,1,stop,
2855,SSWI000000025708933C.jpg,2022,4,0.06187,0.6475,0.3312,0.3524,0.958,ANTLERLESS,ADULT,visible,ok,False,1,stop,
2856,SSWI000000018008623B.jpg,2019,3,0.4043,0.545,0.1368,0.275,0.972,ANTLERLESS,ADULT,visible,ok,False,1,stop,
2857,SSWI000000028428793A.jpg,2022,9,0.6406,0.5124,0.1793,0.3358,0.96,ANTLERLESS,ADULT,visible,ok,False,1,stop,
2858,SSWI000000021829017C.jpg,2021,3,0.3481,0.1891,0.4043,0.3658,0.969,ANTLERLESS,ADULT,visible,ok,False,1,stop,
2859,SSWI000000010476203A.jpg,2018,8,0.009375,0.5591,0.3993,0.4383,0.98,ANTLERLESS,ADULT,visible,ok,False,1,stop,
2860,SSWI000000015377627A.jpg,2019,10,0.2212,0.3758,0.3512,0.3458,0.967,ANTLERLESS,ADULT,visible,ok,False,1,stop,
2861,SSWI000000029352653A.jpg,2022,9,0.3849,0.7416,0.3593,0.2558,0.973,ANTLERLESS,ADULT,visible,ok,False,1,stop,
2862,SSWI000000010761769C.jpg,2018,10,0.3956,0.2524,0.4925,0.625,0.979,ANTLERLESS,ADULT,visible,ok,False,1,stop,
2863,SSWI000000012031596B.jpg,2018,11,0.3412,0.1891,0.4487,0.4524,0.968,ANTLERLESS,ADULT,visible,ok,False,1,stop,
2864,SSWI000000023100095B.jpg,2021,8,0.03375,0.3199,0.2781,0.4358,0.968,ANTLERLESS,ADULT,visible,ok,False,1,stop,
2865,SSWI000000015641474B.jpg,2019,10,0.595,0.2941,0.405,0.3966,0.962,ANTLERLESS,ADULT,visible,ok,False,1,stop,
2866,SSWI000000017082278C.jpg,2019,12,0.0,0.1316,0.34,0.7033,0.954,ANTLERLESS,ADULT,visible,ok,False,1,stop,
2867,SSWI000000023787419B.jpg,2021,8,0.0,0.3258,0.3274,0.6316,0.952,ANTLERLESS,ADULT,visible,ok,False,1,stop,
2868,SSWI000000019625574B.jpg,2020,4,0.3381,0.435,0.1812,0.4458,0.964,ANTLERLESS,ADULT,visible,ok,False,1,stop,
2869,SSWI000000018603233C.jpg,2020,5,0.04562,0.5474,0.3681,0.2899,0.969,ANTLERLESS,ADULT,visible,ok,False,1,stop,
2870,SSWI000000009858249A.jpg,2018,7,0.4612,0.6699,0.2987,0.2624,0.962,ANTLERLESS,ADULT,visible,ok,False,1,stop,
2871,SSWI000000010733017A.jpg,2018,8,0.2912,0.3441,0.2937,0.4099,0.96,ANTLERLESS,ADULT,visible,ok,False,1,stop,
2872,SSWI000000015852848C.jpg,2019,10,0.3637,0.6991,0.2168,0.2975,0.971,ANTLERLESS,ADULT,visible,ok,False,1,stop,
2873,SSWI000000024689586B.jpg,2021,8,0.5218,0.4958,0.25,0.5016,0.979,ANTLERLESS,ADULT,visible,ok,False,1,stop,
2874,SSWI000000011990029A.jpg,2019,1,0.2168,0.3933,0.115,0.2425,0.957,ANTLERLESS,ADULT,visible,ok,False,1,stop,
2875,SSWI000000032979969B.jpg,2023,10,0.07624,0.5333,0.6725,0.4641,0.968,ANTLERLESS,ADULT,visible,ok,False,1,stop,
2876,SSWI000000033296229A.jpg,2023,11,0.2281,0.49,0.2368,0.2533,0.971,ANTLERLESS,ADULT,visible,ok,False,1,stop,
2877,SSWI000000009700410B.jpg,2018,7,0.08875,0.6233,0.55,0.375,0.97,ANTLERLESS,ADULT,visible,ok,False,1,stop,
2878,SSWI000000019573650B.jpg,2020,9,0.5231,0.5233,0.2187,0.3683,0.979,ANTLERLESS,ADULT,visible,ok,False,1,stop,
2879,SSWI000000016629137A.jpg,2019,12,0.31,0.62,0.2943,0.3783,0.981,ANTLERLESS,ADULT,visible,ok,False,1,stop,
2880,SSWI000000015049961A.jpg,2019,7,0.4056,0.3941,0.09187,0.1958,0.957,ANTLERLESS,ADULT,visible,ok,False,1,stop,
2881,SSWI000000008716419B.jpg,2018,5,0.4074,0.3783,0.455,0.5375,0.976,ANTLERLESS,ADULT,visible,ok,False,1,stop,
2882,SSWI000000019611672C.jpg,2020,7,0.09312,0.7866,0.675,0.2116,0.97,ANTLERLESS,ADULT,visible,ok,False,1,stop,
2883,SSWI000000016581272B.jpg,2020,2,0.0,0.3458,0.3787,0.3408,0.971,ANTLERLESS,ADULT,visible,ok,False,1,stop,
2884,SSWI000000012352731C.jpg,2019,1,0.2231,0.2241,0.1637,0.4233,0.957,ANTLERLESS,ADULT,visible,ok,False,1,stop,
2885,SSWI000000029184531B.jpg,2022,10,0.0,0.5966,0.1668,0.4008,0.956,ANTLERLESS,ADULT,visible,ok,False,1,stop,
2886,SSWI000000009575978B.jpg,2018,8,0.0,0.6699,0.2993,0.3266,0.963,ANTLERLESS,ADULT,visible,ok,False,1,stop,
2887,SSWI000000011023041C.jpg,2018,10,0.3406,0.4808,0.2468,0.3783,0.965,ANTLERLESS,ADULT,visible,ok,False,1,stop,
2888,SSWI000000030363079A.jpg,2023,5,0.2456,0.5783,0.1937,0.1841,0.967,ANTLERLESS,ADULT,visible,ok,False,1,stop,
2889,SSWI000000011454902A.jpg,2018,11,0.0,0.4675,0.3618,0.5216,0.972,ANTLERLESS,ADULT,visible,ok,False,1,stop,
2890,SSWI000000008582579B.jpg,2018,4,0.8193,0.3741,0.1806,0.1891,0.957,ANTLERLESS,ADULT,visible,ok,False,1,stop,
2891,SSWI000000021344938B.jpg,2021,1,0.3425,0.3133,0.2962,0.2949,0.962,ANTLERLESS,ADULT,visible,ok,False,1,stop,
2892,SSWI000000021219343C.jpg,2021,1,0.4262,0.7183,0.2975,0.2783,0.977,ANTLERLESS,ADULT,visible,ok,False,1,stop,
2893,SSWI000000012640145C.jpg,2019,3,0.28,0.31,0.7181,0.6858,0.981,ANTLERLESS,ADULT,visible,ok,False,1,stop,
2894,SSWI000000008445750B.jpg,2018,3,0.7249,0.4841,0.2,0.1949,0.966,ANTLERLESS,ADULT,visible,ok,False,1,stop,
2895,SSWI000000020666032C.jpg,2020,5,0.0,0.2775,0.2331,0.2899,0.953,ANTLERLESS,ADULT,not_visible,ok,False,1,stop,
2896,SSWI000000028353176C.jpg,2022,8,0.4474,0.3983,0.3643,0.465,0.97,ANTLERLESS,ADULT,visible,ok,False,1,stop,
2897,SSWI000000029352644B.jpg,2022,9,0.1956,0.7924,0.2031,0.2049,0.974,ANTLERLESS,ADULT,visible,ok,False,1,stop,
2898,SSWI000000023787451C.jpg,2021,8,0.3293,0.3758,0.2937,0.2866,0.96,ANTLERLESS,ADULT,visible,ok,False,1,stop,
2899,SSWI000000030260913A.jpg,2023,4,0.07625,0.4508,0.1293,0.2325,0.957,ANTLERLESS,ADULT,visible,ok,False,1,stop,
2900,SSWI000000030530411C.jpg,2023,3,0.1331,0.3024,0.2112,0.2941,0.957,ANTLERLESS,ADULT,visible,ok,False,1,stop,
2901,SSWI000000014967350A.jpg,2019,7,0.2224,0.5474,0.4868,0.4516,0.966,ANTLERLESS,ADULT,visible,ok,False,1,stop,
2902,SSWI000000009604483B.jpg,2018,6,0.3275,0.2975,0.2406,0.3824,0.975,ANTLERLESS,ADULT,visible,ok,False,1,stop,
2903,SSWI000000012020180B.jpg,2019,1,0.5681,0.3691,0.3706,0.2666,0.967,ANTLERLESS,ADULT,visible,ok,False,1,stop,
2904,SSWI000000007612518A.jpg,2018,1,0.4118,0.5833,0.3693,0.2658,0.973,ANTLERLESS,ADULT,visible,ok,False,1,stop,
2905,SSWI000000018076119C.jpg,2020,3,0.4062,0.5266,0.2562,0.2524,0.973,ANTLERLESS,ADULT,visible,ok,False,1,stop,
2906,SSWI000000033520232A.jpg,2023,11,0.08312,0.6191,0.395,0.3474,0.97,ANTLERLESS,ADULT,visible,ok,False,1,stop,
2907,SSWI000000027733557A.jpg,2022,8,0.02562,0.4041,0.3881,0.5941,0.974,ANTLERLESS,ADULT,visible,ok,False,1,stop,
2908,SSWI000000025009340B.jpg,2021,11,0.4287,0.3841,0.1681,0.2916,0.961,ANTLERLESS,ADULT,visible,ok,False,1,stop,
2909,SSWI000000012020333B.jpg,2018,12,0.6606,0.3808,0.2924,0.25,0.97,ANTLERLESS,ADULT,visible,ok,False,1,stop,
2910,SSWI000000010190540A.jpg,2018,8,0.3987,0.6008,0.1162,0.1841,0.953,ANTLERLESS,ADULT,visible,ok,False,1,stop,
2911,SSWI000000024507115C.jpg,2021,10,0.4068,0.1383,0.3562,0.5666,0.972,ANTLERLESS,ADULT,visible,ok,False,1,stop,
2912,SSWI000000014409119A.jpg,2019,7,0.5912,0.3933,0.3812,0.3441,0.959,ANTLERLESS,ADULT,visible,ok,False,1,stop,
2913,SSWI000000021428629C.jpg,2021,4,0.2012,0.6074,0.2268,0.3925,0.955,ANTLERLESS,ADULT,visible,ok,False,1,stop,
2914,SSWI000000028691565B.jpg,2022,10,0.33,0.3058,0.3581,0.33,0.952,ANTLERLESS,ADULT,visible,ok,False,1,stop,
2915,SSWI000000017757211C.jpg,2019,11,0.4318,0.4275,0.5674,0.5724,0.984,ANTLERLESS,ADULT,visible,ok,False,1,stop,
2916,SSWI000000012382235B.jpg,2019,4,0.2412,0.4266,0.3756,0.3774,0.979,ANTLERLESS,ADULT,visible,ok,False,1,stop,
2917,SSWI000000025171668B.jpg,2022,2,0.0,0.6258,0.3962,0.305,0.974,ANTLERLESS,ADULT,visible,ok,False,1,stop,
2918,SSWI000000020068497C.jpg,2020,11,0.7693,0.5141,0.17,0.2599,0.964,ANTLERLESS,ADULT,visible,ok,False,1,stop,
2919,SSWI000000029790726C.jpg,2023,2,0.3375,0.2966,0.4668,0.4199,0.987,ANTLERLESS,ADULT,visible,ok,False,1,stop,
2920,SSWI000000032967088A.jpg,2023,10,0.2318,0.4558,0.4318,0.5416,0.967,ANTLERLESS,ADULT,visible,ok,False,1,stop,
2921,SSWI000000024935093C.jpg,2021,12,0.8118,0.6541,0.1531,0.3425,0.965,ANTLERLESS,ADULT,not_visible,ok,False,1,stop,
2922,SSWI000000016547868A.jpg,2020,2,0.04812,0.6599,0.1387,0.18,0.966,ANTLERLESS,ADULT,visible,ok,False,1,stop,
2923,SSWI000000021368674A.jpg,2020,12,0.3031,0.4425,0.2006,0.5566,0.976,ANTLERLESS,ADULT,visible,ok,False,1,stop,
2924,SSWI000000017254198A.jpg,2020,3,0.2224,0.6049,0.3231,0.2858,0.975,ANTLERLESS,ADULT,visible,ok,False,1,stop,
2925,SSWI000000012185428B.jpg,2019,2,0.0,0.5266,0.3224,0.4708,0.971,ANTLERLESS,ADULT,visible,ok,False,1,stop,
2926,SSWI000000033256389B.jpg,2023,10,0.0575,0.5216,0.25,0.2074,0.956,ANTLERLESS,ADULT,visible,ok,False,1,stop,
2927,SSWI000000019625453C.jpg,2020,4,0.0,0.4808,0.3243,0.3833,0.977,ANTLERLESS,ADULT,visible,ok,False,1,stop,
2928,SSWI000000030176324A.jpg,2023,2,0.3556,0.3375,0.2675,0.3233,0.967,ANTLERLESS,ADULT,visible,ok,False,1,stop,
2929,SSWI000000011035034C.jpg,2018,10,0.6675,0.4874,0.1599,0.3249,0.962,ANTLERLESS,ADULT,visible,ok,False,1,stop,
2930,SSWI000000020480987A.jpg,2020,10,0.0,0.6458,0.2731,0.3524,0.971,ANTLERLESS,ADULT,visible,ok,False,1,stop,
2931,SSWI000000021425629B.jpg,2021,1,0.5012,0.41,0.2049,0.3375,0.962,ANTLERLESS,ADULT,not_visible,ok,False,1,stop,
2932,SSWI000000016241416B.jpg,2019,12,0.0,0.4408,0.5212,0.555,0.974,ANTLERLESS,ADULT,visible,ok,False,1,stop,
2933,SSWI000000014963088B.jpg,2019,8,0.2974,0.4808,0.2425,0.1975,0.967,ANTLERLESS,ADULT,visible,ok,False,1,stop,
2934,SSWI000000025671507B.jpg,2021,11,0.7443,0.3849,0.2556,0.3458,0.974,ANTLERLESS,ADULT,visible,ok,False,1,stop,
2935,SSWI000000018075382C.jpg,2020,4,0.2599,0.4891,0.2062,0.1658,0.955,ANTLERLESS,ADULT,visible,ok,False,1,stop,
2936,SSWI000000020688309A.jpg,2020,10,0.4212,0.4916,0.3093,0.4866,0.979,ANTLERLESS,ADULT,visible,ok,False,1,stop,
2937,SSWI000000016955126B.jpg,2020,3,0.09375,0.4666,0.3806,0.4225,0.985,ANTLERLESS,ADULT,visible,ok,False,1,stop,
2938,SSWI000000012023795A.jpg,2019,2,0.3081,0.4016,0.2624,0.2016,0.966,ANTLERLESS,ADULT,visible,ok,False,1,stop,
2939,SSWI000000015192522C.jpg,2019,7,0.4943,0.5483,0.2418,0.2983,0.957,ANTLERLESS,ADULT,visible,ok,False,1,stop,
2940,SSWI000000026329884C.jpg,2022,4,0.5349,0.5308,0.2412,0.4675,0.969,ANTLERLESS,ADULT,visible,ok,False,1,stop,
2941,SSWI000000028175137B.jpg,2022,8,0.4199,0.4216,0.43,0.49,0.964,ANTLERLESS,ADULT,visible,ok,False,1,stop,
2942,SSWI000000016082572C.jpg,2019,12,0.1818,0.1649,0.3524,0.5099,0.962,ANTLERLESS,ADULT,visible,ok,False,1,stop,
2943,SSWI000000020094504B.jpg,2020,9,0.3899,0.4316,0.1806,0.2766,0.974,ANTLERLESS,ADULT,visible,ok,False,1,stop,
2944,SSWI000000016082490A.jpg,2019,12,0.1393,0.2558,0.4481,0.3841,0.966,ANTLERLESS,ADULT,visible,ok,False,1,stop,
2945,SSWI000000033180988B.jpg,2023,11,0.003124,0.5158,0.5818,0.4833,0.973,ANTLERLESS,ADULT,visible,ok,False,1,stop,
2946,SSWI000000007743964C.jpg,2018,1,0.08624,0.5583,0.1662,0.2074,0.952,ANTLERLESS,ADULT,visible,ok,False,1,stop,
2947,SSWI000000013751411B.jpg,2019,6,0.4943,0.5858,0.3181,0.2316,0.95,ANTLERLESS,ADULT,visible,ok,False,1,stop,
2948,SSWI000000011219151B.jpg,2018,10,0.7056,0.3258,0.2193,0.3199,0.97,ANTLERLESS,ADULT,visible,ok,False,1,stop,
2949,SSWI000000017081848C.jpg,2019,11,0.0,0.1958,0.3212,0.8008,0.957,ANTLERLESS,ADULT,visible,ok,False,1,stop,
2950,SSWI000000033414651C.jpg,2023,10,0.09812,0.5491,0.5237,0.4491,0.98,ANTLERLESS,ADULT,visible,ok,False,1,stop,
2951,SSWI000000015012226B.jpg,2019,9,0.09562,0.2475,0.3737,0.3508,0.972,ANTLERLESS,ADULT,visible,ok,False,1,stop,
2952,SSWI000000014647795B.jpg,2019,5,0.2599,0.3791,0.2087,0.3983,0.965,ANTLERLESS,ADULT,visible,ok,False,1,stop,
2953,SSWI000000025867206B.jpg,2022,5,0.1281,0.48,0.43,0.3508,0.974,ANTLERLESS,ADULT,visible,ok,False,1,stop,
2954,SSWI000000025024805C.jpg,2021,11,0.6606,0.6391,0.1656,0.3574,0.963,ANTLERLESS,ADULT,visible,ok,False,1,stop,
2955,SSWI000000024471049A.jpg,2021,11,0.1937,0.4308,0.2118,0.2533,0.968,ANTLERLESS,ADULT,visible,ok,False,1,stop,
2956,SSWI000000025255596A.jpg,2022,1,0.4,0.3508,0.2793,0.2966,0.964,ANTLERLESS,ADULT,visible,ok,False,1,stop,
2957,SSWI000000031345101A.jpg,2023,5,0.3643,0.3191,0.3149,0.2458,0.97,ANTLERLESS,ADULT,visible,ok,False,1,stop,
2958,SSWI000000010710187C.jpg,2018,8,0.4374,0.3774,0.1862,0.4099,0.963,ANTLERLESS,ADULT,visible,ok,False,1,stop,
2959,SSWI000000010519386B.jpg,2018,1,0.3356,0.5474,0.2,0.2833,0.979,ANTLERLESS,ADULT,visible,ok,False,1,stop,
2960,SSWI000000025255190A.jpg,2022,1,0.13,0.3783,0.3531,0.6125,0.984,ANTLERLESS,ADULT,visible,ok,False,1,stop,
2961,SSWI000000014758486C.jpg,2019,8,0.4231,0.5408,0.3325,0.3316,0.967,ANTLERLESS,ADULT,visible,ok,False,1,stop,
2962,SSWI000000014707226B.jpg,2019,5,0.6862,0.6083,0.3137,0.3883,0.971,ANTLERLESS,ADULT,not_visible,ok,False,1,stop,
2963,SSWI000000008840326A.jpg,2018,3,0.1293,0.56,0.3081,0.365,0.963,ANTLERLESS,ADULT,visible,ok,False,1,stop,
2964,SSWI000000033238591B.jpg,2023,10,0.0006249,0.4525,0.3068,0.4199,0.959,ANTLERLESS,ADULT,visible,ok,False,1,stop,
2965,SSWI000000026986437B.jpg,2022,7,0.0,0.4025,0.5506,0.4841,0.952,ANTLERLESS,ADULT,visible,ok,False,1,stop,
2966,SSWI000000020689067B.jpg,2020,11,0.0,0.1758,0.93,0.8208,0.981,ANTLERLESS,ADULT,visible,ok,False,1,stop,
2967,SSWI000000017969055B.jpg,2019,12,0.6106,0.4666,0.27,0.2099,0.974,ANTLERLESS,ADULT,visible,ok,False,1,stop,
2968,SSWI000000023100285A.jpg,2021,8,0.7487,0.7041,0.2512,0.2933,0.956,ANTLERLESS,ADULT,visible,ok,False,1,stop,
2969,SSWI000000020572965A.jpg,2020,10,0.09749,0.6125,0.4968,0.3849,0.976,ANTLERLESS,ADULT,visible,ok,False,1,stop,
2970,SSWI000000033293780C.jpg,2023,10,0.3987,0.5008,0.1643,0.4116,0.956,ANTLERLESS,ADULT,visible,ok,False,1,stop,
2971,SSWI000000015012923B.jpg,2019,9,0.2912,0.3725,0.1343,0.3366,0.954,ANTLERLESS,ADULT,visible,ok,False,1,stop,
2972,SSWI000000012352724A.jpg,2019,1,0.4181,0.4033,0.5812,0.5933,0.981,ANTLERLESS,ADULT,not_visible,ok,False,1,stop,
2973,SSWI000000023421849B.jpg,2021,8,0.1862,0.3224,0.2593,0.4341,0.971,ANTLERLESS,ADULT,visible,ok,False,1,stop,
2974,SSWI000000008445130C.jpg,2018,4,0.0,0.1474,0.1424,0.4591,0.957,ANTLERLESS,ADULT,visible,ok,False,1,stop,
2975,SSWI000000024333299B.jpg,2021,8,0.07,0.6516,0.1906,0.2874,0.959,ANTLERLESS,ADULT,visible,ok,False,1,stop,
2976,SSWI000000013857870B.jpg,2019,4,0.5437,0.4049,0.1537,0.1966,0.963,ANTLERLESS,ADULT,visible,ok,False,1,stop,
2977,SSWI000000019941717B.jpg,2020,8,0.6106,0.3849,0.2643,0.2916,0.95,ANTLERLESS,ADULT,visible,ok,False,1,stop,
2978,SSWI000000019187167B.jpg,2020,8,0.1443,0.4416,0.3962,0.3466,0.971,ANTLERLESS,ADULT,visible,ok,False,1,stop,
2979,SSWI000000017012286C.jpg,2019,10,0.1481,0.5041,0.2268,0.2216,0.964,ANTLERLESS,ADULT,visible,ok,False,1,stop,
2980,SSWI000000014002883A.jpg,2019,5,0.2881,0.2341,0.3193,0.67,0.979,ANTLERLESS,ADULT,visible,ok,False,1,stop,
2981,SSWI000000016239194C.jpg,2020,1,0.0,0.03416,0.4893,0.9599,0.966,ANTLERLESS,ADULT,not_visible,ok,False,1,stop,
2982,SSWI000000014758400B.jpg,2019,8,0.3931,0.5266,0.3243,0.3416,0.95,ANTLERLESS,ADULT,visible,ok,False,1,stop,
2983,SSWI000000031606321B.jpg,2023,5,0.3462,0.2024,0.5706,0.7958,0.977,ANTLERLESS,ADULT,visible,ok,False,1,stop,
2984,SSWI000000016752450C.jpg,2020,3,0.5437,0.4058,0.4562,0.5933,0.981,ANTLERLESS,ADULT,visible,ok,False,1,stop,
2985,SSWI000000029059707C.jpg,2022,11,0.6512,0.3858,0.3487,0.4708,0.976,ANTLERLESS,ADULT,visible,ok,False,1,stop,
2986,SSWI000000018088734C.jpg,2020,5,0.0,0.6225,0.3868,0.3766,0.983,ANTLERLESS,ADULT,visible,ok,False,1,stop,
2987,SSWI000000025374036C.jpg,2022,2,0.03937,0.4166,0.6962,0.4908,0.979,ANTLERLESS,ADULT,visible,ok,False,1,stop,
2988,SSWI000000025422171C.jpg,2021,12,0.7306,0.4841,0.2693,0.3824,0.954,ANTLERLESS,ADULT,visible,ok,False,1,stop,
2989,SSWI000000010828055A.jpg,2018,8,0.3618,0.55,0.3156,0.2758,0.959,ANTLERLESS,ADULT,visible,ok,False,1,stop,
2990,SSWI000000027823765A.jpg,2022,7,0.0,0.3433,0.3081,0.6558,0.976,ANTLERLESS,ADULT,visible,ok,False,1,stop,
2991,SSWI000000012023795B.jpg,2019,2,0.4606,0.4041,0.365,0.2099,0.971,ANTLERLESS,ADULT,visible,ok,False,1,stop,
2992,SSWI000000020162572A.jpg,2020,3,0.0,0.4208,0.4762,0.5766,0.98,ANTLERLESS,ADULT,visible,ok,False,1,stop,
2993,SSWI000000019611396B.jpg,2020,4,0.4337,0.6008,0.2056,0.2216,0.967,ANTLERLESS,ADULT,visible,ok,False,1,stop,
2994,SSWI000000011517463C.jpg,2019,1,0.7043,0.235,0.2956,0.6991,0.976,ANTLERLESS,ADULT,visible,ok,False,1,stop,
2995,SSWI000000019231294C.jpg,2020,8,0.4362,0.5608,0.2018,0.1883,0.958,ANTLERLESS,ADULT,visible,ok,False,1,stop,
2996,SSWI000000032437275B.jpg,2023,9,0.09249,0.3758,0.2675,0.2916,0.956,ANTLERLESS,ADULT,visible,ok,False,1,stop,
2997,SSWI000000012410494A.jpg,2019,1,0.5943,0.4433,0.405,0.555,0.968,ANTLERLESS,ADULT,not_visible,ok,False,1,stop,
2998,SSWI000000022372135A.jpg,2021,4,0.2081,0.6658,0.2362,0.2349,0.966,ANTLERLESS,ADULT,visible,ok,False,1,stop,
2999,SSWI000000030737630A.jpg,2023,4,0.605,0.4933,0.1662,0.2975,0.958,ANTLERLESS,ADULT,visible,ok,False,1,stop,
3000,SSWI000000011341624A.jpg,2018,9,0.06,0.5624,0.2993,0.3375,0.964,ANTLERLESS,ADULT,visible,ok,False,1,stop,
3001,SSWI000000015302780B.jpg,2019,9,0.6518,0.7708,0.3481,0.2283,0.96,ANTLERLESS,ADULT,visible,ok,False,1,stop,
3002,SSWI000000014758452C.jpg,2019,8,0.4231,0.5258,0.3343,0.3474,0.961,ANTLERLESS,ADULT,visible,ok,False,1,stop,
3003,SSWI000000021016798A.jpg,2021,2,0.0,0.6633,0.3199,0.3333,0.972,ANTLERLESS,ADULT,visible,ok,False,1,stop,
3004,SSWI000000031680413A.jpg,2023,8,0.1899,0.3158,0.4068,0.4474,0.968,ANTLERLESS,ADULT,visible,ok,False,1,stop,
3005,SSWI000000029014563B.jpg,2022,11,0.7581,0.5575,0.2418,0.3058,0.971,ANTLERLESS,ADULT,visible,ok,False,1,stop,
3006,SSWI000000024019032B.jpg,2021,10,0.5281,0.6299,0.3212,0.2566,0.955,ANTLERLESS,ADULT,visible,ok,False,1,stop,
3007,SSWI000000029772171B.jpg,2022,11,0.5056,0.2791,0.4937,0.3783,0.955,ANTLERLESS,ADULT,visible,ok,False,1,stop,
3008,SSWI000000027211838B.jpg,2022,7,0.7287,0.3683,0.2099,0.2833,0.971,ANTLERLESS,ADULT,visible,ok,False,1,stop,
3009,SSWI000000017375339B.jpg,2020,2,0.3331,0.8166,0.3081,0.1825,0.963,ANTLERLESS,ADULT,visible,ok,False,1,stop,
3010,SSWI000000014033646B.jpg,2019,7,0.0,0.5466,0.2456,0.4508,0.961,ANTLERLESS,ADULT,visible,ok,False,1,stop,
3011,SSWI000000015381323A.jpg,2019,8,0.0575,0.6324,0.2968,0.2991,0.952,ANTLERLESS,ADULT,visible,ok,False,1,stop,
3012,SSWI000000012054254C.jpg,2018,5,0.0525,0.7025,0.2325,0.2016,0.957,ANTLERLESS,ADULT,visible,ok,False,1,stop,
3013,SSWI000000034074440A.jpg,2023,12,0.0,0.5416,0.3787,0.4558,0.985,ANTLERLESS,ADULT,visible,ok,False,1,stop,
3014,SSWI000000023785050B.jpg,2021,10,0.8643,0.4658,0.1356,0.5308,0.975,ANTLERLESS,ADULT,visible,ok,False,1,stop,
3015,SSWI000000016240923C.jpg,2019,12,0.5518,0.3349,0.4056,0.3616,0.984,ANTLERLESS,ADULT,visible,ok,False,1,stop,
3016,SSWI000000014962313C.jpg,2019,8,0.3606,0.5558,0.4956,0.4416,0.973,ANTLERLESS,ADULT,visible,ok,False,1,stop,
3017,SSWI000000010171653C.jpg,2018,8,0.5112,0.6216,0.4887,0.3758,0.969,ANTLERLESS,ADULT,visible,ok,False,1,stop,
3018,SSWI000000009700624C.jpg,2018,6,0.4168,0.3216,0.5831,0.6733,0.972,ANTLERLESS,ADULT,visible,ok,False,1,stop,
3019,SSWI000000014468068B.jpg,2019,7,0.04874,0.3816,0.3325,0.6166,0.968,ANTLERLESS,ADULT,visible,ok,False,1,stop,
3020,SSWI000000033238681B.jpg,2023,11,0.01687,0.2658,0.2587,0.675,0.953,ANTLERLESS,ADULT,visible,ok,False,1,stop,
3021,SSWI000000033245143B.jpg,2023,11,0.2418,0.3816,0.3806,0.4458,0.974,ANTLERLESS,ADULT,visible,ok,False,1,stop,
3022,SSWI000000016776719B.jpg,2020,3,0.09562,0.4541,0.1624,0.3241,0.956,ANTLERLESS,ADULT,visible,ok,False,1,stop,
3023,SSWI000000026184164A.jpg,2022,3,0.3637,0.4891,0.2906,0.5083,0.975,ANTLERLESS,ADULT,visible,ok,False,1,stop,
3024,SSWI000000018561474A.jpg,2020,7,0.2668,0.5783,0.2512,0.2133,0.951,ANTLERLESS,ADULT,visible,ok,False,1,stop,
3025,SSWI000000015424131C.jpg,2019,10,0.2987,0.6524,0.2775,0.3449,0.978,ANTLERLESS,ADULT,visible,ok,False,1,stop,
3026,SSWI000000031692818C.jpg,2023,8,0.5056,0.6483,0.4943,0.3491,0.97,ANTLERLESS,ADULT,not_visible,ok,False,1,stop,
3027,SSWI000000029353959C.jpg,2022,10,0.5781,0.7724,0.1562,0.2249,0.971,ANTLERLESS,ADULT,visible,ok,False,1,stop,
3028,SSWI000000008988186C.jpg,2018,3,0.8506,0.6091,0.1493,0.3899,0.955,ANTLERLESS,ADULT,not_visible,ok,False,1,stop,
3029,SSWI000000015303373B.jpg,2019,9,0.5087,0.8099,0.2987,0.1883,0.965,ANTLERLESS,ADULT,visible,ok,False,1,stop,
3030,SSWI000000029779716B.jpg,2023,1,0.006249,0.6441,0.8625,0.3549,0.978,ANTLERLESS,ADULT,visible,ok,False,1,stop,
3031,SSWI000000024692842A.jpg,2021,12,0.4874,0.4158,0.3574,0.3341,0.961,ANTLERLESS,ADULT,visible,ok,False,1,stop,
3032,SSWI000000014682133C.jpg,2019,8,0.695,0.6533,0.2475,0.3425,0.976,ANTLERLESS,ADULT,visible,ok,False,1,stop,
3033,SSWI000000011051070B.jpg,2018,9,0.0,0.4733,0.2712,0.5208,0.977,ANTLERLESS,ADULT,visible,ok,False,1,stop,
3034,SSWI000000033542168B.jpg,2023,12,0.2849,0.2475,0.5293,0.6891,0.979,ANTLERLESS,ADULT,visible,ok,False,1,stop,
3035,SSWI000000020245853A.jpg,2020,11,0.3256,0.4616,0.4225,0.3958,0.979,ANTLERLESS,ADULT,visible,ok,False,1,stop,
3036,SSWI000000018177981B.jpg,2020,1,0.8718,0.7424,0.09937,0.2574,0.951,ANTLERLESS,ADULT,visible,ok,False,1,stop,
3037,SSWI000000027912343B.jpg,2022,9,0.3493,0.4691,0.3406,0.375,0.979,ANTLERLESS,ADULT,visible,ok,False,1,stop,
3038,SSWI000000031594676B.jpg,2023,1,0.6818,0.6216,0.3181,0.3758,0.967,ANTLERLESS,ADULT,visible,ok,False,1,stop,
3039,SSWI000000010733126C.jpg,2018,9,0.2343,0.4133,0.3249,0.3158,0.965,ANTLERLESS,ADULT,visible,ok,False,1,stop,
3040,SSWI000000016239192C.jpg,2020,1,0.2937,0.006666,0.7049,0.9608,0.988,ANTLERLESS,ADULT,visible,ok,False,1,stop,
3041,SSWI000000019560645B.jpg,2020,10,0.1006,0.5583,0.2168,0.2241,0.964,ANTLERLESS,ADULT,visible,ok,False,1,stop,
3042,SSWI000000031834269A.jpg,2023,6,0.1943,0.5966,0.3249,0.4008,0.966,ANTLERLESS,ADULT,visible,ok,False,1,stop,
3043,SSWI000000020667317B.jpg,2020,2,0.4999,0.2124,0.4412,0.6974,0.984,ANTLERLESS,ADULT,visible,ok,False,1,stop,
3044,SSWI000000017968359C.jpg,2019,10,0.3262,0.4958,0.2574,0.2841,0.967,ANTLERLESS,ADULT,visible,ok,False,1,stop,
3045,SSWI000000020713780A.jpg,2020,5,0.6574,0.4933,0.1568,0.15,0.961,ANTLERLESS,ADULT,visible,ok,False,1,stop,
3046,SSWI000000017969659B.jpg,2020,2,0.01125,0.4366,0.1137,0.2391,0.97,ANTLERLESS,ADULT,visible,ok,False,1,stop,
3047,SSWI000000018998531A.jpg,2020,4,0.0,0.65,0.2175,0.3474,0.977,ANTLERLESS,ADULT,visible,ok,False,1,stop,
3048,SSWI000000021016571C.jpg,2021,2,0.004374,0.6233,0.2318,0.3733,0.98,ANTLERLESS,ADULT,visible,ok,False,1,stop,
3049,SSWI000000012456204A.jpg,2019,4,0.5331,0.5566,0.2037,0.4433,0.98,ANTLERLESS,ADULT,visible,ok,False,1,stop,
3050,SSWI000000011526282B.jpg,2018,11,0.4712,0.2808,0.5287,0.5791,0.973,ANTLERLESS,ADULT,visible,ok,False,1,stop,
3051,SSWI000000012440449C.jpg,2018,12,0.2431,0.2383,0.3799,0.3483,0.979,ANTLERLESS,ADULT,visible,ok,False,1,stop,
3052,SSWI000000011204304A.jpg,2018,10,0.6418,0.2058,0.3581,0.4016,0.962,ANTLERLESS,ADULT,visible,ok,False,1,stop,
3053,SSWI000000012475190B.jpg,2019,4,0.5924,0.5208,0.2824,0.3783,0.973,ANTLERLESS,ADULT,visible,ok,False,1,stop,
3054,SSWI000000028822856B.jpg,2022,8,0.3962,0.8133,0.2193,0.185,0.972,ANTLERLESS,ADULT,visible,ok,False,1,stop,
3055,SSWI000000024507195B.jpg,2021,11,0.5593,0.1466,0.4199,0.4724,0.965,ANTLERLESS,ADULT,visible,ok,False,1,stop,
3056,SSWI000000023946240A.jpg,2021,10,0.3262,0.5499,0.4575,0.4499,0.966,ANTLERLESS,ADULT,visible,ok,False,1,stop,
3057,SSWI000000009593306B.jpg,2018,5,0.04249,0.2533,0.7106,0.6499,0.97,ANTLERLESS,ADULT,visible,ok,False,1,stop,
3058,SSWI000000014748039C.jpg,2019,5,0.0,0.2433,0.3218,0.5583,0.955,ANTLERLESS,ADULT,visible,ok,False,1,stop,
3059,SSWI000000017969658C.jpg,2020,2,0.002499,0.4391,0.1381,0.2141,0.973,ANTLERLESS,ADULT,visible,ok,False,1,stop,
3060,SSWI000000030816435A.jpg,2023,6,0.0,0.6199,0.1756,0.1383,0.953,ANTLERLESS,ADULT,visible,ok,False,1,stop,
3061,SSWI000000024637905B.jpg,2021,10,0.5437,0.5108,0.34,0.3016,0.958,ANTLERLESS,ADULT,visible,ok,False,1,stop,
3062,SSWI000000024325629C.jpg,2021,1,0.5162,0.4775,0.4824,0.5199,0.988,ANTLERLESS,ADULT,visible,ok,False,1,stop,
3063,SSWI000000034200460A.jpg,2023,12,0.0006249,0.3899,0.5712,0.6083,0.969,ANTLERLESS,ADULT,visible,ok,False,1,stop,
3064,SSWI000000029625863B.jpg,2022,11,0.1843,0.7524,0.6175,0.2441,0.961,ANTLERLESS,ADULT,visible,ok,False,1,stop,
3065,SSWI000000029693486C.jpg,2023,2,0.025,0.4566,0.2668,0.1774,0.976,ANTLERLESS,ADULT,visible,ok,False,1,stop,
3066,SSWI000000011523237A.jpg,2019,1,0.2325,0.3433,0.2612,0.2616,0.962,ANTLERLESS,ADULT,visible,ok,False,1,stop,
3067,SSWI000000011454809A.jpg,2018,10,0.3668,0.5575,0.2531,0.4408,0.981,ANTLERLESS,ADULT,visible,ok,False,1,stop,
3068,SSWI000000014682130A.jpg,2019,8,0.06187,0.6374,0.2893,0.2766,0.957,ANTLERLESS,ADULT,visible,ok,False,1,stop,
3069,SSWI000000011051425C.jpg,2018,11,0.0,0.4758,0.7562,0.5208,0.969,ANTLERLESS,ADULT,not_visible,ok,False,1,stop,
3070,SSWI000000031679664C.jpg,2023,4,0.06937,0.3566,0.2318,0.2383,0.967,ANTLERLESS,ADULT,visible,ok,False,1,stop,
3071,SSWI000000027587123A.jpg,2022,6,0.06499,0.5766,0.3006,0.2524,0.951,ANTLERLESS,ADULT,visible,ok,False,1,stop,
3072,SSWI000000012142254C.jpg,2019,4,0.2206,0.5925,0.5475,0.405,0.974,ANTLERLESS,ADULT,visible,ok,False,1,stop,
3073,SSWI000000018009279A.jpg,2019,10,0.4506,0.5725,0.4237,0.425,0.982,ANTLERLESS,ADULT,visible,ok,False,1,stop,
3074,SSWI000000012392284A.jpg,2019,4,0.1662,0.6024,0.1837,0.3975,0.966,ANTLERLESS,ADULT,visible,ok,False,1,stop,
3075,SSWI000000008541442B.jpg,2018,4,0.8181,0.3133,0.1818,0.3358,0.967,ANTLERLESS,ADULT,visible,ok,False,1,stop,
3076,SSWI000000020503578B.jpg,2020,10,0.0,0.1091,1.0,0.8858,0.973,ANTLERLESS,ADULT,visible,ok,False,1,stop,
3077,SSWI000000022841796C.jpg,2021,5,0.4274,0.6649,0.4762,0.3316,0.967,ANTLERLESS,ADULT,visible,ok,False,1,stop,
3078,SSWI000000030716140B.jpg,2023,5,0.6162,0.5833,0.2524,0.2399,0.961,ANTLERLESS,ADULT,visible,ok,False,1,stop,
3079,SSWI000000009576824B.jpg,2018,6,0.02124,0.4491,0.1181,0.2441,0.959,ANTLERLESS,ADULT,visible,ok,False,1,stop,
3080,SSWI000000022841759B.jpg,2021,8,0.5843,0.5783,0.3824,0.4091,0.957,ANTLERLESS,ADULT,visible,ok,False,1,stop,
3081,SSWI000000014851774C.jpg,2019,8,0.05187,0.4808,0.4587,0.3283,0.966,ANTLERLESS,ADULT,visible,ok,False,1,stop,
3082,SSWI000000031594352B.jpg,2023,5,0.1893,0.4625,0.3106,0.2475,0.962,ANTLERLESS,ADULT,visible,ok,False,1,stop,
3083,SSWI000000020664897B.jpg,2020,12,0.4743,0.3708,0.1531,0.4325,0.965,ANTLERLESS,ADULT,visible,ok,False,1,stop,
3084,SSWI000000016940438A.jpg,2020,4,0.0,0.4458,1.0,0.5533,0.969,ANTLERLESS,ADULT,visible,ok,False,1,stop,
3085,SSWI000000017540737B.jpg,2020,4,0.5425,0.5599,0.3025,0.4399,0.976,ANTLERLESS,ADULT,visible,ok,False,1,stop,
3086,SSWI000000008332739A.jpg,2018,4,0.2187,0.4933,0.2175,0.2733,0.963,ANTLERLESS,ADULT,visible,ok,False,1,stop,
3087,SSWI000000011022552B.jpg,2018,9,0.1724,0.3349,0.1912,0.3383,0.967,ANTLERLESS,ADULT,visible,ok,False,1,stop,
3088,SSWI000000022396719A.jpg,2021,5,0.1475,0.6258,0.3462,0.3733,0.972,ANTLERLESS,ADULT,visible,ok,False,1,stop,
3089,SSWI000000015497910C.jpg,2019,10,0.3875,0.3449,0.31,0.3991,0.973,ANTLERLESS,ADULT,visible,ok,False,1,stop,
3090,SSWI000000021728060B.jpg,2021,3,0.0,0.5525,0.215,0.375,0.969,ANTLERLESS,ADULT,visible,ok,False,1,stop,
3091,SSWI000000026329855A.jpg,2022,4,0.0,0.6049,0.31,0.3941,0.95,ANTLERLESS,ADULT,visible,ok,False,1,stop,
3092,SSWI000000020079532B.jpg,2020,4,0.3093,0.4441,0.1675,0.1458,0.966,ANTLERLESS,ADULT,visible,ok,False,1,stop,
3093,SSWI000000008717537B.jpg,2018,4,0.2087,0.105,0.6225,0.5808,0.971,ANTLERLESS,ADULT,visible,ok,False,1,stop,
3094,SSWI000000033360420A.jpg,2023,11,0.4937,0.2858,0.2268,0.4283,0.958,ANTLERLESS,ADULT,visible,ok,False,1,stop,
3095,SSWI000000021206682B.jpg,2021,1,0.6124,0.15,0.2987,0.4433,0.981,ANTLERLESS,ADULT,visible,ok,False,1,stop,
3096,SSWI000000019521921A.jpg,2020,5,0.7562,0.6933,0.2437,0.3033,0.957,ANTLERLESS,ADULT,visible,ok,False,1,stop,
3097,SSWI000000031608813C.jpg,2023,6,0.0,0.785,0.1993,0.2125,0.953,ANTLERLESS,ADULT,visible,ok,False,1,stop,
3098,SSWI000000016770939A.jpg,2020,3,0.3956,0.5525,0.2824,0.2133,0.978,ANTLERLESS,ADULT,visible,ok,False,1,stop,
3099,SSWI000000026184210A.jpg,2022,3,0.4106,0.5608,0.1556,0.4366,0.958,ANTLERLESS,ADULT,visible,ok,False,1,stop,
3100,SSWI000000022767143B.jpg,2021,7,0.3806,0.5766,0.4031,0.3524,0.953,ANTLERLESS,ADULT,visible,ok,False,1,stop,
3101,SSWI000000021565238B.jpg,2021,2,0.2256,0.5858,0.1743,0.1199,0.957,ANTLERLESS,ADULT,visible,ok,False,1,stop,
3102,SSWI000000009087391C.jpg,2018,1,0.08562,0.2924,0.4162,0.3633,0.968,ANTLERLESS,ADULT,visible,ok,False,1,stop,
3103,SSWI000000015710001A.jpg,2019,9,0.3699,0.6575,0.155,0.2125,0.959,ANTLERLESS,ADULT,visible,ok,False,1,stop,
3104,SSWI000000010209200C.jpg,2018,5,0.4243,0.3983,0.1656,0.3283,0.955,ANTLERLESS,ADULT,visible,ok,False,1,stop,
3105,SSWI000000017435463C.jpg,2020,5,0.1943,0.4791,0.1818,0.2608,0.972,ANTLERLESS,ADULT,visible,ok,False,1,stop,
3106,SSWI000000026222905B.jpg,2022,4,0.07749,0.4908,0.2481,0.2508,0.969,ANTLERLESS,ADULT,visible,ok,False,1,stop,
3107,SSWI000000030789536B.jpg,2022,10,0.2937,0.5083,0.335,0.2691,0.975,ANTLERLESS,ADULT,visible,ok,False,1,stop,
3108,SSWI000000012429400B.jpg,2018,12,0.0006249,0.2958,0.3418,0.3116,0.967,ANTLERLESS,ADULT,visible,ok,False,1,stop,
3109,SSWI000000025650877C.jpg,2022,3,0.1768,0.5166,0.2874,0.4083,0.979,ANTLERLESS,ADULT,visible,ok,False,1,stop,
3110,SSWI000000015709980A.jpg,2019,9,0.4681,0.5708,0.2012,0.3425,0.977,ANTLERLESS,ADULT,visible,ok,False,1,stop,
3111,SSWI000000025185290B.jpg,2022,1,0.4193,0.485,0.5806,0.4833,0.979,ANTLERLESS,ADULT,visible,ok,False,1,stop,
3112,SSWI000000016629364B.jpg,2019,12,0.3068,0.7116,0.3449,0.2849,0.972,ANTLERLESS,ADULT,visible,ok,False,1,stop,
3113,SSWI000000029017881B.jpg,2022,11,0.0,0.4616,0.3025,0.3233,0.971,ANTLERLESS,ADULT,visible,ok,False,1,stop,
3114,SSWI000000017587168B.jpg,2020,4,0.4262,0.3149,0.4362,0.3766,0.971,ANTLERLESS,ADULT,visible,ok,False,1,stop,
3115,SSWI000000011523103B.jpg,2019,1,0.0,0.1874,0.3893,0.8116,0.962,ANTLERLESS,ADULT,visible,ok,False,1,stop,
3116,SSWI000000014649023C.jpg,2019,6,0.6037,0.4666,0.1812,0.3716,0.968,ANTLERLESS,ADULT,visible,ok,False,1,stop,
3117,SSWI000000011059252C.jpg,2018,9,0.3062,0.67,0.31,0.3274,0.968,ANTLERLESS,ADULT,visible,ok,False,1,stop,
3118,SSWI000000031680124C.jpg,2023,7,0.2318,0.3075,0.4187,0.4474,0.962,ANTLERLESS,ADULT,visible,ok,False,1,stop,
3119,SSWI000000016752468B.jpg,2020,3,0.1775,0.4974,0.2712,0.2833,0.966,ANTLERLESS,ADULT,visible,ok,False,1,stop,
3120,SSWI000000012023053C.jpg,2018,12,0.7081,0.4366,0.2918,0.5591,0.978,ANTLERLESS,ADULT,visible,ok,False,1,stop,
3121,SSWI000000032773888B.jpg,2023,10,0.1574,0.2341,0.4756,0.3816,0.967,ANTLERLESS,ADULT,visible,ok,False,1,stop,
3122,SSWI000000022044098C.jpg,2021,5,0.4968,0.3841,0.5031,0.615,0.974,ANTLERLESS,ADULT,visible,ok,False,1,stop,
3123,SSWI000000029997596A.jpg,2023,2,0.01187,0.5675,0.4412,0.4316,0.98,ANTLERLESS,ADULT,visible,ok,False,1,stop,
3124,SSWI000000026222180A.jpg,2022,3,0.4112,0.4233,0.1012,0.2125,0.953,ANTLERLESS,ADULT,visible,ok,False,1,stop,
3125,SSWI000000027304311A.jpg,2022,5,0.0,0.8033,0.1412,0.1958,0.96,ANTLERLESS,ADULT,visible,ok,False,1,stop,
3126,SSWI000000025404932C.jpg,2022,2,0.6706,0.5033,0.3293,0.3908,0.98,ANTLERLESS,ADULT,visible,ok,False,1,stop,
3127,SSWI000000021502356B.jpg,2021,3,0.8243,0.4449,0.09312,0.245,0.955,ANTLERLESS,ADULT,visible,ok,False,1,stop,
3128,SSWI000000009405400C.jpg,2018,4,0.2693,0.5566,0.3431,0.3125,0.962,ANTLERLESS,ADULT,visible,ok,False,1,stop,
3129,SSWI000000021879806A.jpg,2021,1,0.1893,0.4616,0.1193,0.1366,0.963,ANTLERLESS,ADULT,visible,ok,False,1,stop,
3130,SSWI000000011088868B.jpg,2018,9,0.035,0.6691,0.3056,0.3283,0.957,ANTLERLESS,ADULT,visible,ok,False,1,stop,
3131,SSWI000000014713856A.jpg,2019,7,0.6574,0.6025,0.2943,0.3966,0.966,ANTLERLESS,ADULT,visible,ok,False,1,stop,
3132,SSWI000000027733534C.jpg,2022,8,0.2787,0.3725,0.4981,0.6266,0.971,ANTLERLESS,ADULT,visible,ok,False,1,stop,
3133,SSWI000000029352836B.jpg,2022,9,0.7875,0.7675,0.2125,0.2308,0.974,ANTLERLESS,ADULT,visible,ok,False,1,stop,
3134,SSWI000000034250376B.jpg,2023,12,0.6231,0.4124,0.3762,0.4041,0.979,ANTLERLESS,ADULT,visible,ok,False,1,stop,
3135,SSWI000000015541780C.jpg,2019,5,0.0,0.4958,0.2831,0.2349,0.965,ANTLERLESS,ADULT,visible,ok,False,1,stop,
3136,SSWI000000010877277B.jpg,2018,8,0.6231,0.6433,0.2568,0.2266,0.957,ANTLERLESS,ADULT,visible,ok,False,1,stop,
3137,SSWI000000021150951C.jpg,2020,12,0.7756,0.4908,0.2243,0.2249,0.953,ANTLERLESS,ADULT,visible,ok,False,1,stop,
3138,SSWI000000020365408A.jpg,2020,1,0.39,0.5758,0.1287,0.3341,0.974,ANTLERLESS,ADULT,visible,ok,False,1,stop,
3139,SSWI000000013559042B.jpg,2019,6,0.6106,0.7133,0.3893,0.2833,0.977,ANTLERLESS,ADULT,visible,ok,False,1,stop,
3140,SSWI000000017838590A.jpg,2020,4,0.7849,0.6691,0.215,0.2516,0.959,ANTLERLESS,ADULT,visible,ok,False,1,stop,
3141,SSWI000000010877604B.jpg,2018,10,0.6325,0.7683,0.3675,0.2291,0.965,ANTLERLESS,ADULT,not_visible,ok,False,1,stop,
3142,SSWI000000027304381B.jpg,2022,6,0.6931,0.7983,0.2249,0.2008,0.951,ANTLERLESS,ADULT,visible,ok,False,1,stop,
3143,SSWI000000029470840A.jpg,2022,12,0.8456,0.2783,0.1543,0.6008,0.972,ANTLERLESS,ADULT,visible,ok,False,1,stop,
3144,SSWI000000017757309C.jpg,2019,11,0.02687,0.5541,0.155,0.2058,0.973,ANTLERLESS,ADULT,visible,ok,False,1,stop,
3145,SSWI000000030158981B.jpg,2023,1,0.4287,0.7524,0.5712,0.2466,0.971,ANTLERLESS,ADULT,visible,ok,False,1,stop,
3146,SSWI000000016776551C.jpg,2019,12,0.4743,0.4566,0.2787,0.2116,0.968,ANTLERLESS,ADULT,visible,ok,False,1,stop,
3147,SSWI000000009745348B.jpg,2018,8,0.0,0.5683,0.465,0.4291,0.973,ANTLERLESS,ADULT,visible,ok,False,1,stop,
3148,SSWI000000017254132A.jpg,2020,2,0.2787,0.5708,0.2562,0.2008,0.969,ANTLERLESS,ADULT,visible,ok,False,1,stop,
3149,SSWI000000019162292A.jpg,2020,9,0.1581,0.6716,0.3981,0.3283,0.957,ANTLERLESS,ADULT,visible,ok,False,1,stop,
3150,SSWI000000033256217B.jpg,2023,9,0.3106,0.6058,0.2431,0.3908,0.975,ANTLERLESS,ADULT,visible,ok,False,1,stop,
3151,SSWI000000012448996A.jpg,2018,12,0.1643,0.4341,0.3287,0.3516,0.975,ANTLERLESS,ADULT,visible,ok,False,1,stop,
3152,SSWI000000011536785A.jpg,2018,12,0.5874,0.3625,0.2662,0.3383,0.965,ANTLERLESS,ADULT,visible,ok,False,1,stop,
3153,SSWI000000013991863C.jpg,2019,6,0.1893,0.6741,0.5443,0.3233,0.954,ANTLERLESS,ADULT,not_visible,ok,False,1,stop,
3154,SSWI000000014648072C.jpg,2019,7,0.3724,0.3583,0.2125,0.5074,0.963,ANTLERLESS,ADULT,visible,ok,False,1,stop,
3155,SSWI000000024689860B.jpg,2021,10,0.2168,0.6808,0.215,0.3166,0.967,ANTLERLESS,ADULT,visible,ok,False,1,stop,
3156,SSWI000000019480926A.jpg,2020,9,0.0,0.5691,0.2987,0.43,0.968,ANTLERLESS,ADULT,visible,ok,False,1,stop,
3157,SSWI000000033357807A.jpg,2023,11,0.7868,0.4924,0.2131,0.5074,0.968,ANTLERLESS,ADULT,visible,ok,False,1,stop,
3158,SSWI000000008445130A.jpg,2018,4,0.04375,0.08666,0.4543,0.5174,0.966,ANTLERLESS,ADULT,visible,ok,False,1,stop,
3159,SSWI000000016592973C.jpg,2019,12,0.7325,0.4891,0.1762,0.3691,0.959,ANTLERLESS,ADULT,visible,ok,False,1,stop,
3160,SSWI000000011064823C.jpg,2018,10,0.2593,0.315,0.1949,0.2358,0.953,ANTLERLESS,ADULT,visible,ok,False,1,stop,
3161,SSWI000000026155458B.jpg,2022,2,0.2631,0.4374,0.2993,0.18,0.98,ANTLERLESS,ADULT,visible,ok,False,1,stop,
3162,SSWI000000025255594A.jpg,2022,1,0.4581,0.3466,0.3481,0.3466,0.98,ANTLERLESS,ADULT,visible,ok,False,1,stop,
3163,SSWI000000008040264A.jpg,2018,4,0.7799,0.6799,0.2199,0.3183,0.968,ANTLERLESS,ADULT,visible,ok,False,1,stop,
3164,SSWI000000020664328C.jpg,2020,6,0.6275,0.05833,0.3725,0.9066,0.983,ANTLERLESS,ADULT,visible,ok,False,1,stop,
3165,SSWI000000030308810A.jpg,2022,11,0.03062,0.6383,0.5106,0.36,0.984,ANTLERLESS,ADULT,visible,ok,False,1,stop,
3166,SSWI000000007759589B.jpg,2018,1,0.4199,0.3975,0.3675,0.4758,0.977,ANTLERLESS,ADULT,visible,ok,False,1,stop,
3167,SSWI000000012652702C.jpg,2019,1,0.5318,0.2608,0.2093,0.3975,0.969,ANTLERLESS,ADULT,visible,ok,False,1,stop,
3168,SSWI000000011836847B.jpg,2018,11,0.6787,0.7375,0.3212,0.2616,0.971,ANTLERLESS,ADULT,visible,ok,False,1,stop,
3169,SSWI000000017123354C.jpg,2020,5,0.2524,0.5241,0.1924,0.1841,0.953,ANTLERLESS,ADULT,visible,ok,False,1,stop,
3170,SSWI000000013559014C.jpg,2019,6,0.0,0.7066,0.2068,0.2908,0.967,ANTLERLESS,ADULT,visible,ok,False,1,stop,
3171,SSWI000000011526046C.jpg,2018,10,0.3218,0.3941,0.6781,0.6025,0.982,ANTLERLESS,ADULT,visible,ok,False,1,stop,
3172,SSWI000000015303349B.jpg,2019,9,0.1443,0.6991,0.4081,0.2991,0.967,ANTLERLESS,ADULT,visible,ok,False,1,stop,
3173,SSWI000000014355442B.jpg,2019,6,0.0,0.6274,0.2068,0.3125,0.956,ANTLERLESS,ADULT,not_visible,ok,False,1,stop,
3174,SSWI000000012314546C.jpg,2018,12,0.1487,0.3725,0.3643,0.3191,0.974,ANTLERLESS,ADULT,visible,ok,False,1,stop,
3175,SSWI000000014328119A.jpg,2019,5,0.6837,0.5199,0.2668,0.2649,0.956,ANTLERLESS,ADULT,visible,ok,False,1,stop,
3176,SSWI000000013751413C.jpg,2019,6,0.4887,0.6116,0.2406,0.2649,0.95,ANTLERLESS,ADULT,visible,ok,False,1,stop,
3177,SSWI000000011023010B.jpg,2018,10,0.0,0.5533,0.3125,0.3524,0.985,ANTLERLESS,ADULT,visible,ok,False,1,stop,
3178,SSWI000000025380778C.jpg,2021,12,0.0,0.1725,0.3893,0.8241,0.953,ANTLERLESS,ADULT,visible,ok,False,1,stop,
3179,SSWI000000009435024B.jpg,2018,7,0.1356,0.3658,0.1762,0.1641,0.961,ANTLERLESS,ADULT,visible,ok,False,1,stop,
3180,SSWI000000024555067C.jpg,2021,10,0.6456,0.3533,0.1393,0.4541,0.963,ANTLERLESS,ADULT,not_visible,ok,False,1,stop,
3181,SSWI000000019159634C.jpg,2020,4,0.5712,0.4833,0.1537,0.4741,0.955,ANTLERLESS,ADULT,visible,ok,False,1,stop,
3182,SSWI000000017965147A.jpg,2020,3,0.5806,0.4808,0.1199,0.1741,0.95,ANTLERLESS,ADULT,visible,ok,False,1,stop,
3183,SSWI000000020663485C.jpg,2020,1,0.0,0.2825,0.4225,0.5199,0.976,ANTLERLESS,ADULT,visible,ok,False,1,stop,
3184,SSWI000000024333808C.jpg,2021,10,0.2468,0.7149,0.2975,0.2841,0.974,ANTLERLESS,ADULT,visible,ok,False,1,stop,
3185,SSWI000000007974516B.jpg,2018,3,0.1199,0.4933,0.2143,0.2558,0.95,ANTLERLESS,ADULT,visible,ok,False,1,stop,
3186,SSWI000000017969382C.jpg,2020,2,0.0,0.0,1.0,0.9983,0.966,ANTLERLESS,ADULT,not_visible,ok,False,1,stop,
3187,SSWI000000008716794A.jpg,2018,2,0.4987,0.5725,0.5012,0.425,0.974,ANTLERLESS,ADULT,visible,ok,False,1,stop,
3188,SSWI000000010190441B.jpg,2018,8,0.2581,0.5933,0.3174,0.3149,0.97,ANTLERLESS,ADULT,visible,ok,False,1,stop,
3189,SSWI000000013137261B.jpg,2019,4,0.6912,0.2816,0.2493,0.3558,0.969,ANTLERLESS,ADULT,visible,ok,False,1,stop,
3190,SSWI000000013080500C.jpg,2019,5,0.3499,0.4533,0.3081,0.2783,0.967,ANTLERLESS,ADULT,visible,ok,False,1,stop,
3191,SSWI000000010719752B.jpg,2018,7,0.0,0.7766,0.2574,0.2208,0.953,ANTLERLESS,ADULT,not_visible,ok,False,1,stop,
3192,SSWI000000024787115A.jpg,2021,12,0.0,0.5116,0.4062,0.4866,0.96,ANTLERLESS,ADULT,visible,ok,False,1,stop,
3193,SSWI000000020688869B.jpg,2021,1,0.7881,0.5258,0.1537,0.3091,0.975,ANTLERLESS,ADULT,visible,ok,False,1,stop,
3194,SSWI000000021239275C.jpg,2021,3,0.08937,0.4066,0.1899,0.2224,0.971,ANTLERLESS,ADULT,visible,ok,False,1,stop,
3195,SSWI000000016095937A.jpg,2019,11,0.4387,0.4308,0.5612,0.5683,0.985,ANTLERLESS,ADULT,visible,ok,False,1,stop,
3196,SSWI000000017042554B.jpg,2020,1,0.8187,0.4658,0.1481,0.3941,0.955,ANTLERLESS,ADULT,visible,ok,False,1,stop,
3197,SSWI000000015331124B.jpg,2019,8,0.5906,0.6608,0.4093,0.3358,0.975,ANTLERLESS,ADULT,visible,ok,False,1,stop,
3198,SSWI000000030962312A.jpg,2023,5,0.5149,0.3433,0.1931,0.4449,0.976,ANTLERLESS,ADULT,visible,ok,False,1,stop,
3199,SSWI000000024019027B.jpg,2021,10,0.09749,0.6883,0.9024,0.3108,0.962,ANTLERLESS,ADULT,visible,ok,False,1,stop,
3200,SSWI000000030119390B.jpg,2023,4,0.6687,0.6416,0.3312,0.3583,0.951,ANTLERLESS,ADULT,visible,ok,False,1,stop,
3201,SSWI000000009856477B.jpg,2018,6,0.05687,0.1774,0.4193,0.8183,0.955,ANTLERLESS,ADULT,visible,ok,False,1,stop,
3202,SSWI000000011059396C.jpg,2018,10,0.0,0.6358,0.3987,0.3641,0.96,ANTLERLESS,ADULT,not_visible,ok,False,1,stop,
3203,SSWI000000017838449B.jpg,2020,3,0.2943,0.565,0.3993,0.435,0.973,ANTLERLESS,ADULT,visible,ok,False,1,stop,
3204,SSWI000000032713506C.jpg,2023,8,0.5656,0.7124,0.4206,0.2841,0.981,ANTLERLESS,ADULT,visible,ok,False,1,stop,
3205,SSWI000000016067833B.jpg,2019,11,0.4468,0.6283,0.2781,0.3716,0.968,ANTLERLESS,ADULT,visible,ok,False,1,stop,
3206,SSWI000000010733271C.jpg,2018,9,0.3312,0.3941,0.2043,0.2599,0.97,ANTLERLESS,ADULT,visible,ok,False,1,stop,
3207,SSWI000000028897294A.jpg,2022,11,0.0,0.3091,1.0,0.6883,0.961,ANTLERLESS,ADULT,not_visible,ok,False,1,stop,
3208,SSWI000000020073411A.jpg,2020,9,0.06,0.4408,0.665,0.5566,0.984,ANTLERLESS,ADULT,visible,ok,False,1,stop,
3209,SSWI000000031324807B.jpg,2023,6,0.2656,0.6508,0.4212,0.3474,0.956,ANTLERLESS,ADULT,visible,ok,False,1,stop,
3210,SSWI000000026184329C.jpg,2022,4,0.0,0.7116,0.5968,0.2874,0.969,ANTLERLESS,ADULT,not_visible,ok,False,1,stop,
3211,SSWI000000032460287B.jpg,2023,10,0.4181,0.6158,0.4437,0.3816,0.984,ANTLERLESS,ADULT,visible,ok,False,1,stop,
3212,SSWI000000011433978C.jpg,2018,10,0.3168,0.5099,0.09499,0.2549,0.958,ANTLERLESS,ADULT,visible,ok,False,1,stop,
3213,SSWI000000016817326A.jpg,2019,5,0.4043,0.6966,0.3156,0.2475,0.954,ANTLERLESS,ADULT,visible,ok,False,1,stop,
3214,SSWI000000025735787B.jpg,2022,4,0.3856,0.6508,0.1412,0.2966,0.964,ANTLERLESS,ADULT,visible,ok,False,1,stop,
3215,SSWI000000011020108B.jpg,2018,11,0.715,0.4591,0.2849,0.2583,0.953,ANTLERLESS,ADULT,visible,ok,False,1,stop,
3216,SSWI000000030176393C.jpg,2023,4,0.004374,0.5649,0.25,0.4341,0.974,ANTLERLESS,ADULT,visible,ok,False,1,stop,
3217,SSWI000000017968803A.jpg,2020,1,0.4593,0.4924,0.1274,0.09583,0.96,ANTLERLESS,ADULT,visible,ok,False,1,stop,
3218,SSWI000000015901038C.jpg,2019,10,0.0,0.6174,0.1331,0.3791,0.968,ANTLERLESS,ADULT,visible,ok,False,1,stop,
3219,SSWI000000033256236C.jpg,2023,9,0.3043,0.3941,0.4531,0.5708,0.951,ANTLERLESS,ADULT,visible,ok,False,1,stop,
3220,SSWI000000016043713A.jpg,2019,10,0.4668,0.4508,0.1512,0.2991,0.965,ANTLERLESS,ADULT,visible,ok,False,1,stop,
3221,SSWI000000013189339C.jpg,2019,6,0.0,0.5358,0.66,0.4633,0.974,ANTLERLESS,ADULT,visible,ok,False,1,stop,
3222,SSWI000000012828618B.jpg,2019,5,0.2793,0.6533,0.3862,0.3433,0.978,ANTLERLESS,ADULT,visible,ok,False,1,stop,
3223,SSWI000000012580236B.jpg,2019,1,0.7968,0.6116,0.2031,0.3858,0.971,ANTLERLESS,ADULT,visible,ok,False,1,stop,
3224,SSWI000000008958656A.jpg,2018,5,0.2381,0.2925,0.2975,0.3325,0.957,ANTLERLESS,ADULT,visible,ok,False,1,stop,
3225,SSWI000000024690452A.jpg,2021,6,0.09312,0.7141,0.685,0.2833,0.961,ANTLERLESS,ADULT,visible,ok,False,1,stop,
3226,SSWI000000011000935A.jpg,2018,10,0.345,0.4458,0.2874,0.3258,0.966,ANTLERLESS,ADULT,visible,ok,False,1,stop,
3227,SSWI000000008577069C.jpg,2018,5,0.62,0.4175,0.3231,0.5791,0.974,ANTLERLESS,ADULT,visible,ok,False,1,stop,
3228,SSWI000000012501889A.jpg,2019,1,0.2056,0.4374,0.2768,0.3524,0.961,ANTLERLESS,ADULT,visible,ok,False,1,stop,
3229,SSWI000000021456841A.jpg,2021,4,0.5093,0.5575,0.1587,0.3683,0.954,ANTLERLESS,ADULT,visible,ok,False,1,stop,
3230,SSWI000000019625677A.jpg,2020,4,0.0,0.4991,0.3956,0.4983,0.98,ANTLERLESS,ADULT,visible,ok,False,1,stop,
3231,SSWI000000018009402A.jpg,2020,1,0.5668,0.5591,0.3062,0.4375,0.97,ANTLERLESS,ADULT,visible,ok,False,1,stop,
3232,SSWI000000019613184C.jpg,2019,10,0.1325,0.6241,0.3474,0.3733,0.97,ANTLERLESS,ADULT,visible,ok,False,1,stop,
3233,SSWI000000013714616A.jpg,2019,5,0.2675,0.5583,0.1375,0.3166,0.95,ANTLERLESS,ADULT,visible,ok,False,1,stop,
3234,SSWI000000010562814C.jpg,2018,8,0.5806,0.5291,0.2806,0.2524,0.952,ANTLERLESS,ADULT,visible,ok,False,1,stop,
3235,SSWI000000015497858A.jpg,2019,10,0.05687,0.3299,0.36,0.3316,0.962,ANTLERLESS,ADULT,visible,ok,False,1,stop,
3236,SSWI000000010986461C.jpg,2018,8,0.5031,0.5149,0.485,0.4524,0.96,ANTLERLESS,ADULT,visible,ok,False,1,stop,
3237,SSWI000000010902112A.jpg,2018,5,0.4525,0.4566,0.4124,0.3433,0.968,ANTLERLESS,ADULT,visible,ok,False,1,stop,
3238,SSWI000000031692807C.jpg,2023,8,0.3837,0.7675,0.3087,0.2308,0.966,ANTLERLESS,ADULT,visible,ok,False,1,stop,
3239,SSWI000000017253985C.jpg,2020,2,0.5262,0.6191,0.275,0.1774,0.975,ANTLERLESS,ADULT,visible,ok,False,1,stop,
3240,SSWI000000009444506A.jpg,2018,6,0.3468,0.6808,0.2381,0.3183,0.969,ANTLERLESS,ADULT,visible,ok,False,1,stop,
3241,SSWI000000020229784A.jpg,2020,10,0.0,0.5808,0.4812,0.4191,0.969,ANTLERLESS,ADULT,visible,ok,False,1,stop,
3242,SSWI000000017048613A.jpg,2020,3,0.8218,0.3183,0.1781,0.68,0.956,ANTLERLESS,ADULT,visible,ok,False,1,stop,
3243,SSWI000000017278137B.jpg,2020,5,0.0,0.62,0.2537,0.2725,0.966,ANTLERLESS,ADULT,visible,ok,False,1,stop,
3244,SSWI000000018918179B.jpg,2020,7,0.3025,0.5258,0.2106,0.3408,0.955,ANTLERLESS,ADULT,visible,ok,False,1,stop,
3245,SSWI000000016955359A.jpg,2020,3,0.4518,0.6533,0.2181,0.3466,0.978,ANTLERLESS,ADULT,visible,ok,False,1,stop,
3246,SSWI000000010541810B.jpg,2018,9,0.1043,0.3116,0.2768,0.3266,0.975,ANTLERLESS,ADULT,visible,ok,False,1,stop,
3247,SSWI000000010185435C.jpg,2018,9,0.8787,0.4866,0.1212,0.1924,0.959,ANTLERLESS,ADULT,visible,ok,False,1,stop,
3248,SSWI000000023168861B.jpg,2021,7,0.6231,0.6691,0.1562,0.3283,0.952,ANTLERLESS,ADULT,visible,ok,False,1,stop,
3249,SSWI000000013630999B.jpg,2019,4,0.06624,0.4108,0.3962,0.4983,0.974,ANTLERLESS,ADULT,visible,ok,False,1,stop,
3250,SSWI000000012410937B.jpg,2019,1,0.4193,0.4199,0.5687,0.5766,0.963,ANTLERLESS,ADULT,visible,ok,False,1,stop,
3251,SSWI000000025650964B.jpg,2022,4,0.2237,0.625,0.2837,0.3025,0.979,ANTLERLESS,ADULT,visible,ok,False,1,stop,
3252,SSWI000000016236660A.jpg,2019,6,0.09687,0.3166,0.2906,0.3608,0.952,ANTLERLESS,ADULT,visible,ok,False,1,stop,
3253,SSWI000000016689097B.jpg,2019,11,0.2887,0.6441,0.3106,0.2775,0.966,ANTLERLESS,ADULT,visible,ok,False,1,stop,
3254,SSWI000000007744155B.jpg,2018,1,0.7431,0.5399,0.1031,0.2308,0.953,ANTLERLESS,ADULT,visible,ok,False,1,stop,
3255,SSWI000000027877026B.jpg,2022,9,0.6212,0.5174,0.3168,0.4799,0.977,ANTLERLESS,ADULT,visible,ok,False,1,stop,
3256,SSWI000000014723585A.jpg,2019,6,0.5087,0.5433,0.4449,0.455,0.978,ANTLERLESS,ADULT,visible,ok,False,1,stop,
3257,SSWI000000011156534B.jpg,2018,10,0.5312,0.4058,0.3331,0.3791,0.961,ANTLERLESS,ADULT,visible,ok,False,1,stop,
3258,SSWI000000025102558A.jpg,2021,12,0.2018,0.4933,0.2506,0.5033,0.969,ANTLERLESS,ADULT,visible,ok,False,1,stop,
3259,SSWI000000024756259A.jpg,2021,11,0.3262,0.4483,0.1993,0.2608,0.962,ANTLERLESS,ADULT,visible,ok,False,1,stop,
3260,SSWI000000010762107A.jpg,2018,10,0.0,0.1875,0.4593,0.5633,0.969,ANTLERLESS,ADULT,visible,ok,False,1,stop,
3261,SSWI000000015189902B.jpg,2019,10,0.3212,0.4041,0.2568,0.425,0.978,ANTLERLESS,ADULT,visible,ok,False,1,stop,
3262,SSWI000000018999574B.jpg,2020,8,0.5137,0.7733,0.1899,0.2241,0.966,ANTLERLESS,ADULT,visible,ok,False,1,stop,
3263,SSWI000000017123399C.jpg,2019,11,0.4493,0.4583,0.1856,0.3849,0.974,ANTLERLESS,ADULT,visible,ok,False,1,stop,
3264,SSWI000000015863148B.jpg,2019,10,0.5931,0.3474,0.1493,0.3199,0.968,ANTLERLESS,ADULT,visible,ok,False,1,stop,
3265,SSWI000000019423292A.jpg,2020,8,0.2593,0.4616,0.2393,0.2391,0.952,ANTLERLESS,ADULT,visible,ok,False,1,stop,
3266,SSWI000000024505558C.jpg,2021,5,0.6356,0.5141,0.2524,0.275,0.966,ANTLERLESS,ADULT,visible,ok,False,1,stop,
3267,SSWI000000013077265B.jpg,2019,5,0.1974,0.5633,0.4424,0.3241,0.962,ANTLERLESS,ADULT,visible,ok,False,1,stop,
3268,SSWI000000026222289C.jpg,2022,3,0.5093,0.4725,0.09687,0.1583,0.95,ANTLERLESS,ADULT,visible,ok,False,1,stop,
3269,SSWI000000011400967C.jpg,2018,10,0.795,0.4083,0.1881,0.2783,0.97,ANTLERLESS,ADULT,visible,ok,False,1,stop,
3270,SSWI000000031081671B.jpg,2023,5,0.4224,0.4558,0.2893,0.4041,0.979,ANTLERLESS,ADULT,visible,ok,False,1,stop,
3271,SSWI000000031607579C.jpg,2023,7,0.4525,0.4933,0.2568,0.2374,0.974,ANTLERLESS,ADULT,visible,ok,False,1,stop,
3272,SSWI000000011169180B.jpg,2018,11,0.5674,0.2766,0.2912,0.2916,0.959,ANTLERLESS,ADULT,visible,ok,False,1,stop,
3273,SSWI000000014802829C.jpg,2019,5,0.685,0.5466,0.1468,0.165,0.956,ANTLERLESS,ADULT,visible,ok,False,1,stop,
3274,SSWI000000027603466A.jpg,2022,7,0.6856,0.5633,0.2012,0.3183,0.961,ANTLERLESS,ADULT,visible,ok,False,1,stop,
3275,SSWI000000021892078B.jpg,2021,5,0.5487,0.4708,0.2843,0.2958,0.968,ANTLERLESS,ADULT,visible,ok,False,1,stop,
3276,SSWI000000012501925B.jpg,2019,1,0.4543,0.4883,0.4112,0.5108,0.977,ANTLERLESS,ADULT,visible,ok,False,1,stop,
3277,SSWI000000030737536A.jpg,2023,4,0.6162,0.3983,0.2556,0.3891,0.97,ANTLERLESS,ADULT,visible,ok,False,1,stop,
3278,SSWI000000017969398B.jpg,2020,2,0.6643,0.4883,0.3356,0.5058,0.975,ANTLERLESS,ADULT,visible,ok,False,1,stop,
3279,SSWI000000012020330A.jpg,2018,12,0.4199,0.3833,0.2781,0.2583,0.979,ANTLERLESS,ADULT,visible,ok,False,1,stop,
3280,SSWI000000011466287A.jpg,2018,11,0.07249,0.4383,0.2543,0.4791,0.961,ANTLERLESS,ADULT,visible,ok,False,1,stop,
3281,SSWI000000031606224C.jpg,2023,5,0.0,0.3716,0.5,0.6283,0.977,ANTLERLESS,ADULT,visible,ok,False,1,stop,
3282,SSWI000000009835648B.jpg,2018,7,0.0,0.5941,0.5012,0.4025,0.969,ANTLERLESS,ADULT,visible,ok,False,1,stop,
3283,SSWI000000009593810C.jpg,2018,5,0.5068,0.3516,0.2518,0.3833,0.976,ANTLERLESS,ADULT,visible,ok,False,1,stop,
3284,SSWI000000012361447B.jpg,2018,12,0.000625,0.2475,0.8374,0.7516,0.98,ANTLERLESS,ADULT,visible,ok,False,1,stop,
3285,SSWI000000016095854C.jpg,2019,10,0.02624,0.5649,0.2987,0.4116,0.971,ANTLERLESS,ADULT,visible,ok,False,1,stop,
3286,SSWI000000016236545B.jpg,2019,5,0.545,0.3166,0.3325,0.395,0.954,ANTLERLESS,ADULT,visible,ok,False,1,stop,
3287,SSWI000000025238384C.jpg,2021,12,0.3425,0.6466,0.2574,0.3033,0.963,ANTLERLESS,ADULT,visible,ok,False,1,stop,
3288,SSWI000000020664345B.jpg,2020,6,0.0,0.0,0.9075,0.995,0.953,ANTLERLESS,ADULT,visible,ok,False,1,stop,
3289,SSWI000000020573137A.jpg,2020,11,0.2943,0.5791,0.4387,0.4174,0.973,ANTLERLESS,ADULT,visible,ok,False,1,stop,
3290,SSWI000000015303059A.jpg,2019,9,0.2231,0.7258,0.2587,0.2708,0.978,ANTLERLESS,ADULT,visible,ok,False,1,stop,
3291,SSWI000000012924401A.jpg,2019,5,0.4537,0.2741,0.3731,0.3708,0.967,ANTLERLESS,ADULT,visible,ok,False,1,stop,
3292,SSWI000000011145989B.jpg,2018,11,0.4506,0.4324,0.3281,0.3474,0.968,ANTLERLESS,ADULT,visible,ok,False,1,stop,
3293,SSWI000000011943775A.jpg,2018,12,0.0,0.5308,0.1937,0.4658,0.978,ANTLERLESS,ADULT,visible,ok,False,1,stop,
3294,SSWI000000011070775A.jpg,2018,10,0.3243,0.3341,0.3406,0.6658,0.962,ANTLERLESS,ADULT,visible,ok,False,1,stop,
3295,SSWI000000015192369C.jpg,2019,9,0.04,0.33,0.5143,0.67,0.96,ANTLERLESS,ADULT,visible,ok,False,1,stop,
3296,SSWI000000015830353C.jpg,2019,9,0.6431,0.4658,0.3081,0.2958,0.951,ANTLERLESS,ADULT,visible,ok,False,1,stop,
3297,SSWI000000012412152C.jpg,2019,4,0.3518,0.5391,0.2168,0.2249,0.965,ANTLERLESS,ADULT,visible,ok,False,1,stop,
3298,SSWI000000018999664C.jpg,2020,9,0.4518,0.7624,0.3249,0.2349,0.975,ANTLERLESS,ADULT,visible,ok,False,1,stop,
3299,SSWI000000016771457B.jpg,2020,1,0.1706,0.4266,0.4443,0.3441,0.983,ANTLERLESS,ADULT,visible,ok,False,1,stop,
3300,SSWI000000013718350A.jpg,2019,5,0.5649,0.7833,0.425,0.2166,0.973,ANTLERLESS,ADULT,visible,ok,False,1,stop,
3301,SSWI000000019246302B.jpg,2020,7,0.6568,0.7874,0.2824,0.2116,0.971,ANTLERLESS,ADULT,visible,ok,False,1,stop,
3302,SSWI000000011060247A.jpg,2018,11,0.1275,0.5033,0.3081,0.495,0.976,ANTLERLESS,ADULT,visible,ok,False,1,stop,
3303,SSWI000000014919509A.jpg,2019,7,0.0,0.6141,0.4712,0.3849,0.958,ANTLERLESS,ADULT,visible,ok,False,1,stop,
3304,SSWI000000021005988B.jpg,2021,3,0.83,0.4483,0.17,0.2158,0.97,ANTLERLESS,ADULT,visible,ok,False,1,stop,
3305,SSWI000000011435537C.jpg,2018,11,0.3612,0.5791,0.435,0.4174,0.982,ANTLERLESS,ADULT,visible,ok,False,1,stop,
3306,SSWI000000024452817C.jpg,2021,11,0.6349,0.2733,0.3056,0.3616,0.978,ANTLERLESS,ADULT,visible,ok,False,1,stop,
3307,SSWI000000012056070B.jpg,2018,12,0.1018,0.3108,0.5818,0.6866,0.979,ANTLERLESS,ADULT,visible,ok,False,1,stop,
3308,SSWI000000017048723C.jpg,2020,4,0.4643,0.415,0.5356,0.5841,0.978,ANTLERLESS,ADULT,visible,ok,False,1,stop,
3309,SSWI000000011093144B.jpg,2018,9,0.1187,0.3033,0.5068,0.4774,0.976,ANTLERLESS,ADULT,visible,ok,False,1,stop,
3310,SSWI000000017541115B.jpg,2020,5,0.0,0.5175,0.1537,0.3675,0.955,ANTLERLESS,ADULT,visible,ok,False,1,stop,
3311,SSWI000000011526207A.jpg,2018,10,0.5631,0.3749,0.4368,0.6208,0.968,ANTLERLESS,ADULT,visible,ok,False,1,stop,
3312,SSWI000000018741102C.jpg,2020,5,0.5825,0.4833,0.2487,0.5116,0.969,ANTLERLESS,ADULT,visible,ok,False,1,stop,
3313,SSWI000000013080133A.jpg,2019,5,0.08937,0.4725,0.1568,0.245,0.961,ANTLERLESS,ADULT,visible,ok,False,1,stop,
3314,SSWI000000024551419C.jpg,2021,10,0.2456,0.5966,0.7543,0.4025,0.977,ANTLERLESS,ADULT,visible,ok,False,1,stop,
3315,SSWI000000030273949B.jpg,2023,2,0.2868,0.3691,0.4918,0.6266,0.985,ANTLERLESS,ADULT,visible,ok,False,1,stop,
3316,SSWI000000025406119C.jpg,2022,4,0.7149,0.6049,0.2343,0.185,0.953,ANTLERLESS,ADULT,visible,ok,False,1,stop,
3317,SSWI000000012042796B.jpg,2019,2,0.3568,0.4716,0.3331,0.5249,0.972,ANTLERLESS,ADULT,visible,ok,False,1,stop,
3318,SSWI000000029814431B.jpg,2023,2,0.6837,0.3633,0.2524,0.6333,0.975,ANTLERLESS,ADULT,visible,ok,False,1,stop,
3319,SSWI000000027036249B.jpg,2022,6,0.3018,0.6499,0.3618,0.3466,0.966,ANTLERLESS,ADULT,visible,ok,False,1,stop,
3320,SSWI000000031394637B.jpg,2023,5,0.8231,0.4691,0.1768,0.2433,0.95,ANTLERLESS,ADULT,not_visible,ok,False,1,stop,
3321,SSWI000000020438445B.jpg,2020,11,0.2393,0.3475,0.535,0.4575,0.975,ANTLERLESS,ADULT,visible,ok,False,1,stop,
3322,SSWI000000030715584A.jpg,2023,3,0.4074,0.4975,0.1268,0.1525,0.955,ANTLERLESS,ADULT,visible,ok,False,1,stop,
3323,SSWI000000014347029A.jpg,2019,7,0.4787,0.3974,0.2206,0.4783,0.959,ANTLERLESS,ADULT,visible,ok,False,1,stop,
3324,SSWI000000013631121B.jpg,2019,4,0.0,0.3808,0.5093,0.5249,0.975,ANTLERLESS,ADULT,visible,ok,False,1,stop,
3325,SSWI000000020110813B.jpg,2020,8,0.05187,0.7299,0.3381,0.2675,0.966,ANTLERLESS,ADULT,visible,ok,False,1,stop,
3326,SSWI000000018781771B.jpg,2020,4,0.04062,0.3649,0.3343,0.3591,0.977,ANTLERLESS,ADULT,visible,ok,False,1,stop,
3327,SSWI000000021727977B.jpg,2021,2,0.4574,0.4841,0.2768,0.4199,0.976,ANTLERLESS,ADULT,visible,ok,False,1,stop,
3328,SSWI000000007612501B.jpg,2018,1,0.5031,0.6133,0.2806,0.2374,0.971,ANTLERLESS,ADULT,visible,ok,False,1,stop,
3329,SSWI000000031080909A.jpg,2023,5,0.4075,0.6374,0.3125,0.36,0.976,ANTLERLESS,ADULT,visible,ok,False,1,stop,
3330,SSWI000000013128182C.jpg,2019,5,0.0,0.3508,0.6856,0.6483,0.98,ANTLERLESS,ADULT,visible,ok,False,1,stop,
3331,SSWI000000014962188C.jpg,2019,7,0.2643,0.4941,0.1793,0.1675,0.963,ANTLERLESS,ADULT,visible,ok,False,1,stop,
3332,SSWI000000027824052A.jpg,2022,8,0.2618,0.3583,0.2275,0.2491,0.959,ANTLERLESS,ADULT,visible,ok,False,1,stop,
3333,SSWI000000009161370A.jpg,2018,4,0.2424,0.4841,0.1781,0.5158,0.966,ANTLERLESS,ADULT,visible,ok,False,1,stop,
3334,SSWI000000032702535A.jpg,2023,10,0.7224,0.3041,0.2775,0.2683,0.97,ANTLERLESS,ADULT,visible,ok,False,1,stop,
3335,SSWI000000015481104B.jpg,2019,9,0.5993,0.4141,0.3193,0.4583,0.959,ANTLERLESS,ADULT,visible,ok,False,1,stop,
3336,SSWI000000029603333A.jpg,2023,2,0.07312,0.4291,0.3156,0.2374,0.977,ANTLERLESS,ADULT,visible,ok,False,1,stop,
3337,SSWI000000011001221C.jpg,2018,11,0.4312,0.4158,0.2231,0.2725,0.972,ANTLERLESS,ADULT,visible,ok,False,1,stop,
3338,SSWI000000030716485C.jpg,2023,6,0.3562,0.6591,0.5024,0.3383,0.972,ANTLERLESS,ADULT,visible,ok,False,1,stop,
3339,SSWI000000023014074A.jpg,2021,7,0.0,0.6191,0.4699,0.3783,0.965,ANTLERLESS,ADULT,visible,ok,False,1,stop,
3340,SSWI000000033661806B.jpg,2023,11,0.7243,0.7008,0.2543,0.27,0.961,ANTLERLESS,ADULT,visible,ok,False,1,stop,
3341,SSWI000000021206695A.jpg,2021,1,0.0,0.1741,0.5031,0.4866,0.963,ANTLERLESS,ADULT,visible,ok,False,1,stop,
3342,SSWI000000024755033B.jpg,2021,11,0.6243,0.1933,0.3756,0.5016,0.976,ANTLERLESS,ADULT,visible,ok,False,1,stop,
3343,SSWI000000010848017C.jpg,2018,7,0.1375,0.4574,0.2612,0.3549,0.973,ANTLERLESS,ADULT,visible,ok,False,1,stop,
3344,SSWI000000009620595A.jpg,2018,6,0.2293,0.7074,0.2687,0.2924,0.97,ANTLERLESS,ADULT,visible,ok,False,1,stop,
3345,SSWI000000011055884B.jpg,2018,10,0.7775,0.4966,0.2224,0.4074,0.951,ANTLERLESS,ADULT,visible,ok,False,1,stop,
3346,SSWI000000017922120A.jpg,2019,7,0.0,0.5508,0.3462,0.4474,0.967,ANTLERLESS,ADULT,not_visible,ok,False,1,stop,
3347,SSWI000000032406184C.jpg,2023,5,0.6256,0.6025,0.3243,0.2433,0.972,ANTLERLESS,ADULT,visible,ok,False,1,stop,
3348,SSWI000000017035080A.jpg,2020,3,0.3337,0.2141,0.3206,0.4975,0.978,ANTLERLESS,ADULT,visible,ok,False,1,stop,
3349,SSWI000000017888707B.jpg,2020,5,0.6343,0.4458,0.3656,0.4458,0.968,ANTLERLESS,ADULT,visible,ok,False,1,stop,
3350,SSWI000000030286241B.jpg,2023,4,0.02249,0.3758,0.3762,0.6208,0.98,ANTLERLESS,ADULT,visible,ok,False,1,stop,
3351,SSWI000000033158958B.jpg,2023,9,0.6168,0.2325,0.3093,0.4616,0.969,ANTLERLESS,ADULT,visible,ok,False,1,stop,
3352,SSWI000000030716068A.jpg,2023,5,0.0,0.5299,0.2781,0.4699,0.98,ANTLERLESS,ADULT,visible,ok,False,1,stop,
3353,SSWI000000018786769C.jpg,2020,7,0.3256,0.425,0.1424,0.2549,0.958,ANTLERLESS,ADULT,visible,ok,False,1,stop,
3354,SSWI000000008624687C.jpg,2018,3,0.03,0.4383,0.2218,0.2783,0.974,ANTLERLESS,ADULT,visible,ok,False,1,stop,
3355,SSWI000000012410986C.jpg,2019,1,0.4018,0.4466,0.5325,0.5508,0.963,ANTLERLESS,ADULT,visible,ok,False,1,stop,
3356,SSWI000000011987943B.jpg,2018,11,0.6068,0.3833,0.2893,0.2808,0.971,ANTLERLESS,ADULT,visible,ok,False,1,stop,
3357,SSWI000000009041286A.jpg,2018,5,0.4649,0.4824,0.1099,0.1258,0.961,ANTLERLESS,ADULT,visible,ok,False,1,stop,
3358,SSWI000000032217159A.jpg,2023,8,0.4693,0.5208,0.5093,0.4791,0.954,ANTLERLESS,ADULT,visible,ok,False,1,stop,
3359,SSWI000000021502358A.jpg,2021,3,0.7468,0.4058,0.1668,0.365,0.967,ANTLERLESS,ADULT,visible,ok,False,1,stop,
3360,SSWI000000025024786A.jpg,2021,11,0.4018,0.5141,0.1793,0.2683,0.952,ANTLERLESS,ADULT,visible,ok,False,1,stop,
3361,SSWI000000026222289B.jpg,2022,3,0.5306,0.4733,0.125,0.1591,0.953,ANTLERLESS,ADULT,visible,ok,False,1,stop,
3362,SSWI000000013426167A.jpg,2019,5,0.3699,0.4625,0.2468,0.305,0.972,ANTLERLESS,ADULT,visible,ok,False,1,stop,
3363,SSWI000000017969462C.jpg,2020,2,0.7274,0.4908,0.2725,0.5083,0.959,ANTLERLESS,ADULT,visible,ok,False,1,stop,
3364,SSWI000000011219130B.jpg,2018,10,0.1287,0.2233,0.8712,0.7733,0.98,ANTLERLESS,ADULT,not_visible,ok,False,1,stop,
3365,SSWI000000024696588B.jpg,2021,11,0.0,0.5549,0.3687,0.4399,0.973,ANTLERLESS,ADULT,visible,ok,False,1,stop,
3366,SSWI000000019789299B.jpg,2020,7,0.3262,0.5374,0.2849,0.4074,0.95,ANTLERLESS,ADULT,not_visible,ok,False,1,stop,
3367,SSWI000000011836353B.jpg,2018,11,0.3193,0.72,0.1487,0.2074,0.952,ANTLERLESS,ADULT,visible,ok,False,1,stop,
3368,SSWI000000020153016B.jpg,2020,10,0.1956,0.3933,0.3056,0.3458,0.965,ANTLERLESS,ADULT,visible,ok,False,1,stop,
3369,SSWI000000010519403B.jpg,2018,1,0.3681,0.4775,0.2006,0.1875,0.964,ANTLERLESS,ADULT,visible,ok,False,1,stop,
3370,SSWI000000015642273B.jpg,2019,10,0.0,0.4908,0.6543,0.5058,0.973,ANTLERLESS,ADULT,not_visible,ok,False,1,stop,
3371,SSWI000000032988689A.jpg,2023,10,0.0,0.5374,0.3256,0.3433,0.955,ANTLERLESS,ADULT,visible,ok,False,1,stop,
3372,SSWI000000012448845C.jpg,2018,11,0.47,0.3133,0.3737,0.6083,0.978,ANTLERLESS,ADULT,visible,ok,False,1,stop,
3373,SSWI000000012184914C.jpg,2018,11,0.28,0.7525,0.6387,0.2458,0.978,ANTLERLESS,ADULT,visible,ok,False,1,stop,
3374,SSWI000000019625864B.jpg,2020,4,0.6525,0.5824,0.3412,0.3899,0.967,ANTLERLESS,ADULT,visible,ok,False,1,stop,
3375,SSWI000000015303517B.jpg,2019,9,0.5831,0.7283,0.3025,0.2708,0.971,ANTLERLESS,ADULT,visible,ok,False,1,stop,
3376,SSWI000000018009032C.jpg,2019,8,0.2912,0.5591,0.2899,0.2399,0.95,ANTLERLESS,ADULT,visible,ok,False,1,stop,
3377,SSWI000000008058391C.jpg,2018,3,0.3381,0.4358,0.3481,0.5641,0.956,ANTLERLESS,ADULT,not_visible,ok,False,1,stop,
3378,SSWI000000016629070C.jpg,2019,11,0.6525,0.7275,0.1337,0.27,0.975,ANTLERLESS,ADULT,visible,ok,False,1,stop,
3379,SSWI000000017296519A.jpg,2020,3,0.6874,0.3358,0.3062,0.6616,0.976,ANTLERLESS,ADULT,visible,ok,False,1,stop,
3380,SSWI000000022044291B.jpg,2021,6,0.0675,0.3908,0.4699,0.6091,0.977,ANTLERLESS,ADULT,visible,ok,False,1,stop,
3381,SSWI000000013672726A.jpg,2019,7,0.6637,0.6766,0.3362,0.3216,0.965,ANTLERLESS,ADULT,visible,ok,False,1,stop,
3382,SSWI000000020366141A.jpg,2020,5,0.5262,0.6108,0.2262,0.2816,0.963,ANTLERLESS,ADULT,visible,ok,False,1,stop,
3383,SSWI000000009390342C.jpg,2018,6,0.3256,0.5058,0.5249,0.4925,0.966,ANTLERLESS,ADULT,visible,ok,False,1,stop,
3384,SSWI000000028294062B.jpg,2022,10,0.5362,0.5708,0.1337,0.1408,0.95,ANTLERLESS,ADULT,visible,ok,False,1,stop,
3385,SSWI000000027877007C.jpg,2022,9,0.0,0.5008,0.2393,0.305,0.966,ANTLERLESS,ADULT,not_visible,ok,False,1,stop,
3386,SSWI000000033256962A.jpg,2023,9,0.2643,0.5383,0.1962,0.46,0.968,ANTLERLESS,ADULT,visible,ok,False,1,stop,
3387,SSWI000000011988446A.jpg,2019,1,0.6856,0.3658,0.3143,0.3183,0.965,ANTLERLESS,ADULT,visible,ok,False,1,stop,
3388,SSWI000000019604837C.jpg,2020,2,0.4768,0.6808,0.1918,0.2624,0.975,ANTLERLESS,ADULT,visible,ok,False,1,stop,
3389,SSWI000000025353982C.jpg,2022,1,0.2393,0.3983,0.2931,0.4275,0.983,ANTLERLESS,ADULT,visible,ok,False,1,stop,
3390,SSWI000000016752349B.jpg,2020,1,0.1418,0.4775,0.1081,0.3799,0.969,ANTLERLESS,ADULT,visible,ok,False,1,stop,
3391,SSWI000000025867105B.jpg,2022,4,0.2437,0.4908,0.4056,0.3441,0.975,ANTLERLESS,ADULT,visible,ok,False,1,stop,
3392,SSWI000000016190789A.jpg,2019,10,0.0,0.4216,0.3587,0.5749,0.98,ANTLERLESS,ADULT,visible,ok,False,1,stop,
3393,SSWI000000018080401B.jpg,2020,6,0.2506,0.1808,0.5418,0.4174,0.952,ANTLERLESS,ADULT,visible,ok,False,1,stop,
3394,SSWI000000028135683C.jpg,2022,10,0.2456,0.3058,0.4737,0.6899,0.979,ANTLERLESS,ADULT,visible,ok,False,1,stop,
3395,SSWI000000027733200A.jpg,2022,5,0.35,0.2416,0.3125,0.4025,0.976,ANTLERLESS,ADULT,visible,ok,False,1,stop,
3396,SSWI000000029353653B.jpg,2022,10,0.8912,0.7424,0.1087,0.2541,0.961,ANTLERLESS,ADULT,visible,ok,False,1,stop,
3397,SSWI000000013631031B.jpg,2019,4,0.02124,0.5083,0.3449,0.2891,0.975,ANTLERLESS,ADULT,visible,ok,False,1,stop,
3398,SSWI000000010376320B.jpg,2018,9,0.5493,0.3341,0.1818,0.1541,0.958,ANTLERLESS,ADULT,not_visible,ok,False,1,stop,
3399,SSWI000000013447079A.jpg,2019,5,0.4549,0.2624,0.2831,0.3708,0.961,ANTLERLESS,ADULT,visible,ok,False,1,stop,
3400,SSWI000000017045134C.jpg,2020,3,0.5275,0.4733,0.1081,0.4283,0.971,ANTLERLESS,ADULT,visible,ok,False,1,stop,
3401,SSWI000000025739253B.jpg,2022,3,0.000625,0.525,0.6318,0.4724,0.981,ANTLERLESS,ADULT,visible,ok,False,1,stop,
3402,SSWI000000021296054A.jpg,2021,3,0.8168,0.5741,0.1831,0.425,0.974,ANTLERLESS,ADULT,visible,ok,False,1,stop,
3403,SSWI000000024976597C.jpg,2022,1,0.1424,0.6491,0.2531,0.2908,0.971,ANTLERLESS,ADULT,visible,ok,False,1,stop,
3404,SSWI000000024746660B.jpg,2021,11,0.0,0.6058,0.2943,0.3916,0.971,ANTLERLESS,ADULT,visible,ok,False,1,stop,
3405,SSWI000000018253660A.jpg,2020,7,0.8012,0.5383,0.125,0.2783,0.961,ANTLERLESS,ADULT,visible,ok,False,1,stop,
3406,SSWI000000028927281C.jpg,2022,10,0.3993,0.5616,0.3268,0.2675,0.973,ANTLERLESS,ADULT,visible,ok,False,1,stop,
3407,SSWI000000015981026C.jpg,2019,12,0.3837,0.4291,0.1287,0.2841,0.965,ANTLERLESS,ADULT,visible,ok,False,1,stop,
3408,SSWI000000030962812A.jpg,2023,6,0.0,0.4724,0.1562,0.2333,0.95,ANTLERLESS,ADULT,visible,ok,False,1,stop,
3409,SSWI000000011220141B.jpg,2018,9,0.1824,0.5799,0.2587,0.4174,0.967,ANTLERLESS,ADULT,visible,ok,False,1,stop,
3410,SSWI000000029493954C.jpg,2022,12,0.2768,0.4716,0.2606,0.2949,0.98,ANTLERLESS,ADULT,visible,ok,False,1,stop,
3411,SSWI000000024692262A.jpg,2021,6,0.5006,0.3858,0.4993,0.6108,0.981,ANTLERLESS,ADULT,visible,ok,False,1,stop,
3412,SSWI000000021320183A.jpg,2021,1,0.1474,0.3708,0.215,0.4433,0.968,ANTLERLESS,ADULT,not_visible,ok,False,1,stop,
3413,SSWI000000020300430C.jpg,2020,1,0.03937,0.2616,0.6543,0.735,0.985,ANTLERLESS,ADULT,visible,ok,False,1,stop,
3414,SSWI000000011064820C.jpg,2018,10,0.1712,0.3125,0.7162,0.6858,0.979,ANTLERLESS,ADULT,visible,ok,False,1,stop,
3415,SSWI000000013798386C.jpg,2019,7,0.6056,0.3399,0.3943,0.4933,0.962,ANTLERLESS,ADULT,visible,ok,False,1,stop,
3416,SSWI000000020364754B.jpg,2019,12,0.5318,0.6616,0.4406,0.3358,0.974,ANTLERLESS,ADULT,not_visible,ok,False,1,stop,
3417,SSWI000000028421748C.jpg,2022,9,0.0,0.525,0.4237,0.4724,0.98,ANTLERLESS,ADULT,not_visible,ok,False,1,stop,
3418,SSWI000000016525645A.jpg,2020,3,0.0,0.6366,0.1987,0.2125,0.971,ANTLERLESS,ADULT,visible,ok,False,1,stop,
3419,SSWI000000025429671A.jpg,2022,4,0.1474,0.7025,0.2831,0.2941,0.969,ANTLERLESS,ADULT,visible,ok,False,1,stop,
3420,SSWI000000011340492C.jpg,2018,9,0.3918,0.5483,0.4368,0.4491,0.97,ANTLERLESS,ADULT,not_visible,ok,False,1,stop,
3421,SSWI000000029705744B.jpg,2022,12,0.4493,0.5991,0.2637,0.1891,0.959,ANTLERLESS,ADULT,visible,ok,False,1,stop,
3422,SSWI000000015539694A.jpg,2019,7,0.8099,0.5491,0.1899,0.4474,0.974,ANTLERLESS,ADULT,not_visible,ok,False,1,stop,
3423,SSWI000000014015951C.jpg,2019,4,0.5874,0.3991,0.4025,0.3708,0.961,ANTLERLESS,ADULT,visible,ok,False,1,stop,
3424,SSWI000000010545117C.jpg,2018,9,0.5631,0.7708,0.2524,0.2266,0.963,ANTLERLESS,ADULT,visible,ok,False,1,stop,
3425,SSWI000000015303252C.jpg,2019,9,0.6293,0.7524,0.3706,0.2466,0.966,ANTLERLESS,ADULT,visible,ok,False,1,stop,
3426,SSWI000000016235698C.jpg,2019,6,0.3187,0.5633,0.1787,0.3224,0.967,ANTLERLESS,ADULT,visible,ok,False,1,stop,
3427,SSWI000000013631241B.jpg,2019,4,0.0,0.4366,0.4718,0.4658,0.953,ANTLERLESS,ADULT,visible,ok,False,1,stop,
3428,SSWI000000029017821A.jpg,2022,11,0.4075,0.4766,0.1437,0.1525,0.96,ANTLERLESS,ADULT,visible,ok,False,1,stop,
3429,SSWI000000013189027B.jpg,2019,5,0.3274,0.5316,0.5356,0.4683,0.964,ANTLERLESS,ADULT,visible,ok,False,1,stop,
3430,SSWI000000012472699A.jpg,2019,1,0.5262,0.5874,0.4737,0.4091,0.983,ANTLERLESS,ADULT,visible,ok,False,1,stop,
3431,SSWI000000017965101A.jpg,2020,2,0.2449,0.3949,0.2468,0.2316,0.977,ANTLERLESS,ADULT,visible,ok,False,1,stop,
3432,SSWI000000033497103C.jpg,2023,11,0.001249,0.1791,0.5056,0.8174,0.982,ANTLERLESS,ADULT,visible,ok,False,1,stop,
3433,SSWI000000018603464B.jpg,2020,8,0.0,0.5108,0.3206,0.4883,0.963,ANTLERLESS,ADULT,visible,ok,False,1,stop,
3434,SSWI000000017720313B.jpg,2020,5,0.0,0.3416,0.8043,0.6549,0.966,ANTLERLESS,ADULT,visible,ok,False,1,stop,
3435,SSWI000000009234327B.jpg,2018,6,0.835,0.6566,0.165,0.3408,0.972,ANTLERLESS,ADULT,visible,ok,False,1,stop,
3436,SSWI000000025255441C.jpg,2021,12,0.1512,0.4616,0.4543,0.4908,0.981,ANTLERLESS,ADULT,visible,ok,False,1,stop,
3437,SSWI000000030363015C.jpg,2023,4,0.1956,0.5724,0.2018,0.1449,0.97,ANTLERLESS,ADULT,visible,ok,False,1,stop,
3438,SSWI000000016050404A.jpg,2019,11,0.1487,0.5375,0.3774,0.4608,0.984,ANTLERLESS,ADULT,visible,ok,False,1,stop,
3439,SSWI000000016241414A.jpg,2019,12,0.004374,0.4033,0.2687,0.245,0.974,ANTLERLESS,ADULT,visible,ok,False,1,stop,
3440,SSWI000000010441966B.jpg,2018,7,0.08312,0.4658,0.075,0.2433,0.952,ANTLERLESS,ADULT,visible,ok,False,1,stop,
3441,SSWI000000018263962C.jpg,2020,4,0.0,0.6258,0.3406,0.3025,0.955,ANTLERLESS,ADULT,visible,ok,False,1,stop,
3442,SSWI000000015540840A.jpg,2019,10,0.1375,0.5358,0.4831,0.4608,0.954,ANTLERLESS,ADULT,visible,ok,False,1,stop,
3443,SSWI000000009538251A.jpg,2018,2,0.03875,0.3683,0.1525,0.1883,0.96,ANTLERLESS,ADULT,visible,ok,False,1,stop,
3444,SSWI000000021404426A.jpg,2021,4,0.0006249,0.5899,0.2899,0.2066,0.961,ANTLERLESS,ADULT,visible,ok,False,1,stop,
3445,SSWI000000017501394B.jpg,2020,4,0.6918,0.4608,0.1856,0.5099,0.972,ANTLERLESS,ADULT,visible,ok,False,1,stop,
3446,SSWI000000032507496C.jpg,2023,8,0.6687,0.4183,0.3262,0.33,0.953,ANTLERLESS,ADULT,visible,ok,False,1,stop,
3447,SSWI000000010858251C.jpg,2018,10,0.3656,0.4816,0.3331,0.3291,0.978,ANTLERLESS,ADULT,visible,ok,False,1,stop,
3448,SSWI000000013137285C.jpg,2019,4,0.6293,0.325,0.1749,0.6291,0.974,ANTLERLESS,ADULT,visible,ok,False,1,stop,
3449,SSWI000000018592329A.jpg,2020,6,0.04437,0.3808,0.2487,0.3966,0.975,ANTLERLESS,ADULT,visible,ok,False,1,stop,
3450,SSWI000000014328089C.jpg,2019,4,0.5318,0.5483,0.1993,0.2591,0.967,ANTLERLESS,ADULT,visible,ok,False,1,stop,
3451,SSWI000000021005781B.jpg,2021,1,0.7049,0.5091,0.1137,0.2133,0.971,ANTLERLESS,ADULT,visible,ok,False,1,stop,
3452,SSWI000000031702429C.jpg,2023,8,0.4087,0.6641,0.2549,0.2633,0.951,ANTLERLESS,ADULT,visible,ok,False,1,stop,
3453,SSWI000000026779875B.jpg,2022,5,0.4112,0.4916,0.1368,0.1966,0.967,ANTLERLESS,ADULT,visible,ok,False,1,stop,
3454,SSWI000000011988898B.jpg,2019,3,0.2725,0.4083,0.1199,0.2558,0.972,ANTLERLESS,ADULT,visible,ok,False,1,stop,
3455,SSWI000000010734365C.jpg,2018,10,0.04375,0.5599,0.3562,0.4399,0.961,ANTLERLESS,ADULT,visible,ok,False,1,stop,
3456,SSWI000000026156234C.jpg,2021,12,0.4331,0.5233,0.3068,0.3366,0.972,ANTLERLESS,ADULT,visible,ok,False,1,stop,
3457,SSWI000000020572970B.jpg,2020,10,0.3018,0.5624,0.2887,0.435,0.982,ANTLERLESS,ADULT,visible,ok,False,1,stop,
3458,SSWI000000021373872C.jpg,2021,3,0.5174,0.51,0.2356,0.4875,0.97,ANTLERLESS,ADULT,visible,ok,False,1,stop,
3459,SSWI000000012456902A.jpg,2019,4,0.7237,0.5658,0.2562,0.4074,0.974,ANTLERLESS,ADULT,visible,ok,False,1,stop,
3460,SSWI000000011200687C.jpg,2018,9,0.8162,0.6341,0.1837,0.3658,0.96,ANTLERLESS,ADULT,visible,ok,False,1,stop,
3461,SSWI000000027586847C.jpg,2022,4,0.2331,0.6758,0.4043,0.3125,0.982,ANTLERLESS,ADULT,visible,ok,False,1,stop,
3462,SSWI000000021295220C.jpg,2020,12,0.0,0.4624,0.6368,0.5341,0.959,ANTLERLESS,ADULT,visible,ok,False,1,stop,
3463,SSWI000000012448900B.jpg,2018,12,0.3862,0.3891,0.3549,0.4499,0.973,ANTLERLESS,ADULT,visible,ok,False,1,stop,
3464,SSWI000000018561364B.jpg,2020,5,0.015,0.5583,0.3362,0.3408,0.966,ANTLERLESS,ADULT,visible,ok,False,1,stop,
3465,SSWI000000013309522B.jpg,2019,5,0.2843,0.5616,0.7131,0.4375,0.973,ANTLERLESS,ADULT,not_visible,ok,False,1,stop,
3466,SSWI000000020365338B.jpg,2020,1,0.0,0.5566,0.1731,0.3216,0.969,ANTLERLESS,ADULT,visible,ok,False,1,stop,
3467,SSWI000000024327957A.jpg,2021,11,0.2968,0.2883,0.2987,0.3016,0.966,ANTLERLESS,ADULT,visible,ok,False,1,stop,
3468,SSWI000000026223201B.jpg,2022,5,0.3175,0.5116,0.2824,0.3033,0.968,ANTLERLESS,ADULT,visible,ok,False,1,stop,
3469,SSWI000000008661891C.jpg,2018,2,0.5224,0.255,0.2868,0.5633,0.977,ANTLERLESS,ADULT,visible,ok,False,1,stop,
3470,SSWI000000019359449B.jpg,2020,5,0.3418,0.4399,0.5881,0.545,0.975,ANTLERLESS,ADULT,visible,ok,False,1,stop,
3471,SSWI000000020491744C.jpg,2020,12,0.1918,0.5749,0.2399,0.3108,0.965,ANTLERLESS,ADULT,visible,ok,False,1,stop,
3472,SSWI000000033324736C.jpg,2023,11,0.4206,0.3133,0.3656,0.3474,0.966,ANTLERLESS,ADULT,visible,ok,False,1,stop,
3473,SSWI000000024690074C.jpg,2021,12,0.1781,0.6608,0.2074,0.3366,0.974,ANTLERLESS,ADULT,not_visible,ok,False,1,stop,
3474,SSWI000000016379665A.jpg,2019,12,0.0,0.7025,0.3281,0.2941,0.972,ANTLERLESS,ADULT,visible,ok,False,1,stop,
3475,SSWI000000030533760A.jpg,2023,5,0.3799,0.3591,0.1687,0.2291,0.96,ANTLERLESS,ADULT,visible,ok,False,1,stop,
3476,SSWI000000021345074B.jpg,2021,2,0.07062,0.3725,0.135,0.2641,0.967,ANTLERLESS,ADULT,visible,ok,False,1,stop,
3477,SSWI000000009330148B.jpg,2018,5,0.2899,0.4633,0.4499,0.5325,0.984,ANTLERLESS,ADULT,visible,ok,False,1,stop,
3478,SSWI000000017193108A.jpg,2020,3,0.0,0.2624,0.2618,0.495,0.97,ANTLERLESS,ADULT,not_visible,ok,False,1,stop,
3479,SSWI000000021474278B.jpg,2021,2,0.5343,0.5741,0.3431,0.2616,0.978,ANTLERLESS,ADULT,visible,ok,False,1,stop,
3480,SSWI000000022339242B.jpg,2021,5,0.2518,0.4058,0.6537,0.5908,0.981,ANTLERLESS,ADULT,visible,ok,False,1,stop,
3481,SSWI000000021344980B.jpg,2021,1,0.0,0.2475,0.675,0.7141,0.974,ANTLERLESS,ADULT,visible,ok,False,1,stop,
3482,SSWI000000029017787C.jpg,2022,11,0.07625,0.5966,0.4418,0.4008,0.982,ANTLERLESS,ADULT,visible,ok,False,1,stop,
3483,SSWI000000014713651A.jpg,2019,8,0.4037,0.6566,0.3149,0.3183,0.961,ANTLERLESS,ADULT,visible,ok,False,1,stop,
3484,SSWI000000018998459A.jpg,2020,3,0.7506,0.6766,0.2493,0.3224,0.969,ANTLERLESS,ADULT,visible,ok,False,1,stop,
3485,SSWI000000020300187C.jpg,2019,9,0.0,0.28,0.2156,0.6883,0.963,ANTLERLESS,ADULT,visible,ok,False,1,stop,
3486,SSWI000000023321546C.jpg,2021,7,0.3587,0.4583,0.2887,0.2224,0.952,ANTLERLESS,ADULT,visible,ok,False,1,stop,
3487,SSWI000000009575855A.jpg,2018,6,0.0,0.6924,0.1637,0.3058,0.963,ANTLERLESS,ADULT,visible,ok,False,1,stop,
3488,SSWI000000021427502C.jpg,2021,1,0.6881,0.3016,0.3118,0.3141,0.972,ANTLERLESS,ADULT,visible,ok,False,1,stop,
3489,SSWI000000030187371B.jpg,2023,3,0.0,0.15,0.335,0.7124,0.965,ANTLERLESS,ADULT,visible,ok,False,1,stop,
3490,SSWI000000015442683C.jpg,2019,10,0.0575,0.6266,0.6862,0.3708,0.952,ANTLERLESS,ADULT,not_visible,ok,False,1,stop,
3491,SSWI000000018592006A.jpg,2020,5,0.735,0.5108,0.2649,0.435,0.955,ANTLERLESS,ADULT,visible,ok,False,1,stop,
3492,SSWI000000015012971A.jpg,2019,9,0.0,0.3408,0.5199,0.6583,0.977,ANTLERLESS,ADULT,visible,ok,False,1,stop,
3493,SSWI000000015863157C.jpg,2019,10,0.5375,0.3449,0.2187,0.4933,0.975,ANTLERLESS,ADULT,visible,ok,False,1,stop,
3494,SSWI000000029354426A.jpg,2022,10,0.4331,0.7566,0.2487,0.2408,0.968,ANTLERLESS,ADULT,visible,ok,False,1,stop,
3495,SSWI000000016789381A.jpg,2020,3,0.0,0.009166,1.0,0.9883,0.979,ANTLERLESS,ADULT,visible,ok,False,1,stop,
3496,SSWI000000033256388A.jpg,2023,10,0.02249,0.5141,0.2893,0.2158,0.969,ANTLERLESS,ADULT,visible,ok,False,1,stop,
3497,SSWI000000012391995C.jpg,2018,11,0.5062,0.5458,0.1087,0.2858,0.953,ANTLERLESS,ADULT,visible,ok,False,1,stop,
3498,SSWI000000014215840C.jpg,2019,5,0.4068,0.3916,0.3356,0.6058,0.978,ANTLERLESS,ADULT,visible,ok,False,1,stop,
3499,SSWI000000021705581B.jpg,2021,4,0.585,0.6625,0.2012,0.1516,0.956,ANTLERLESS,ADULT,visible,ok,False,1,stop,
3500,SSWI000000010877647C.jpg,2018,10,0.375,0.3791,0.625,0.6175,0.98,ANTLERLESS,ADULT,visible,ok,False,1,stop,
3501,SSWI000000024102120B.jpg,2021,8,0.5475,0.4716,0.3137,0.3691,0.973,ANTLERLESS,ADULT,visible,ok,False,1,stop,
3502,SSWI000000024690287C.jpg,2021,5,0.4112,0.6158,0.5887,0.3824,0.955,ANTLERLESS,ADULT,visible,ok,False,1,stop,
3503,SSWI000000015829038A.jpg,2019,8,0.00375,0.3724,0.4331,0.6258,0.977,ANTLERLESS,ADULT,visible,ok,False,1,stop,
3504,SSWI000000013631318A.jpg,2019,5,0.1756,0.4633,0.1187,0.305,0.953,ANTLERLESS,ADULT,visible,ok,False,1,stop,
3505,SSWI000000025471628C.jpg,2022,3,0.0,0.415,0.275,0.4375,0.967,ANTLERLESS,ADULT,visible,ok,False,1,stop,
3506,SSWI000000008139326A.jpg,2018,1,0.5281,0.4925,0.1668,0.2599,0.953,ANTLERLESS,ADULT,visible,ok,False,1,stop,
3507,SSWI000000013835635B.jpg,2019,6,0.3231,0.4541,0.2099,0.1525,0.96,ANTLERLESS,ADULT,visible,ok,False,1,stop,
3508,SSWI000000026641086B.jpg,2022,5,0.5862,0.2216,0.4137,0.5041,0.954,ANTLERLESS,ADULT,visible,ok,False,1,stop,
3509,SSWI000000021296313A.jpg,2020,12,0.3218,0.6516,0.4587,0.3483,0.966,ANTLERLESS,ADULT,visible,ok,False,1,stop,
3510,SSWI000000018080368B.jpg,2020,6,0.4112,0.2791,0.4287,0.3,0.961,ANTLERLESS,ADULT,visible,ok,False,1,stop,
3511,SSWI000000030019968B.jpg,2023,3,0.395,0.4625,0.4562,0.3658,0.968,ANTLERLESS,ADULT,visible,ok,False,1,stop,
3512,SSWI000000033396992B.jpg,2023,11,0.4999,0.4191,0.165,0.3191,0.957,ANTLERLESS,ADULT,visible,ok,False,1,stop,
3513,SSWI000000033252218A.jpg,2023,10,0.1768,0.3533,0.5331,0.6374,0.965,ANTLERLESS,ADULT,visible,ok,False,1,stop,
3514,SSWI000000034398567B.jpg,2023,12,0.1293,0.3799,0.1606,0.2883,0.962,ANTLERLESS,ADULT,visible,ok,False,1,stop,
3515,SSWI000000033413465C.jpg,2023,11,0.5818,0.6441,0.4181,0.3533,0.981,ANTLERLESS,ADULT,visible,ok,False,1,stop,
3516,SSWI000000013309522A.jpg,2019,5,0.7268,0.53,0.2731,0.4675,0.953,ANTLERLESS,ADULT,not_visible,ok,False,1,stop,
3517,SSWI000000021404211B.jpg,2021,4,0.6274,0.5808,0.3474,0.2691,0.967,ANTLERLESS,ADULT,visible,ok,False,1,stop,
3518,SSWI000000019188587B.jpg,2020,8,0.0,0.4808,0.4012,0.5183,0.976,ANTLERLESS,ADULT,visible,ok,False,1,stop,
3519,SSWI000000016592663A.jpg,2020,2,0.0,0.5524,0.4431,0.3841,0.963,ANTLERLESS,ADULT,visible,ok,False,1,stop,
3520,SSWI000000009744111C.jpg,2018,7,0.4599,0.3358,0.2518,0.2566,0.965,ANTLERLESS,ADULT,visible,ok,False,1,stop,
3521,SSWI000000014051725B.jpg,2019,6,0.1999,0.6108,0.1899,0.2858,0.952,ANTLERLESS,ADULT,visible,ok,False,1,stop,
3522,SSWI000000012544299A.jpg,2019,4,0.4218,0.4833,0.1462,0.3558,0.951,ANTLERLESS,ADULT,visible,ok,False,1,stop,
3523,SSWI000000026403458B.jpg,2022,5,0.2437,0.6191,0.7556,0.3791,0.972,ANTLERLESS,ADULT,visible,ok,False,1,stop,
3524,SSWI000000010442430B.jpg,2018,8,0.1693,0.4508,0.4868,0.4408,0.981,ANTLERLESS,ADULT,visible,ok,False,1,stop,
3525,SSWI000000013818785C.jpg,2019,4,0.5212,0.5349,0.1962,0.1724,0.956,ANTLERLESS,ADULT,visible,ok,False,1,stop,
3526,SSWI000000027823737A.jpg,2022,7,0.0,0.3591,0.2387,0.3408,0.957,ANTLERLESS,ADULT,visible,ok,False,1,stop,
3527,SSWI000000020924265A.jpg,2020,12,0.8118,0.3558,0.1881,0.3274,0.968,ANTLERLESS,ADULT,visible,ok,False,1,stop,
3528,SSWI000000011180235B.jpg,2018,10,0.4262,0.3399,0.4675,0.61,0.966,ANTLERLESS,ADULT,visible,ok,False,1,stop,
3529,SSWI000000021829008C.jpg,2021,3,0.5068,0.2016,0.3412,0.5649,0.971,ANTLERLESS,ADULT,visible,ok,False,1,stop,
3530,SSWI000000016771555B.jpg,2020,2,0.4731,0.4266,0.2662,0.3466,0.967,ANTLERLESS,ADULT,visible,ok,False,1,stop,
3531,SSWI000000018403119A.jpg,2020,8,0.0,0.4925,0.08874,0.3274,0.953,ANTLERLESS,ADULT,visible,ok,False,1,stop,
3532,SSWI000000017770805B.jpg,2020,4,0.3174,0.5133,0.4106,0.485,0.978,ANTLERLESS,ADULT,visible,ok,False,1,stop,
3533,SSWI000000030789546B.jpg,2022,10,0.2093,0.5841,0.6093,0.4124,0.977,ANTLERLESS,ADULT,visible,ok,False,1,stop,
3534,SSWI000000020153164C.jpg,2020,11,0.3912,0.3849,0.2506,0.3075,0.971,ANTLERLESS,ADULT,visible,ok,False,1,stop,
3535,SSWI000000026779945A.jpg,2022,5,0.3312,0.4824,0.2599,0.2275,0.956,ANTLERLESS,ADULT,not_visible,ok,False,1,stop,
3536,SSWI000000023355256C.jpg,2021,9,0.000625,0.3941,0.8712,0.6025,0.967,ANTLERLESS,ADULT,visible,ok,False,1,stop,
3537,SSWI000000020924306A.jpg,2020,12,0.6043,0.2525,0.2649,0.7458,0.982,ANTLERLESS,ADULT,not_visible,ok,False,1,stop,
3538,SSWI000000025406058C.jpg,2022,3,0.003124,0.5658,0.2931,0.4316,0.972,ANTLERLESS,ADULT,visible,ok,False,1,stop,
3539,SSWI000000019625916A.jpg,2020,4,0.415,0.5691,0.2343,0.3774,0.978,ANTLERLESS,ADULT,visible,ok,False,1,stop,
3540,SSWI000000009666752C.jpg,2018,6,0.0,0.5416,0.2631,0.4291,0.969,ANTLERLESS,ADULT,visible,ok,False,1,stop,
3541,SSWI000000020366043C.jpg,2020,4,0.7968,0.6616,0.2031,0.3383,0.961,ANTLERLESS,ADULT,visible,ok,False,1,stop,
3542,SSWI000000009477472C.jpg,2018,7,0.6206,0.6766,0.1468,0.3233,0.952,ANTLERLESS,ADULT,visible,ok,False,1,stop,
3543,SSWI000000032821991C.jpg,2023,10,0.6212,0.5083,0.1793,0.4491,0.97,ANTLERLESS,ADULT,visible,ok,False,1,stop,
3544,SSWI000000017254592A.jpg,2020,5,0.7106,0.6283,0.2893,0.25,0.955,ANTLERLESS,ADULT,visible,ok,False,1,stop,
3545,SSWI000000014715551B.jpg,2019,7,0.3724,0.5341,0.4418,0.4566,0.972,ANTLERLESS,ADULT,visible,ok,False,1,stop,
3546,SSWI000000025255584A.jpg,2022,1,0.8418,0.2333,0.1581,0.3666,0.954,ANTLERLESS,ADULT,visible,ok,False,1,stop,
3547,SSWI000000025767523B.jpg,2021,12,0.4418,0.7608,0.3325,0.2374,0.972,ANTLERLESS,ADULT,visible,ok,False,1,stop,
3548,SSWI000000015803483C.jpg,2019,10,0.3187,0.5416,0.1856,0.215,0.951,ANTLERLESS,ADULT,visible,ok,False,1,stop,
3549,SSWI000000026301098A.jpg,2022,3,0.2631,0.1299,0.3712,0.4575,0.976,ANTLERLESS,ADULT,visible,ok,False,1,stop,
3550,SSWI000000012828174C.jpg,2019,1,0.2775,0.6758,0.2318,0.1966,0.979,ANTLERLESS,ADULT,visible,ok,False,1,stop,
3551,SSWI000000017964595A.jpg,2020,2,0.2862,0.4541,0.1774,0.1741,0.973,ANTLERLESS,ADULT,visible,ok,False,1,stop,
3552,SSWI000000024756490A.jpg,2021,12,0.2793,0.3449,0.2912,0.3149,0.95,ANTLERLESS,ADULT,visible,ok,False,1,stop,
3553,SSWI000000008334498B.jpg,2018,2,0.2618,0.1833,0.5968,0.4724,0.965,ANTLERLESS,ADULT,visible,ok,False,1,stop,
3554,SSWI000000015454000A.jpg,2019,10,0.4399,0.5241,0.1556,0.4241,0.952,ANTLERLESS,ADULT,visible,ok,False,1,stop,
3555,SSWI000000012472681C.jpg,2019,1,0.05625,0.6833,0.2637,0.3166,0.974,ANTLERLESS,ADULT,visible,ok,False,1,stop,
3556,SSWI000000021345266B.jpg,2020,12,0.4006,0.2616,0.3087,0.3474,0.978,ANTLERLESS,ADULT,visible,ok,False,1,stop,
3557,SSWI000000015709979A.jpg,2019,9,0.52,0.5833,0.3412,0.4141,0.983,ANTLERLESS,ADULT,visible,ok,False,1,stop,
3558,SSWI000000018741112B.jpg,2020,5,0.0,0.0,1.0,0.9958,0.964,ANTLERLESS,ADULT,visible,ok,False,1,stop,
3559,SSWI000000026155525A.jpg,2022,3,0.1587,0.4075,0.2468,0.1741,0.978,ANTLERLESS,ADULT,visible,ok,False,1,stop,
3560,SSWI000000031371550B.jpg,2023,6,0.2825,0.2625,0.2249,0.2725,0.969,ANTLERLESS,ADULT,visible,ok,False,1,stop,
3561,SSWI000000025562482C.jpg,2022,1,0.4412,0.2866,0.2049,0.3683,0.971,ANTLERLESS,ADULT,visible,ok,False,1,stop,
3562,SSWI000000031086914C.jpg,2023,5,0.5668,0.4641,0.2043,0.2041,0.96,ANTLERLESS,ADULT,visible,ok,False,1,stop,
3563,SSWI000000020094561A.jpg,2020,9,0.7062,0.3816,0.2937,0.3283,0.978,ANTLERLESS,ADULT,visible,ok,False,1,stop,
3564,SSWI000000008437418C.jpg,2018,1,0.7331,0.4266,0.2668,0.4699,0.977,ANTLERLESS,ADULT,visible,ok,False,1,stop,
3565,SSWI000000024756489A.jpg,2021,12,0.3343,0.3408,0.2312,0.3191,0.964,ANTLERLESS,ADULT,visible,ok,False,1,stop,
3566,SSWI000000027872426C.jpg,2022,7,0.3681,0.4924,0.2706,0.3824,0.96,ANTLERLESS,ADULT,visible,ok,False,1,stop,
3567,SSWI000000025404575C.jpg,2022,1,0.415,0.5691,0.3756,0.3333,0.971,ANTLERLESS,ADULT,visible,ok,False,1,stop,
3568,SSWI000000024506137C.jpg,2021,11,0.5943,0.535,0.2043,0.2241,0.952,ANTLERLESS,ADULT,visible,ok,False,1,stop,
3569,SSWI000000011525906C.jpg,2018,10,0.1487,0.4799,0.5143,0.5191,0.978,ANTLERLESS,ADULT,visible,ok,False,1,stop,
3570,SSWI000000020135166A.jpg,2020,11,0.0,0.5166,0.1943,0.3616,0.954,ANTLERLESS,ADULT,visible,ok,False,1,stop,
3571,SSWI000000011035351A.jpg,2018,9,0.0,0.4666,0.08375,0.2366,0.961,ANTLERLESS,ADULT,visible,ok,False,1,stop,
3572,SSWI000000012643070B.jpg,2018,10,0.0,0.55,0.8475,0.4491,0.962,ANTLERLESS,ADULT,visible,ok,False,1,stop,
3573,SSWI000000012580728C.jpg,2019,1,0.2331,0.6499,0.5356,0.3483,0.984,ANTLERLESS,ADULT,visible,ok,False,1,stop,
3574,SSWI000000015014765C.jpg,2019,9,0.2468,0.8341,0.2162,0.1658,0.962,ANTLERLESS,ADULT,visible,ok,False,1,stop,
3575,SSWI000000016082423B.jpg,2019,12,0.2031,0.2408,0.3631,0.4575,0.972,ANTLERLESS,ADULT,visible,ok,False,1,stop,
3576,SSWI000000012372609B.jpg,2019,3,0.5568,0.3291,0.3043,0.2783,0.966,ANTLERLESS,ADULT,visible,ok,False,1,stop,
3577,SSWI000000022291497B.jpg,2021,6,0.0,0.6683,0.1256,0.33,0.956,ANTLERLESS,ADULT,visible,ok,False,1,stop,
3578,SSWI000000014051339A.jpg,2019,6,0.0,0.2999,0.3606,0.4083,0.966,ANTLERLESS,ADULT,visible,ok,False,1,stop,
3579,SSWI000000021980587B.jpg,2021,5,0.1656,0.4683,0.3906,0.3358,0.971,ANTLERLESS,ADULT,visible,ok,False,1,stop,
3580,SSWI000000021005878C.jpg,2021,1,0.6668,0.4683,0.2818,0.5224,0.983,ANTLERLESS,ADULT,visible,ok,False,1,stop,
3581,SSWI000000013465690C.jpg,2019,5,0.6599,0.3241,0.2412,0.5174,0.969,ANTLERLESS,ADULT,visible,ok,False,1,stop,
3582,SSWI000000027304315C.jpg,2022,5,0.5975,0.8116,0.2918,0.1883,0.966,ANTLERLESS,ADULT,visible,ok,False,1,stop,
3583,SSWI000000021705902C.jpg,2021,3,0.3225,0.5566,0.3212,0.4416,0.969,ANTLERLESS,ADULT,visible,ok,False,1,stop,
3584,SSWI000000032988459C.jpg,2023,9,0.7831,0.5266,0.2031,0.3541,0.95,ANTLERLESS,ADULT,visible,ok,False,1,stop,
3585,SSWI000000009628873A.jpg,2018,7,0.2349,0.7333,0.2675,0.2441,0.958,ANTLERLESS,ADULT,visible,ok,False,1,stop,
3586,SSWI000000014758485C.jpg,2019,8,0.4237,0.5574,0.3375,0.3133,0.966,ANTLERLESS,ADULT,visible,ok,False,1,stop,
3587,SSWI000000017104313B.jpg,2020,4,0.08562,0.455,0.4581,0.3491,0.97,ANTLERLESS,ADULT,visible,ok,False,1,stop,
3588,SSWI000000024327933A.jpg,2021,11,0.5599,0.2991,0.3256,0.3216,0.972,ANTLERLESS,ADULT,visible,ok,False,1,stop,
3589,SSWI000000017501474B.jpg,2020,4,0.1837,0.6183,0.5193,0.3799,0.975,ANTLERLESS,ADULT,visible,ok,False,1,stop,
3590,SSWI000000009391467B.jpg,2018,3,0.3268,0.6283,0.1793,0.1416,0.966,ANTLERLESS,ADULT,visible,ok,False,1,stop,
3591,SSWI000000011093288A.jpg,2018,10,0.3687,0.2699,0.3425,0.3441,0.978,ANTLERLESS,ADULT,visible,ok,False,1,stop,
3592,SSWI000000015863478C.jpg,2019,11,0.02562,0.2033,0.9737,0.7941,0.954,ANTLERLESS,ADULT,visible,ok,False,1,stop,
3593,SSWI000000011392552A.jpg,2018,11,0.7762,0.5,0.115,0.3149,0.957,ANTLERLESS,ADULT,not_visible,ok,False,1,stop,
3594,SSWI000000030602342B.jpg,2023,5,0.1637,0.5991,0.1487,0.1916,0.961,ANTLERLESS,ADULT,visible,ok,False,1,stop,
3595,SSWI000000029353428C.jpg,2022,9,0.0,0.7708,0.3025,0.2266,0.977,ANTLERLESS,ADULT,visible,ok,False,1,stop,
3596,SSWI000000016737148B.jpg,2020,3,0.5649,0.29,0.3012,0.2866,0.973,ANTLERLESS,ADULT,visible,ok,False,1,stop,
3597,SSWI000000025735657C.jpg,2022,3,0.4562,0.6433,0.2568,0.2766,0.974,ANTLERLESS,ADULT,visible,ok,False,1,stop,
3598,SSWI000000033415087B.jpg,2023,11,0.2293,0.565,0.3168,0.3449,0.971,ANTLERLESS,ADULT,visible,ok,False,1,stop,
3599,SSWI000000023321572A.jpg,2021,7,0.2512,0.4558,0.2312,0.2258,0.957,ANTLERLESS,ADULT,visible,ok,False,1,stop,
3600,SSWI000000032460144A.jpg,2023,9,0.6206,0.45,0.3793,0.5483,0.983,ANTLERLESS,ADULT,visible,ok,False,1,stop,
3601,SSWI000000030737545A.jpg,2023,4,0.6868,0.5058,0.2706,0.2191,0.958,ANTLERLESS,ADULT,visible,ok,False,1,stop,
3602,SSWI000000010327423C.jpg,2018,5,0.3699,0.5291,0.2431,0.3508,0.972,ANTLERLESS,ADULT,visible,ok,False,1,stop,
3603,SSWI000000010476589A.jpg,2018,8,0.0,0.3524,0.34,0.6474,0.982,ANTLERLESS,ADULT,visible,ok,False,1,stop,
3604,SSWI000000015830842B.jpg,2019,11,0.1787,0.435,0.3612,0.3841,0.967,ANTLERLESS,ADULT,visible,ok,False,1,stop,
3605,SSWI000000015698000A.jpg,2019,9,0.0,0.6499,0.4387,0.3466,0.98,ANTLERLESS,ADULT,visible,ok,False,1,stop,
3606,SSWI000000025488741C.jpg,2021,12,0.03937,0.6608,0.31,0.3366,0.978,ANTLERLESS,ADULT,visible,ok,False,1,stop,
3607,SSWI000000012476319A.jpg,2019,5,0.0,0.3616,0.2706,0.3883,0.968,ANTLERLESS,ADULT,visible,ok,False,1,stop,
3608,SSWI000000025659486C.jpg,2021,11,0.2631,0.5408,0.2824,0.3,0.962,ANTLERLESS,ADULT,visible,ok,False,1,stop,
3609,SSWI000000017042626A.jpg,2020,3,0.3243,0.4141,0.5443,0.5191,0.973,ANTLERLESS,ADULT,visible,ok,False,1,stop,
3610,SSWI000000020572969A.jpg,2020,10,0.3081,0.5849,0.5456,0.4124,0.982,ANTLERLESS,ADULT,visible,ok,False,1,stop,
3611,SSWI000000011212851B.jpg,2018,11,0.2087,0.1691,0.4437,0.4366,0.979,ANTLERLESS,ADULT,visible,ok,False,1,stop,
3612,SSWI000000014196200B.jpg,2019,5,0.0,0.6316,0.3375,0.3658,0.976,ANTLERLESS,ADULT,visible,ok,False,1,stop,
3613,SSWI000000029352976A.jpg,2022,9,0.6337,0.7858,0.185,0.2133,0.966,ANTLERLESS,ADULT,visible,ok,False,1,stop,
3614,SSWI000000027823873C.jpg,2022,8,0.2506,0.3641,0.5525,0.5033,0.97,ANTLERLESS,ADULT,visible,ok,False,1,stop,
3615,SSWI000000031071102B.jpg,2023,6,0.09249,0.6724,0.8343,0.3249,0.97,ANTLERLESS,ADULT,visible,ok,False,1,stop,
3616,SSWI000000012841105C.jpg,2019,3,0.5506,0.5841,0.1268,0.1816,0.957,ANTLERLESS,ADULT,not_visible,ok,False,1,stop,
3617,SSWI000000010445157C.jpg,2018,7,0.2856,0.7708,0.3668,0.2283,0.971,ANTLERLESS,ADULT,visible,ok,False,1,stop,
3618,SSWI000000017971940A.jpg,2020,5,0.6512,0.4583,0.1331,0.2891,0.956,ANTLERLESS,ADULT,visible,ok,False,1,stop,
3619,SSWI000000019130412B.jpg,2020,6,0.2156,0.4675,0.7837,0.5291,0.969,ANTLERLESS,ADULT,visible,ok,False,1,stop,
3620,SSWI000000009533150B.jpg,2018,7,0.7981,0.4949,0.1487,0.2683,0.957,ANTLERLESS,ADULT,visible,ok,False,1,stop,
3621,SSWI000000009231367C.jpg,2018,5,0.0,0.2925,0.3062,0.4058,0.955,ANTLERLESS,ADULT,visible,ok,False,1,stop,
3622,SSWI000000020078249C.jpg,2019,9,0.6112,0.6225,0.2718,0.375,0.959,ANTLERLESS,ADULT,visible,ok,False,1,stop,
3623,SSWI000000011093402B.jpg,2018,10,0.1181,0.3791,0.2743,0.2341,0.958,ANTLERLESS,ADULT,visible,ok,False,1,stop,
3624,SSWI000000013819234C.jpg,2019,7,0.465,0.4775,0.2731,0.2966,0.961,ANTLERLESS,ADULT,visible,ok,False,1,stop,
3625,SSWI000000015424078B.jpg,2019,10,0.6556,0.5483,0.3256,0.2933,0.953,ANTLERLESS,ADULT,visible,ok,False,1,stop,
3626,SSWI000000014355573C.jpg,2019,8,0.06249,0.5974,0.23,0.2775,0.95,ANTLERLESS,ADULT,visible,ok,False,1,stop,
3627,SSWI000000008624963C.jpg,2018,3,0.1875,0.4841,0.4612,0.5149,0.979,ANTLERLESS,ADULT,visible,ok,False,1,stop,
3628,SSWI000000029353871C.jpg,2022,10,0.4893,0.7866,0.2081,0.2125,0.964,ANTLERLESS,ADULT,visible,ok,False,1,stop,
3629,SSWI000000031116244A.jpg,2023,4,0.1949,0.3983,0.4812,0.6016,0.974,ANTLERLESS,ADULT,visible,ok,False,1,stop,
3630,SSWI000000010733278C.jpg,2018,9,0.0,0.3716,0.2874,0.5191,0.955,ANTLERLESS,ADULT,not_visible,ok,False,1,stop,
3631,SSWI000000014769183A.jpg,2019,5,0.5306,0.3974,0.1762,0.4091,0.967,ANTLERLESS,ADULT,visible,ok,False,1,stop,
3632,SSWI000000031558834C.jpg,2023,6,0.3187,0.5924,0.4818,0.4041,0.975,ANTLERLESS,ADULT,visible,ok,False,1,stop,
3633,SSWI000000011070471B.jpg,2018,6,0.3187,0.3749,0.4,0.6241,0.978,ANTLERLESS,ADULT,visible,ok,False,1,stop,
3634,SSWI000000010543483C.jpg,2018,9,0.5656,0.4624,0.1362,0.3816,0.958,ANTLERLESS,ADULT,not_visible,ok,False,1,stop,
3635,SSWI000000011526325B.jpg,2018,11,0.0,0.0008333,0.6949,0.8433,0.976,ANTLERLESS,ADULT,visible,ok,False,1,stop,
3636,SSWI000000008987894B.jpg,2018,1,0.1087,0.5208,0.1743,0.2291,0.972,ANTLERLESS,ADULT,visible,ok,False,1,stop,
3637,SSWI000000009875169A.jpg,2018,6,0.3487,0.7733,0.6512,0.2258,0.964,ANTLERLESS,ADULT,not_visible,ok,False,1,stop,
3638,SSWI000000031484612C.jpg,2023,7,0.2156,0.5899,0.2887,0.2066,0.961,ANTLERLESS,ADULT,visible,ok,False,1,stop,
3639,SSWI000000021642756B.jpg,2021,3,0.0,0.2891,0.5149,0.7083,0.969,ANTLERLESS,ADULT,not_visible,ok,False,1,stop,
3640,SSWI000000033395011C.jpg,2023,7,0.1368,0.5675,0.5318,0.43,0.984,ANTLERLESS,ADULT,visible,ok,False,1,stop,
3641,SSWI000000010442365A.jpg,2018,8,0.0,0.515,0.2231,0.2591,0.964,ANTLERLESS,ADULT,visible,ok,False,1,stop,
3642,SSWI000000009538834C.jpg,2018,4,0.1799,0.3983,0.3375,0.3866,0.962,ANTLERLESS,ADULT,visible,ok,False,1,stop,
3643,SSWI000000021005834B.jpg,2021,1,0.3025,0.4441,0.4112,0.3708,0.983,ANTLERLESS,ADULT,visible,ok,False,1,stop,
3644,SSWI000000012475292C.jpg,2019,5,0.2912,0.5575,0.1087,0.1199,0.961,ANTLERLESS,ADULT,visible,ok,False,1,stop,
3645,SSWI000000010647063B.jpg,2018,10,0.0,0.1633,0.5899,0.4658,0.967,ANTLERLESS,ADULT,visible,ok,False,1,stop,
3646,SSWI000000016704674C.jpg,2019,12,0.7087,0.4091,0.2912,0.5874,0.983,ANTLERLESS,ADULT,visible,ok,False,1,stop,
3647,SSWI000000024698899A.jpg,2021,11,0.0,0.2599,0.8643,0.7366,0.982,ANTLERLESS,ADULT,visible,ok,False,1,stop,
3648,SSWI000000025009314B.jpg,2021,11,0.4337,0.5858,0.2049,0.2808,0.959,ANTLERLESS,ADULT,visible,ok,False,1,stop,
3649,SSWI000000008958766C.jpg,2018,5,0.03125,0.09499,0.3293,0.5958,0.966,ANTLERLESS,ADULT,visible,ok,False,1,stop,
3650,SSWI000000033413131A.jpg,2023,8,0.5843,0.6608,0.1525,0.3375,0.959,ANTLERLESS,ADULT,visible,ok,False,1,stop,
3651,SSWI000000011183497C.jpg,2018,11,0.3887,0.2425,0.4818,0.7566,0.981,ANTLERLESS,ADULT,visible,ok,False,1,stop,
3652,SSWI000000016776875C.jpg,2020,3,0.2837,0.5125,0.3162,0.4841,0.98,ANTLERLESS,ADULT,visible,ok,False,1,stop,
3653,SSWI000000011392678B.jpg,2018,12,0.5331,0.4866,0.2718,0.3325,0.965,ANTLERLESS,ADULT,visible,ok,False,1,stop,
3654,SSWI000000029693240B.jpg,2023,1,0.3068,0.5616,0.3199,0.4358,0.979,ANTLERLESS,ADULT,visible,ok,False,1,stop,
3655,SSWI000000030286231C.jpg,2023,4,0.2475,0.2283,0.7518,0.7674,0.956,ANTLERLESS,ADULT,visible,ok,False,1,stop,
3656,SSWI000000025861502A.jpg,2022,5,0.2581,0.5699,0.1043,0.2241,0.963,ANTLERLESS,ADULT,visible,ok,False,1,stop,
3657,SSWI000000008485346A.jpg,2018,4,0.5362,0.3041,0.4149,0.6933,0.973,ANTLERLESS,ADULT,visible,ok,False,1,stop,
3658,SSWI000000012639996C.jpg,2019,3,0.0,0.3833,0.6906,0.6141,0.961,ANTLERLESS,ADULT,visible,ok,False,1,stop,
3659,SSWI000000010185324B.jpg,2018,8,0.7062,0.44,0.2462,0.3516,0.967,ANTLERLESS,ADULT,visible,ok,False,1,stop,
3660,SSWI000000016629139A.jpg,2019,12,0.3368,0.6383,0.2725,0.3591,0.975,ANTLERLESS,ADULT,visible,ok,False,1,stop,
3661,SSWI000000026155710C.jpg,2022,5,0.0,0.4641,0.1868,0.3266,0.972,ANTLERLESS,ADULT,visible,ok,False,1,stop,
3662,SSWI000000008035721C.jpg,2018,2,0.6406,0.585,0.3593,0.4149,0.976,ANTLERLESS,ADULT,visible,ok,False,1,stop,
3663,SSWI000000018836986A.jpg,2020,7,0.1162,0.3508,0.2937,0.2391,0.969,ANTLERLESS,ADULT,visible,ok,False,1,stop,
3664,SSWI000000016235638A.jpg,2019,5,0.0,0.4516,0.1968,0.5441,0.975,ANTLERLESS,ADULT,visible,ok,False,1,stop,
3665,SSWI000000028794995B.jpg,2022,2,0.6818,0.3233,0.3181,0.4841,0.969,ANTLERLESS,ADULT,visible,ok,False,1,stop,
3666,SSWI000000024756681B.jpg,2021,12,0.7112,0.3824,0.2887,0.3716,0.977,ANTLERLESS,ADULT,visible,ok,False,1,stop,
3667,SSWI000000017166047B.jpg,2020,5,0.6675,0.5083,0.2818,0.3508,0.969,ANTLERLESS,ADULT,visible,ok,False,1,stop,
3668,SSWI000000014713424B.jpg,2019,6,0.7575,0.66,0.2425,0.3058,0.963,ANTLERLESS,ADULT,visible,ok,False,1,stop,
3669,SSWI000000021295146B.jpg,2020,12,0.02312,0.4066,0.5218,0.5891,0.982,ANTLERLESS,ADULT,visible,ok,False,1,stop,
3670,SSWI000000029352643B.jpg,2022,9,0.545,0.7716,0.2231,0.2258,0.97,ANTLERLESS,ADULT,visible,ok,False,1,stop,
3671,SSWI000000031385460A.jpg,2023,5,0.7206,0.635,0.2793,0.3641,0.971,ANTLERLESS,ADULT,visible,ok,False,1,stop,
3672,SSWI000000011957034C.jpg,2019,1,0.7368,0.6216,0.2631,0.2275,0.97,ANTLERLESS,ADULT,visible,ok,False,1,stop,
3673,SSWI000000026507063C.jpg,2022,3,0.4581,0.4166,0.2349,0.2183,0.964,ANTLERLESS,ADULT,visible,ok,False,1,stop,
3674,SSWI000000024872921B.jpg,2021,11,0.02437,0.5816,0.2906,0.2658,0.956,ANTLERLESS,ADULT,visible,ok,False,1,stop,
3675,SSWI000000012052684C.jpg,2018,4,0.09437,0.78,0.2399,0.2175,0.962,ANTLERLESS,ADULT,visible,ok,False,1,stop,
3676,SSWI000000027699748A.jpg,2022,8,0.7537,0.2508,0.2462,0.4216,0.952,ANTLERLESS,ADULT,visible,ok,False,1,stop,
3677,SSWI000000017278035A.jpg,2020,5,0.5225,0.5849,0.1843,0.4124,0.971,ANTLERLESS,ADULT,visible,ok,False,1,stop,
3678,SSWI000000015453999B.jpg,2019,10,0.4562,0.5458,0.1287,0.3908,0.952,ANTLERLESS,ADULT,visible,ok,False,1,stop,
3679,SSWI000000011049809B.jpg,2018,11,0.0,0.4958,0.8006,0.5,0.968,ANTLERLESS,ADULT,visible,ok,False,1,stop,
3680,SSWI000000013559093A.jpg,2019,6,0.0,0.7216,0.1174,0.275,0.967,ANTLERLESS,ADULT,visible,ok,False,1,stop,
3681,SSWI000000016582020B.jpg,2020,3,0.1149,0.3958,0.4181,0.3499,0.952,ANTLERLESS,ADULT,visible,ok,False,1,stop,
3682,SSWI000000012185431A.jpg,2019,2,0.00875,0.4991,0.2812,0.2458,0.97,ANTLERLESS,ADULT,visible,ok,False,1,stop,
3683,SSWI000000032219305B.jpg,2023,3,0.1856,0.5458,0.14,0.09416,0.955,ANTLERLESS,ADULT,visible,ok,False,1,stop,
3684,SSWI000000013835276A.jpg,2019,5,0.6587,0.4308,0.3412,0.2933,0.959,ANTLERLESS,ADULT,visible,ok,False,1,stop,
3685,SSWI000000009875545A.jpg,2018,8,0.4506,0.6991,0.5493,0.2983,0.958,ANTLERLESS,ADULT,visible,ok,False,1,stop,
3686,SSWI000000028963119B.jpg,2022,11,0.0,0.2508,1.0,0.7458,0.97,ANTLERLESS,ADULT,visible,ok,False,1,stop,
3687,SSWI000000024505566B.jpg,2021,5,0.6962,0.4991,0.3037,0.5,0.983,ANTLERLESS,ADULT,visible,ok,False,1,stop,
3688,SSWI000000013818950A.jpg,2019,5,0.0,0.4783,0.2393,0.3158,0.954,ANTLERLESS,ADULT,visible,ok,False,1,stop,
3689,SSWI000000025404339C.jpg,2022,1,0.3275,0.36,0.4031,0.4191,0.981,ANTLERLESS,ADULT,visible,ok,False,1,stop,
3690,SSWI000000011951309A.jpg,2018,7,0.1124,0.7299,0.4074,0.2675,0.966,ANTLERLESS,ADULT,visible,ok,False,1,stop,
3691,SSWI000000013835603C.jpg,2019,5,0.4212,0.4666,0.2512,0.2624,0.955,ANTLERLESS,ADULT,visible,ok,False,1,stop,
3692,SSWI000000033415490A.jpg,2023,10,0.0,0.71,0.1424,0.2883,0.965,ANTLERLESS,ADULT,visible,ok,False,1,stop,
3693,SSWI000000015434963C.jpg,2019,10,0.3999,0.6449,0.6,0.3549,0.959,ANTLERLESS,ADULT,not_visible,ok,False,1,stop,
3694,SSWI000000032056292A.jpg,2023,5,0.8256,0.4433,0.1743,0.3,0.951,ANTLERLESS,ADULT,visible,ok,False,1,stop,
3695,SSWI000000025250220C.jpg,2022,3,0.2306,0.6441,0.3131,0.3533,0.973,ANTLERLESS,ADULT,visible,ok,False,1,stop,
3696,SSWI000000023787254C.jpg,2021,7,0.3499,0.3466,0.4706,0.3474,0.966,ANTLERLESS,ADULT,visible,ok,False,1,stop,
3697,SSWI000000025671457C.jpg,2021,11,0.1718,0.5658,0.3893,0.4341,0.981,ANTLERLESS,ADULT,visible,ok,False,1,stop,
3698,SSWI000000009456700B.jpg,2018,4,0.1881,0.5016,0.4243,0.2433,0.972,ANTLERLESS,ADULT,visible,ok,False,1,stop,
3699,SSWI000000025843738C.jpg,2022,3,0.83,0.5833,0.17,0.2425,0.954,ANTLERLESS,ADULT,not_visible,ok,False,1,stop,
3700,SSWI000000030716601B.jpg,2023,6,0.5818,0.5725,0.2893,0.2183,0.955,ANTLERLESS,ADULT,visible,ok,False,1,stop,
3701,SSWI000000013491322C.jpg,2019,5,0.3468,0.3866,0.2549,0.3858,0.96,ANTLERLESS,ADULT,visible,ok,False,1,stop,
3702,SSWI000000013318195A.jpg,2019,5,0.4937,0.4091,0.2943,0.2066,0.96,ANTLERLESS,ADULT,visible,ok,False,1,stop,
3703,SSWI000000030602317A.jpg,2023,5,0.4143,0.6374,0.1281,0.1383,0.963,ANTLERLESS,ADULT,visible,ok,False,1,stop,
3704,SSWI000000018741125A.jpg,2020,5,0.2337,0.4899,0.5187,0.5074,0.97,ANTLERLESS,ADULT,visible,ok,False,1,stop,
3705,SSWI000000009831321C.jpg,2018,6,0.4543,0.5325,0.1831,0.2666,0.958,ANTLERLESS,ADULT,visible,ok,False,1,stop,
3706,SSWI000000013631361C.jpg,2019,5,0.01624,0.4399,0.2781,0.4258,0.956,ANTLERLESS,ADULT,not_visible,ok,False,1,stop,
3707,SSWI000000020365376B.jpg,2020,1,0.3862,0.6049,0.07812,0.1608,0.952,ANTLERLESS,ADULT,visible,ok,False,1,stop,
3708,SSWI000000011587117A.jpg,2018,12,0.3681,0.3941,0.2099,0.2616,0.974,ANTLERLESS,ADULT,visible,ok,False,1,stop,
3709,SSWI000000015853132C.jpg,2019,11,0.0,0.5666,0.43,0.36,0.975,ANTLERLESS,ADULT,visible,ok,False,1,stop,
3710,SSWI000000029790772A.jpg,2023,2,0.01125,0.2725,0.4606,0.4824,0.975,ANTLERLESS,ADULT,visible,ok,False,1,stop,
3711,SSWI000000015015263B.jpg,2019,2,0.4799,0.2925,0.2574,0.5625,0.977,ANTLERLESS,ADULT,not_visible,ok,False,1,stop,
3712,SSWI000000010520213A.jpg,2018,1,0.4274,0.3891,0.2631,0.2841,0.975,ANTLERLESS,ADULT,visible,ok,False,1,stop,
3713,SSWI000000012828381A.jpg,2019,3,0.2637,0.7075,0.2468,0.2175,0.966,ANTLERLESS,ADULT,visible,ok,False,1,stop,
3714,SSWI000000011341239B.jpg,2018,12,0.4987,0.6666,0.4693,0.33,0.973,ANTLERLESS,ADULT,visible,ok,False,1,stop,
3715,SSWI000000016124857A.jpg,2019,12,0.4056,0.5833,0.08749,0.2808,0.957,ANTLERLESS,ADULT,visible,ok,False,1,stop,
3716,SSWI000000017934163C.jpg,2019,1,0.3812,0.4183,0.6187,0.4958,0.977,ANTLERLESS,ADULT,visible,ok,False,1,stop,
3717,SSWI000000008840389A.jpg,2018,3,0.4474,0.6816,0.5525,0.3183,0.978,ANTLERLESS,ADULT,visible,ok,False,1,stop,
3718,SSWI000000013818785A.jpg,2019,4,0.5262,0.5291,0.1924,0.1808,0.957,ANTLERLESS,ADULT,visible,ok,False,1,stop,
3719,SSWI000000034200488A.jpg,2023,12,0.0,0.5566,0.3493,0.4433,0.974,ANTLERLESS,ADULT,visible,ok,False,1,stop,
3720,SSWI000000029354294A.jpg,2022,10,0.7949,0.7591,0.2049,0.2391,0.959,ANTLERLESS,ADULT,visible,ok,False,1,stop,
3721,SSWI000000016063214B.jpg,2019,11,0.2312,0.4883,0.3356,0.3158,0.979,ANTLERLESS,ADULT,visible,ok,False,1,stop,
3722,SSWI000000021082355A.jpg,2021,1,0.7493,0.3416,0.2506,0.3516,0.95,ANTLERLESS,ADULT,visible,ok,False,1,stop,
3723,SSWI000000016082597B.jpg,2019,12,0.7556,0.1399,0.2443,0.8566,0.973,ANTLERLESS,ADULT,visible,ok,False,1,stop,
3724,SSWI000000020292616A.jpg,2019,8,0.0,0.6608,0.1562,0.3383,0.95,ANTLERLESS,ADULT,not_visible,ok,False,1,stop,
3725,SSWI000000011219412B.jpg,2018,10,0.73,0.3033,0.2537,0.4133,0.976,ANTLERLESS,ADULT,visible,ok,False,1,stop,
3726,SSWI000000023100162A.jpg,2021,8,0.4281,0.2833,0.3143,0.3033,0.958,ANTLERLESS,ADULT,visible,ok,False,1,stop,
3727,SSWI000000016776750A.jpg,2020,3,0.1643,0.4808,0.2468,0.3466,0.97,ANTLERLESS,ADULT,visible,ok,False,1,stop,
3728,SSWI000000033204061A.jpg,2023,11,0.4012,0.4991,0.5987,0.4975,0.975,ANTLERLESS,ADULT,visible,ok,False,1,stop,
3729,SSWI000000011526032C.jpg,2018,10,0.2393,0.4474,0.3781,0.5491,0.968,ANTLERLESS,ADULT,visible,ok,False,1,stop,
3730,SSWI000000020229739A.jpg,2020,10,0.3149,0.3933,0.6706,0.6058,0.979,ANTLERLESS,ADULT,visible,ok,False,1,stop,
3731,SSWI000000033512735C.jpg,2023,11,0.0,0.5941,0.3668,0.4033,0.984,ANTLERLESS,ADULT,visible,ok,False,1,stop,
3732,SSWI000000032458524B.jpg,2023,9,0.2574,0.3283,0.4268,0.6691,0.983,ANTLERLESS,ADULT,visible,ok,False,1,stop,
3733,SSWI000000010857584C.jpg,2018,5,0.0,0.5474,0.4931,0.4516,0.957,ANTLERLESS,ADULT,visible,ok,False,1,stop,
3734,SSWI000000010766017C.jpg,2018,10,0.7518,0.5566,0.2443,0.1958,0.955,ANTLERLESS,ADULT,visible,ok,False,1,stop,
3735,SSWI000000025470592A.jpg,2021,11,0.1137,0.6291,0.1712,0.1258,0.952,ANTLERLESS,ADULT,visible,ok,False,1,stop,
3736,SSWI000000025575326A.jpg,2022,1,0.7356,0.3916,0.1787,0.1416,0.972,ANTLERLESS,ADULT,,failed,True,0,,FileNotFoundError: Image not found: Q:\aanand37\Manuscript\Snapshot Wisconsin\data\Deer_clipped\SSWI000000025575326A.jpg
3737,SSWI000000010660864B.jpg,2018,9,0.3737,0.5766,0.1424,0.2966,0.952,ANTLERLESS,ADULT,visible,ok,False,1,stop,
3738,SSWI000000024957787A.jpg,2021,10,0.07312,0.3816,0.2881,0.5433,0.973,ANTLERLESS,ADULT,visible,ok,False,1,stop,
3739,SSWI000000024638054C.jpg,2021,11,0.3187,0.5108,0.2818,0.3499,0.976,ANTLERLESS,ADULT,visible,ok,False,1,stop,
3740,SSWI000000033414997B.jpg,2023,11,0.2106,0.5666,0.3956,0.31,0.976,ANTLERLESS,ADULT,visible,ok,False,1,stop,
3741,SSWI000000008445740C.jpg,2018,3,0.0,0.0,0.8637,0.9966,0.973,ANTLERLESS,ADULT,visible,ok,False,1,stop,
3742,SSWI000000027677424C.jpg,2022,6,0.8199,0.4758,0.125,0.3891,0.979,ANTLERLESS,ADULT,visible,ok,False,1,stop,
3743,SSWI000000016592983C.jpg,2019,12,0.5268,0.4716,0.2231,0.4891,0.971,ANTLERLESS,ADULT,visible,ok,False,1,stop,
3744,SSWI000000031324456B.jpg,2023,6,0.0,0.6033,0.4418,0.3933,0.978,ANTLERLESS,ADULT,visible,ok,False,1,stop,
3745,SSWI000000011331033B.jpg,2018,12,0.4075,0.4091,0.1262,0.215,0.969,ANTLERLESS,ADULT,visible,ok,False,1,stop,
3746,SSWI000000021219382A.jpg,2021,1,0.53,0.57,0.1387,0.3516,0.952,ANTLERLESS,ADULT,visible,ok,False,1,stop,
3747,SSWI000000025471644C.jpg,2022,3,0.0,0.2783,0.1606,0.5783,0.958,ANTLERLESS,ADULT,visible,ok,False,1,stop,
3748,SSWI000000025471745A.jpg,2022,3,0.1062,0.425,0.3549,0.5541,0.973,ANTLERLESS,ADULT,visible,ok,False,1,stop,
3749,SSWI000000033514619B.jpg,2023,11,0.1918,0.4216,0.1424,0.3274,0.95,ANTLERLESS,ADULT,visible,ok,False,1,stop,
3750,SSWI000000012640017C.jpg,2019,3,0.575,0.4199,0.425,0.5766,0.972,ANTLERLESS,ADULT,visible,ok,False,1,stop,
3751,SSWI000000033180950B.jpg,2023,11,0.2243,0.6374,0.3081,0.36,0.978,ANTLERLESS,ADULT,visible,ok,False,1,stop,
3752,SSWI000000014715973A.jpg,2019,9,0.09124,0.4883,0.09687,0.1825,0.952,ANTLERLESS,ADULT,visible,ok,False,1,stop,
3753,SSWI000000017531567C.jpg,2020,5,0.0,0.6799,0.1962,0.2524,0.961,ANTLERLESS,ADULT,visible,ok,False,1,stop,
3754,SSWI000000015697972A.jpg,2019,9,0.04937,0.3849,0.2475,0.3491,0.956,ANTLERLESS,ADULT,visible,ok,False,1,stop,
3755,SSWI000000024555000C.jpg,2021,9,0.005625,0.3891,0.6143,0.5475,0.968,ANTLERLESS,ADULT,visible,ok,False,1,stop,
3756,SSWI000000029657159A.jpg,2023,2,0.05687,0.5375,0.2224,0.1841,0.973,ANTLERLESS,ADULT,visible,ok,False,1,stop,
3757,SSWI000000021296011C.jpg,2021,3,0.1643,0.5449,0.3393,0.4516,0.976,ANTLERLESS,ADULT,visible,ok,False,1,stop,
3758,SSWI000000022600501C.jpg,2021,5,0.5287,0.4433,0.1693,0.2249,0.951,ANTLERLESS,ADULT,not_visible,ok,False,1,stop,
3759,SSWI000000010534779C.jpg,2018,7,0.3274,0.5158,0.5006,0.4808,0.978,ANTLERLESS,ADULT,visible,ok,False,1,stop,
3760,SSWI000000007612502B.jpg,2018,1,0.465,0.5408,0.3206,0.3091,0.972,ANTLERLESS,ADULT,visible,ok,False,1,stop,
3761,SSWI000000017930548C.jpg,2019,3,0.5881,0.4716,0.4118,0.5249,0.978,ANTLERLESS,ADULT,visible,ok,False,1,stop,
3762,SSWI000000032119001C.jpg,2023,9,0.4393,0.3583,0.2668,0.5433,0.964,ANTLERLESS,ADULT,visible,ok,False,1,stop,
3763,SSWI000000017361544B.jpg,2020,4,0.0,0.3808,0.5037,0.6175,0.957,ANTLERLESS,ADULT,visible,ok,False,1,stop,
3764,SSWI000000008566753C.jpg,2018,4,0.345,0.4866,0.1937,0.2083,0.962,ANTLERLESS,ADULT,visible,ok,False,1,stop,
3765,SSWI000000034553700C.jpg,2023,12,0.4331,0.4183,0.3874,0.3375,0.973,ANTLERLESS,ADULT,visible,ok,False,1,stop,
3766,SSWI000000020302034A.jpg,2020,4,0.1506,0.5466,0.2425,0.2958,0.971,ANTLERLESS,ADULT,visible,ok,False,1,stop,
3767,SSWI000000033257521B.jpg,2023,11,0.4624,0.4799,0.1162,0.2775,0.962,ANTLERLESS,ADULT,visible,ok,False,1,stop,
3768,SSWI000000013639732A.jpg,2019,6,0.1849,0.3808,0.2074,0.3583,0.963,ANTLERLESS,ADULT,visible,ok,False,1,stop,
3769,SSWI000000029044692C.jpg,2022,12,0.5762,0.4633,0.3743,0.4841,0.968,ANTLERLESS,ADULT,visible,ok,False,1,stop,
3770,SSWI000000010327465B.jpg,2018,5,0.5206,0.55,0.4793,0.4491,0.983,ANTLERLESS,ADULT,visible,ok,False,1,stop,
3771,SSWI000000011351772C.jpg,2018,11,0.02812,0.3266,0.1774,0.3033,0.977,ANTLERLESS,ADULT,visible,ok,False,1,stop,
3772,SSWI000000016076955C.jpg,2019,8,0.4899,0.4449,0.2018,0.4724,0.965,ANTLERLESS,ADULT,visible,ok,False,1,stop,
3773,SSWI000000013189316A.jpg,2019,6,0.3556,0.6175,0.6443,0.3816,0.974,ANTLERLESS,ADULT,visible,ok,False,1,stop,
3774,SSWI000000012652335A.jpg,2018,12,0.5887,0.2341,0.3056,0.37,0.96,ANTLERLESS,ADULT,visible,ok,False,1,stop,
3775,SSWI000000020372126B.jpg,2020,12,0.5881,0.2116,0.2281,0.465,0.975,ANTLERLESS,ADULT,visible,ok,False,1,stop,
3776,SSWI000000017253693C.jpg,2020,1,0.465,0.6366,0.3043,0.3608,0.98,ANTLERLESS,ADULT,not_visible,ok,False,1,stop,
3777,SSWI000000011351801C.jpg,2018,11,0.2118,0.2908,0.4962,0.3675,0.977,ANTLERLESS,ADULT,visible,ok,False,1,stop,
3778,SSWI000000017123928B.jpg,2019,10,0.3462,0.5733,0.155,0.1424,0.951,ANTLERLESS,ADULT,visible,ok,False,1,stop,
3779,SSWI000000019780696A.jpg,2020,10,0.4412,0.4666,0.3224,0.3216,0.972,ANTLERLESS,ADULT,visible,ok,False,1,stop,
3780,SSWI000000029353800B.jpg,2022,10,0.2256,0.7449,0.09562,0.2524,0.964,ANTLERLESS,ADULT,visible,ok,False,1,stop,
3781,SSWI000000023093106C.jpg,2021,5,0.7074,0.5266,0.1,0.2866,0.954,ANTLERLESS,ADULT,visible,ok,False,1,stop,
3782,SSWI000000007918948C.jpg,2018,1,0.4062,0.3433,0.2074,0.3966,0.955,ANTLERLESS,ADULT,visible,ok,False,1,stop,
3783,SSWI000000019941694B.jpg,2020,8,0.5787,0.2391,0.4212,0.6191,0.958,ANTLERLESS,ADULT,visible,ok,False,1,stop,
3784,SSWI000000030444620A.jpg,2023,5,0.01187,0.4658,0.2081,0.3025,0.962,ANTLERLESS,ADULT,visible,ok,False,1,stop,
3785,SSWI000000021374831B.jpg,2021,2,0.2806,0.5066,0.1943,0.435,0.974,ANTLERLESS,ADULT,visible,ok,False,1,stop,
3786,SSWI000000033203335C.jpg,2023,8,0.4837,0.5641,0.09624,0.2275,0.959,ANTLERLESS,ADULT,visible,ok,False,1,stop,
3787,SSWI000000025867197B.jpg,2022,5,0.001249,0.4383,0.8962,0.56,0.971,ANTLERLESS,ADULT,visible,ok,False,1,stop,
3788,SSWI000000016374543B.jpg,2020,1,0.7306,0.4374,0.1437,0.305,0.974,ANTLERLESS,ADULT,visible,ok,False,1,stop,
3789,SSWI000000022051227B.jpg,2021,4,0.0175,0.3991,0.1143,0.3524,0.952,ANTLERLESS,ADULT,not_visible,ok,False,1,stop,
3790,SSWI000000013818711B.jpg,2019,4,0.1093,0.5941,0.2649,0.2291,0.97,ANTLERLESS,ADULT,visible,ok,False,1,stop,
3791,SSWI000000015303400C.jpg,2019,9,0.5406,0.715,0.2487,0.2816,0.965,ANTLERLESS,ADULT,visible,ok,False,1,stop,
3792,SSWI000000018009142B.jpg,2019,9,0.2018,0.6416,0.2468,0.2675,0.953,ANTLERLESS,ADULT,visible,ok,False,1,stop,
3793,SSWI000000024083137C.jpg,2021,9,0.05187,0.04083,0.8824,0.9558,0.978,ANTLERLESS,ADULT,visible,ok,False,1,stop,
3794,SSWI000000015964092B.jpg,2019,4,0.5656,0.004999,0.4343,0.9549,0.986,ANTLERLESS,ADULT,visible,ok,False,1,stop,
3795,SSWI000000017531466A.jpg,2020,4,0.5681,0.5733,0.1543,0.1858,0.973,ANTLERLESS,ADULT,visible,ok,False,1,stop,
3796,SSWI000000028842419C.jpg,2022,8,0.3256,0.3066,0.2268,0.3174,0.957,ANTLERLESS,ADULT,visible,ok,False,1,stop,
3797,SSWI000000026316094B.jpg,2022,5,0.3625,0.6425,0.2681,0.3541,0.964,ANTLERLESS,ADULT,visible,ok,False,1,stop,
3798,SSWI000000029493828B.jpg,2022,11,0.3312,0.5291,0.5087,0.4683,0.976,ANTLERLESS,ADULT,visible,ok,False,1,stop,
3799,SSWI000000022938529C.jpg,2021,5,0.04499,0.5516,0.2431,0.2291,0.974,ANTLERLESS,ADULT,visible,ok,False,1,stop,
3800,SSWI000000029657181C.jpg,2023,2,0.4849,0.4983,0.3737,0.4158,0.977,ANTLERLESS,ADULT,visible,ok,False,1,stop,
3801,SSWI000000015021566A.jpg,2019,10,0.5081,0.47,0.3206,0.4808,0.956,ANTLERLESS,ADULT,visible,ok,False,1,stop,
3802,SSWI000000007612516A.jpg,2018,1,0.4224,0.5841,0.3562,0.2649,0.974,ANTLERLESS,ADULT,visible,ok,False,1,stop,
3803,SSWI000000017035057B.jpg,2020,3,0.0,0.2849,0.5699,0.7116,0.978,ANTLERLESS,ADULT,visible,ok,False,1,stop,
3804,SSWI000000019485254A.jpg,2020,10,0.4443,0.4833,0.5299,0.5133,0.976,ANTLERLESS,ADULT,visible,ok,False,1,stop,
3805,SSWI000000017770540C.jpg,2019,10,0.11,0.3474,0.6006,0.6524,0.98,ANTLERLESS,ADULT,visible,ok,False,1,stop,
3806,SSWI000000011836459C.jpg,2018,11,0.4231,0.7408,0.1868,0.2508,0.967,ANTLERLESS,ADULT,visible,ok,False,1,stop,
3807,SSWI000000015012622B.jpg,2019,8,0.1324,0.2674,0.4581,0.5758,0.978,ANTLERLESS,ADULT,visible,ok,False,1,stop,
3808,SSWI000000018998919C.jpg,2020,6,0.4274,0.7491,0.4612,0.2483,0.956,ANTLERLESS,ADULT,visible,ok,False,1,stop,
3809,SSWI000000010479568A.jpg,2018,8,0.7943,0.4083,0.2056,0.5891,0.965,ANTLERLESS,ADULT,visible,ok,False,1,stop,
3810,SSWI000000026184276B.jpg,2022,3,0.795,0.5066,0.1781,0.3333,0.966,ANTLERLESS,ADULT,visible,ok,False,1,stop,
3811,SSWI000000009474622C.jpg,2018,5,0.6818,0.5466,0.3112,0.4524,0.977,ANTLERLESS,ADULT,visible,ok,False,1,stop,
3812,SSWI000000017968446B.jpg,2019,10,0.1118,0.5083,0.2537,0.3033,0.971,ANTLERLESS,ADULT,visible,ok,False,1,stop,
3813,SSWI000000017254054B.jpg,2020,2,0.09937,0.5791,0.3581,0.3675,0.97,ANTLERLESS,ADULT,visible,ok,False,1,stop,
3814,SSWI000000032946159C.jpg,2023,10,0.4737,0.004166,0.5256,0.9608,0.98,ANTLERLESS,ADULT,not_visible,ok,False,1,stop,
3815,SSWI000000015302260C.jpg,2019,7,0.3993,0.7408,0.2662,0.245,0.97,ANTLERLESS,ADULT,visible,ok,False,1,stop,
3816,SSWI000000017254504C.jpg,2020,4,0.3274,0.6375,0.3,0.2541,0.962,ANTLERLESS,ADULT,visible,ok,False,1,stop,
3817,SSWI000000027823865A.jpg,2022,8,0.0,0.3808,0.4106,0.6191,0.979,ANTLERLESS,ADULT,visible,ok,False,1,stop,
3818,SSWI000000011367507A.jpg,2018,10,0.1924,0.3908,0.3199,0.4025,0.952,ANTLERLESS,ADULT,visible,ok,False,1,stop,
3819,SSWI000000008862128B.jpg,2018,6,0.6856,0.3058,0.2812,0.3549,0.964,ANTLERLESS,ADULT,visible,ok,False,1,stop,
3820,SSWI000000021428601A.jpg,2021,4,0.1562,0.3958,0.1137,0.2775,0.951,ANTLERLESS,ADULT,visible,ok,False,1,stop,
3821,SSWI000000011219442C.jpg,2018,11,0.7068,0.2258,0.2037,0.4808,0.975,ANTLERLESS,ADULT,visible,ok,False,1,stop,
3822,SSWI000000009743790B.jpg,2018,6,0.6443,0.31,0.2131,0.2908,0.968,ANTLERLESS,ADULT,visible,ok,False,1,stop,
3823,SSWI000000019625579C.jpg,2020,4,0.59,0.4833,0.1693,0.1983,0.956,ANTLERLESS,ADULT,visible,ok,False,1,stop,
3824,SSWI000000020491742C.jpg,2020,12,0.7174,0.6574,0.2824,0.34,0.98,ANTLERLESS,ADULT,not_visible,ok,False,1,stop,
3825,SSWI000000021947416B.jpg,2021,5,0.2762,0.2975,0.5212,0.6183,0.966,ANTLERLESS,ADULT,visible,ok,False,1,stop,
3826,SSWI000000017916739C.jpg,2020,4,0.8012,0.5716,0.1987,0.3416,0.954,ANTLERLESS,ADULT,visible,ok,False,1,stop,
3827,SSWI000000010209204B.jpg,2018,5,0.4224,0.3658,0.1412,0.365,0.953,ANTLERLESS,ADULT,visible,ok,False,1,stop,
3828,SSWI000000010877509A.jpg,2018,9,0.0,0.6933,0.2637,0.2349,0.952,ANTLERLESS,ADULT,visible,ok,False,1,stop,
3829,SSWI000000021344964B.jpg,2021,1,0.4718,0.2249,0.5281,0.4366,0.975,ANTLERLESS,ADULT,visible,ok,False,1,stop,
3830,SSWI000000026305784C.jpg,2022,4,0.3993,0.4616,0.2824,0.4233,0.968,ANTLERLESS,ADULT,visible,ok,False,1,stop,
3831,SSWI000000021890083B.jpg,2021,3,0.0,0.5108,0.1518,0.2341,0.959,ANTLERLESS,ADULT,visible,ok,False,1,stop,
3832,SSWI000000012828095A.jpg,2019,1,0.4518,0.6458,0.1731,0.2716,0.977,ANTLERLESS,ADULT,visible,ok,False,1,stop,
3833,SSWI000000027253080A.jpg,2022,5,0.0,0.5966,0.17,0.4025,0.967,ANTLERLESS,ADULT,visible,ok,False,1,stop,
3834,SSWI000000030329702B.jpg,2022,11,0.64,0.5141,0.2881,0.2816,0.951,ANTLERLESS,ADULT,visible,ok,False,1,stop,
3835,SSWI000000028353241A.jpg,2022,8,0.5912,0.4766,0.2524,0.3333,0.969,ANTLERLESS,ADULT,not_visible,ok,False,1,stop,
3836,SSWI000000033256053A.jpg,2023,9,0.1443,0.5725,0.245,0.4233,0.978,ANTLERLESS,ADULT,visible,ok,False,1,stop,
3837,SSWI000000033278629B.jpg,2023,10,0.1349,0.4941,0.2399,0.5033,0.97,ANTLERLESS,ADULT,visible,ok,False,1,stop,
3838,SSWI000000012580239B.jpg,2019,1,0.3462,0.7183,0.5606,0.2783,0.97,ANTLERLESS,ADULT,visible,ok,False,1,stop,
3839,SSWI000000027036528A.jpg,2022,6,0.5662,0.6924,0.4337,0.3075,0.977,ANTLERLESS,ADULT,not_visible,ok,False,1,stop,
3840,SSWI000000016525616C.jpg,2020,2,0.31,0.6708,0.2768,0.1991,0.968,ANTLERLESS,ADULT,visible,ok,False,1,stop,
3841,SSWI000000025296643A.jpg,2022,1,0.1206,0.4083,0.4556,0.2883,0.973,ANTLERLESS,ADULT,visible,ok,False,1,stop,
3842,SSWI000000011332478A.jpg,2018,10,0.0,0.5025,0.2418,0.2475,0.955,ANTLERLESS,ADULT,visible,ok,False,1,stop,
3843,SSWI000000012449428B.jpg,2019,4,0.7181,0.355,0.2818,0.4724,0.957,ANTLERLESS,ADULT,visible,ok,False,1,stop,
3844,SSWI000000014659667A.jpg,2019,6,0.2306,0.3558,0.08687,0.3191,0.961,ANTLERLESS,ADULT,visible,ok,False,1,stop,
3845,SSWI000000016580472A.jpg,2019,12,0.17,0.3716,0.4237,0.6066,0.975,ANTLERLESS,ADULT,visible,ok,False,1,stop,
3846,SSWI000000021217790B.jpg,2021,2,0.1181,0.4666,0.2631,0.2416,0.973,ANTLERLESS,ADULT,visible,ok,False,1,stop,
3847,SSWI000000032219143A.jpg,2023,2,0.3106,0.006666,0.6893,0.9566,0.977,ANTLERLESS,ADULT,visible,ok,False,1,stop,
3848,SSWI000000027304728B.jpg,2022,8,0.2856,0.8166,0.3837,0.1816,0.955,ANTLERLESS,ADULT,visible,ok,False,1,stop,
3849,SSWI000000026127680A.jpg,2022,5,0.8062,0.5783,0.1862,0.1441,0.951,ANTLERLESS,ADULT,visible,ok,False,1,stop,
3850,SSWI000000008307092C.jpg,2018,2,0.1743,0.5999,0.2381,0.1641,0.975,ANTLERLESS,ADULT,visible,ok,False,1,stop,
3851,SSWI000000008396029C.jpg,2018,4,0.7856,0.7591,0.2143,0.2391,0.959,ANTLERLESS,ADULT,visible,ok,False,1,stop,
3852,SSWI000000011049644B.jpg,2018,10,0.3156,0.4466,0.2893,0.2574,0.974,ANTLERLESS,ADULT,visible,ok,False,1,stop,
3853,SSWI000000020365798C.jpg,2020,3,0.0,0.6649,0.2849,0.335,0.958,ANTLERLESS,ADULT,visible,ok,False,1,stop,
3854,SSWI000000010477083C.jpg,2018,7,0.1681,0.4708,0.2362,0.1641,0.951,ANTLERLESS,ADULT,visible,ok,False,1,stop,
3855,SSWI000000019188623B.jpg,2020,8,0.3599,0.3224,0.3662,0.3016,0.955,ANTLERLESS,ADULT,visible,ok,False,1,stop,
3856,SSWI000000026961538C.jpg,2022,6,0.4943,0.3175,0.4362,0.6225,0.954,ANTLERLESS,ADULT,visible,ok,False,1,stop,
3857,SSWI000000012448836B.jpg,2018,11,0.2618,0.3616,0.6668,0.6349,0.983,ANTLERLESS,ADULT,not_visible,ok,False,1,stop,
3858,SSWI000000018998449A.jpg,2020,3,0.4993,0.7516,0.1731,0.2466,0.975,ANTLERLESS,ADULT,visible,ok,False,1,stop,
3859,SSWI000000025659366B.jpg,2021,10,0.1687,0.4091,0.2581,0.5874,0.978,ANTLERLESS,ADULT,visible,ok,False,1,stop,
3860,SSWI000000008450392B.jpg,2018,1,0.2887,0.5641,0.4781,0.435,0.979,ANTLERLESS,ADULT,visible,ok,False,1,stop,
3861,SSWI000000025843497C.jpg,2022,4,0.3606,0.4649,0.2256,0.2549,0.955,ANTLERLESS,ADULT,visible,ok,False,1,stop,
3862,SSWI000000023093439B.jpg,2021,5,0.5174,0.475,0.2543,0.4741,0.962,ANTLERLESS,ADULT,visible,ok,False,1,stop,
3863,SSWI000000029354328B.jpg,2022,10,0.7824,0.7908,0.1675,0.2066,0.97,ANTLERLESS,ADULT,visible,ok,False,1,stop,
3864,SSWI000000011341247A.jpg,2018,12,0.7068,0.5916,0.2924,0.4058,0.976,ANTLERLESS,ADULT,visible,ok,False,1,stop,
3865,SSWI000000034054062A.jpg,2023,12,0.4068,0.3299,0.5131,0.5183,0.984,ANTLERLESS,ADULT,visible,ok,False,1,stop,
3866,SSWI000000032392809B.jpg,2023,9,0.2743,0.5041,0.2031,0.2899,0.955,ANTLERLESS,ADULT,not_visible,ok,False,1,stop,
3867,SSWI000000015089471B.jpg,2019,10,0.4693,0.4474,0.5231,0.4308,0.977,ANTLERLESS,ADULT,visible,ok,False,1,stop,
3868,SSWI000000030309201C.jpg,2022,10,0.2356,0.3408,0.4181,0.3566,0.98,ANTLERLESS,ADULT,visible,ok,False,1,stop,
3869,SSWI000000020664924B.jpg,2020,12,0.6887,0.4758,0.3112,0.5224,0.974,ANTLERLESS,ADULT,visible,ok,False,1,stop,
3870,SSWI000000019625663A.jpg,2020,4,0.31,0.4766,0.1774,0.2041,0.974,ANTLERLESS,ADULT,visible,ok,False,1,stop,
3871,SSWI000000024325618B.jpg,2021,1,0.4456,0.5424,0.2062,0.2775,0.969,ANTLERLESS,ADULT,visible,ok,False,1,stop,
3872,SSWI000000033625751C.jpg,2023,10,0.6499,0.5058,0.1837,0.4424,0.955,ANTLERLESS,ADULT,not_visible,ok,False,1,stop,
3873,SSWI000000019941260C.jpg,2020,4,0.7962,0.3316,0.1174,0.2908,0.95,ANTLERLESS,ADULT,visible,ok,False,1,stop,
3874,SSWI000000010477018A.jpg,2018,7,0.3606,0.4683,0.6387,0.5299,0.978,ANTLERLESS,ADULT,visible,ok,False,1,stop,
3875,SSWI000000030031025A.jpg,2022,12,0.7093,0.5075,0.28,0.2441,0.957,ANTLERLESS,ADULT,visible,ok,False,1,stop,
3876,SSWI000000011342214C.jpg,2018,12,0.0,0.4624,0.2618,0.5358,0.962,ANTLERLESS,ADULT,visible,ok,False,1,stop,
3877,SSWI000000017463742B.jpg,2020,4,0.05937,0.5116,0.6618,0.4883,0.985,ANTLERLESS,ADULT,visible,ok,False,1,stop,
3878,SSWI000000009391461C.jpg,2018,3,0.7093,0.5458,0.2906,0.4508,0.974,ANTLERLESS,ADULT,not_visible,ok,False,1,stop,
3879,SSWI000000033334605A.jpg,2023,9,0.3631,0.8366,0.305,0.1616,0.96,ANTLERLESS,ADULT,visible,ok,False,1,stop,
3880,SSWI000000031360903A.jpg,2023,6,0.5606,0.6849,0.4393,0.3149,0.968,ANTLERLESS,ADULT,visible,ok,False,1,stop,
3881,SSWI000000029790978B.jpg,2022,12,0.2924,0.3324,0.3937,0.485,0.985,ANTLERLESS,ADULT,visible,ok,False,1,stop,
3882,SSWI000000011441270C.jpg,2018,12,0.0,0.3958,0.1731,0.3375,0.957,ANTLERLESS,ADULT,visible,ok,False,1,stop,
3883,SSWI000000020688931C.jpg,2020,10,0.7368,0.5266,0.2524,0.4724,0.981,ANTLERLESS,ADULT,visible,ok,False,1,stop,
3884,SSWI000000010327421B.jpg,2018,5,0.2537,0.4816,0.3606,0.3966,0.973,ANTLERLESS,ADULT,visible,ok,False,1,stop,
3885,SSWI000000009538493C.jpg,2018,3,0.5162,0.4116,0.2599,0.2883,0.961,ANTLERLESS,ADULT,visible,ok,False,1,stop,
3886,SSWI000000018076120B.jpg,2020,3,0.4981,0.5441,0.2706,0.2416,0.97,ANTLERLESS,ADULT,visible,ok,False,1,stop,
3887,SSWI000000015481036B.jpg,2019,8,0.2806,0.52,0.1556,0.2033,0.955,ANTLERLESS,ADULT,visible,ok,False,1,stop,
3888,SSWI000000012645876C.jpg,2019,5,0.008124,0.58,0.2387,0.2491,0.956,ANTLERLESS,ADULT,visible,ok,False,1,stop,
3889,SSWI000000009160606C.jpg,2018,4,0.08374,0.6458,0.3006,0.3508,0.975,ANTLERLESS,ADULT,visible,ok,False,1,stop,
3890,SSWI000000029500667A.jpg,2022,12,0.3924,0.3224,0.2018,0.3866,0.978,ANTLERLESS,ADULT,visible,ok,False,1,stop,
3891,SSWI000000033256814B.jpg,2023,9,0.02624,0.5024,0.2131,0.3274,0.957,ANTLERLESS,ADULT,visible,ok,False,1,stop,
3892,SSWI000000014196245B.jpg,2019,5,0.1068,0.5649,0.2706,0.3524,0.969,ANTLERLESS,ADULT,visible,ok,False,1,stop,
3893,SSWI000000017296531C.jpg,2020,3,0.6081,0.3633,0.3918,0.6341,0.977,ANTLERLESS,ADULT,visible,ok,False,1,stop,
3894,SSWI000000015114359C.jpg,2019,8,0.5756,0.2091,0.2168,0.3233,0.959,ANTLERLESS,ADULT,visible,ok,False,1,stop,
3895,SSWI000000033204058A.jpg,2023,11,0.4887,0.4949,0.5112,0.5024,0.958,ANTLERLESS,ADULT,visible,ok,False,1,stop,
3896,SSWI000000025651253A.jpg,2021,12,0.4768,0.5475,0.1431,0.2466,0.972,ANTLERLESS,ADULT,visible,ok,False,1,stop,
3897,SSWI000000025670969A.jpg,2021,9,0.5906,0.4625,0.1268,0.2224,0.956,ANTLERLESS,ADULT,visible,ok,False,1,stop,
3898,SSWI000000032053729C.jpg,2023,8,0.2568,0.225,0.5306,0.3508,0.953,ANTLERLESS,ADULT,visible,ok,False,1,stop,
3899,SSWI000000034044528C.jpg,2023,12,0.1887,0.2524,0.8112,0.7441,0.957,ANTLERLESS,ADULT,visible,ok,False,1,stop,
3900,SSWI000000012023834A.jpg,2019,3,0.2074,0.4141,0.2506,0.3158,0.981,ANTLERLESS,ADULT,visible,ok,False,1,stop,
3901,SSWI000000017866567B.jpg,2020,5,0.4381,0.4399,0.2606,0.2074,0.975,ANTLERLESS,ADULT,visible,ok,False,1,stop,
3902,SSWI000000018177971C.jpg,2020,1,0.8106,0.6883,0.1543,0.3108,0.974,ANTLERLESS,ADULT,visible,ok,False,1,stop,
3903,SSWI000000010720092C.jpg,2018,9,0.4037,0.7416,0.3981,0.2558,0.963,ANTLERLESS,ADULT,visible,ok,False,1,stop,
3904,SSWI000000011466048A.jpg,2019,1,0.4737,0.64,0.2743,0.3583,0.98,ANTLERLESS,ADULT,visible,ok,False,1,stop,
3905,SSWI000000011329006C.jpg,2018,8,0.2468,0.3816,0.4706,0.6175,0.976,ANTLERLESS,ADULT,visible,ok,False,1,stop,
3906,SSWI000000028321799A.jpg,2022,9,0.555,0.2499,0.3818,0.7491,0.977,ANTLERLESS,ADULT,visible,ok,False,1,stop,
3907,SSWI000000009233170B.jpg,2018,5,0.06312,0.5349,0.2775,0.465,0.97,ANTLERLESS,ADULT,visible,ok,False,1,stop,
3908,SSWI000000017564934C.jpg,2020,5,0.2856,0.4958,0.3356,0.4666,0.95,ANTLERLESS,ADULT,visible,ok,False,1,stop,
3909,SSWI000000021267239A.jpg,2021,3,0.5531,0.4625,0.31,0.3675,0.963,ANTLERLESS,ADULT,visible,ok,False,1,stop,
3910,SSWI000000025155996B.jpg,2022,2,0.006874,0.5049,0.3912,0.4741,0.976,ANTLERLESS,ADULT,visible,ok,False,1,stop,
3911,SSWI000000019999680B.jpg,2020,9,0.3343,0.57,0.2787,0.2591,0.966,ANTLERLESS,ADULT,visible,ok,False,1,stop,
3912,SSWI000000019626258C.jpg,2020,8,0.5806,0.6041,0.4193,0.395,0.974,ANTLERLESS,ADULT,visible,ok,False,1,stop,
3913,SSWI000000015012235B.jpg,2019,9,0.2475,0.2258,0.4456,0.5641,0.976,ANTLERLESS,ADULT,visible,ok,False,1,stop,
3914,SSWI000000011216462B.jpg,2018,12,0.0,0.4691,0.2549,0.3925,0.951,ANTLERLESS,ADULT,not_visible,ok,False,1,stop,
3915,SSWI000000028496064C.jpg,2022,9,0.7093,0.4466,0.1562,0.55,0.974,ANTLERLESS,ADULT,visible,ok,False,1,stop,
3916,SSWI000000011215857C.jpg,2018,11,0.4593,0.3525,0.1737,0.3583,0.956,ANTLERLESS,ADULT,visible,ok,False,1,stop,
3917,SSWI000000007744023B.jpg,2018,1,0.6112,0.4133,0.2725,0.4375,0.96,ANTLERLESS,ADULT,visible,ok,False,1,stop,
3918,SSWI000000015303197C.jpg,2019,9,0.0006249,0.7541,0.5031,0.2433,0.966,ANTLERLESS,ADULT,visible,ok,False,1,stop,
3919,SSWI000000024701380C.jpg,2021,9,0.08499,0.3783,0.2199,0.2574,0.96,ANTLERLESS,ADULT,visible,ok,False,1,stop,
3920,SSWI000000010338557C.jpg,2018,7,0.05749,0.4149,0.2737,0.5666,0.957,ANTLERLESS,ADULT,visible,ok,False,1,stop,
3921,SSWI000000027912123C.jpg,2022,8,0.4106,0.4458,0.2462,0.4758,0.973,ANTLERLESS,ADULT,visible,ok,False,1,stop,
3922,SSWI000000011051137C.jpg,2018,9,0.0,0.3366,0.305,0.3458,0.967,ANTLERLESS,ADULT,visible,ok,False,1,stop,
3923,SSWI000000025650686A.jpg,2021,12,0.1449,0.5341,0.3731,0.4308,0.97,ANTLERLESS,ADULT,visible,ok,False,1,stop,
3924,SSWI000000015641444C.jpg,2019,10,0.0,0.1458,1.0,0.85,0.959,ANTLERLESS,ADULT,visible,ok,False,1,stop,
3925,SSWI000000017254004B.jpg,2020,2,0.7281,0.6416,0.2718,0.3583,0.959,ANTLERLESS,ADULT,visible,ok,False,1,stop,
3926,SSWI000000012828096A.jpg,2019,1,0.6212,0.6516,0.3787,0.3466,0.982,ANTLERLESS,ADULT,visible,ok,False,1,stop,
3927,SSWI000000012753644C.jpg,2019,3,0.0006249,0.5758,0.2937,0.2775,0.969,ANTLERLESS,ADULT,visible,ok,False,1,stop,
3928,SSWI000000007612483B.jpg,2018,1,0.5575,0.2208,0.2706,0.5558,0.98,ANTLERLESS,ADULT,visible,ok,False,1,stop,
3929,SSWI000000016771598C.jpg,2020,2,0.3587,0.4666,0.3343,0.2583,0.974,ANTLERLESS,ADULT,visible,ok,False,1,stop,
3930,SSWI000000011174730A.jpg,2018,10,0.0,0.57,0.2668,0.2858,0.959,ANTLERLESS,ADULT,not_visible,ok,False,1,stop,
3931,SSWI000000011288432A.jpg,2018,10,0.2462,0.37,0.2049,0.2608,0.962,ANTLERLESS,ADULT,visible,ok,False,1,stop,
3932,SSWI000000013098635C.jpg,2018,12,0.0,0.4491,0.2574,0.5491,0.959,ANTLERLESS,ADULT,not_visible,ok,False,1,stop,
3933,SSWI000000032219016B.jpg,2022,12,0.4781,0.5658,0.1343,0.1541,0.962,ANTLERLESS,ADULT,visible,ok,False,1,stop,
3934,SSWI000000008541613A.jpg,2018,4,0.0,0.37,0.1556,0.2924,0.956,ANTLERLESS,ADULT,visible,ok,False,1,stop,
3935,SSWI000000010190719A.jpg,2018,9,0.1381,0.605,0.2418,0.3933,0.971,ANTLERLESS,ADULT,not_visible,ok,False,1,stop,
3936,SSWI000000030176392A.jpg,2023,4,0.05499,0.6049,0.2387,0.3925,0.964,ANTLERLESS,ADULT,not_visible,ok,False,1,stop,
3937,SSWI000000008040143C.jpg,2018,4,0.725,0.4366,0.1506,0.1675,0.966,ANTLERLESS,ADULT,visible,ok,False,1,stop,
3938,SSWI000000007612499B.jpg,2018,1,0.4143,0.5708,0.3725,0.28,0.975,ANTLERLESS,ADULT,visible,ok,False,1,stop,
3939,SSWI000000025101080A.jpg,2021,4,0.225,0.5291,0.2331,0.3191,0.965,ANTLERLESS,ADULT,visible,ok,False,1,stop,
3940,SSWI000000022489777B.jpg,2020,11,0.3006,0.415,0.1681,0.2616,0.969,ANTLERLESS,ADULT,visible,ok,False,1,stop,
3941,SSWI000000031609103A.jpg,2023,6,0.5793,0.6791,0.2874,0.3174,0.974,ANTLERLESS,ADULT,visible,ok,False,1,stop,
3942,SSWI000000014844341B.jpg,2019,9,0.15,0.6941,0.6081,0.3033,0.971,ANTLERLESS,ADULT,visible,ok,False,1,stop,
3943,SSWI000000024477227A.jpg,2021,10,0.03624,0.5716,0.1375,0.3625,0.959,ANTLERLESS,ADULT,visible,ok,False,1,stop,
3944,SSWI000000031680299B.jpg,2023,8,0.7731,0.3666,0.2018,0.3108,0.964,ANTLERLESS,ADULT,visible,ok,False,1,stop,
3945,SSWI000000033413469A.jpg,2023,11,0.3374,0.605,0.4862,0.3933,0.964,ANTLERLESS,ADULT,visible,ok,False,1,stop,
3946,SSWI000000021717801B.jpg,2021,4,0.6875,0.4933,0.3125,0.2758,0.959,ANTLERLESS,ADULT,visible,ok,False,1,stop,
3947,SSWI000000020396170B.jpg,2020,11,0.6218,0.4749,0.3481,0.455,0.963,ANTLERLESS,ADULT,visible,ok,False,1,stop,
3948,SSWI000000010902656B.jpg,2018,8,0.4362,0.4949,0.4925,0.4133,0.976,ANTLERLESS,ADULT,visible,ok,False,1,stop,
3949,SSWI000000023242843A.jpg,2021,8,0.1225,0.7016,0.2243,0.2958,0.951,ANTLERLESS,ADULT,visible,ok,False,1,stop,
3950,SSWI000000017165887B.jpg,2020,4,0.6143,0.1525,0.3856,0.8475,0.979,ANTLERLESS,ADULT,visible,ok,False,1,stop,
3951,SSWI000000013818772C.jpg,2019,4,0.5375,0.4433,0.4356,0.4908,0.983,ANTLERLESS,ADULT,visible,ok,False,1,stop,
3952,SSWI000000010711036B.jpg,2018,7,0.5549,0.7624,0.4449,0.2366,0.971,ANTLERLESS,ADULT,visible,ok,False,1,stop,
3953,SSWI000000008485166C.jpg,2018,3,0.1243,0.4849,0.3862,0.3283,0.973,ANTLERLESS,ADULT,visible,ok,False,1,stop,
3954,SSWI000000026184876C.jpg,2022,5,0.4574,0.5266,0.2812,0.4508,0.962,ANTLERLESS,ADULT,visible,ok,False,1,stop,
3955,SSWI000000011943788A.jpg,2018,12,0.3468,0.6158,0.1937,0.2183,0.972,ANTLERLESS,ADULT,visible,ok,False,1,stop,
3956,SSWI000000024498123A.jpg,2021,8,0.4225,0.5849,0.5768,0.4124,0.96,ANTLERLESS,ADULT,visible,ok,False,1,stop,
3957,SSWI000000033285989A.jpg,2023,11,0.5599,0.1791,0.4399,0.6908,0.978,ANTLERLESS,ADULT,visible,ok,False,1,stop,
3958,SSWI000000021321162B.jpg,2021,3,0.3225,0.4866,0.3006,0.4791,0.976,ANTLERLESS,ADULT,visible,ok,False,1,stop,
3959,SSWI000000015303059C.jpg,2019,9,0.2256,0.7208,0.2549,0.2758,0.979,ANTLERLESS,ADULT,visible,ok,False,1,stop,
3960,SSWI000000033729521C.jpg,2023,12,0.3512,0.4641,0.3681,0.3108,0.965,ANTLERLESS,ADULT,visible,ok,False,1,stop,
3961,SSWI000000019626049A.jpg,2020,5,0.0,0.4808,0.3331,0.3524,0.955,ANTLERLESS,ADULT,visible,ok,False,1,stop,
3962,SSWI000000032418164A.jpg,2023,9,0.8668,0.3908,0.1331,0.1924,0.954,ANTLERLESS,ADULT,visible,ok,False,1,stop,
3963,SSWI000000030332721C.jpg,2023,4,0.5781,0.5358,0.2275,0.4583,0.967,ANTLERLESS,ADULT,not_visible,ok,False,1,stop,
3964,SSWI000000032448363C.jpg,2023,8,0.7524,0.6091,0.2268,0.3799,0.968,ANTLERLESS,ADULT,visible,ok,False,1,stop,
3965,SSWI000000034154741C.jpg,2023,12,0.3849,0.5741,0.3431,0.4233,0.982,ANTLERLESS,ADULT,visible,ok,False,1,stop,
3966,SSWI000000015641730C.jpg,2019,10,0.7899,0.5266,0.1993,0.1933,0.961,ANTLERLESS,ADULT,visible,ok,False,1,stop,
3967,SSWI000000013128236C.jpg,2019,5,0.6287,0.0475,0.3712,0.9408,0.967,ANTLERLESS,ADULT,visible,ok,False,1,stop,
3968,SSWI000000012828137B.jpg,2019,1,0.3856,0.6316,0.1431,0.3358,0.968,ANTLERLESS,ADULT,visible,ok,False,1,stop,
3969,SSWI000000016592782C.jpg,2019,11,0.7056,0.53,0.2943,0.3783,0.976,ANTLERLESS,ADULT,visible,ok,False,1,stop,
3970,SSWI000000015303182A.jpg,2019,9,0.5337,0.695,0.3337,0.3033,0.967,ANTLERLESS,ADULT,visible,ok,False,1,stop,
3971,SSWI000000022907816C.jpg,2021,7,0.0525,0.6249,0.3093,0.2916,0.954,ANTLERLESS,ADULT,visible,ok,False,1,stop,
3972,SSWI000000020365504C.jpg,2020,2,0.004375,0.5649,0.3381,0.2849,0.979,ANTLERLESS,ADULT,visible,ok,False,1,stop,
3973,SSWI000000029790606B.jpg,2023,1,0.2043,0.3658,0.4787,0.3783,0.984,ANTLERLESS,ADULT,visible,ok,False,1,stop,
3974,SSWI000000015331780B.jpg,2019,9,0.0,0.4924,0.4412,0.5058,0.976,ANTLERLESS,ADULT,visible,ok,False,1,stop,
3975,SSWI000000013454231B.jpg,2019,4,0.1318,0.4358,0.3956,0.5625,0.977,ANTLERLESS,ADULT,visible,ok,False,1,stop,
3976,SSWI000000011035453B.jpg,2018,10,0.3949,0.4941,0.1231,0.2708,0.968,ANTLERLESS,ADULT,visible,ok,False,1,stop,
3977,SSWI000000013189058C.jpg,2019,5,0.7599,0.5433,0.2399,0.3774,0.961,ANTLERLESS,ADULT,visible,ok,False,1,stop,
3978,SSWI000000016374574C.jpg,2020,1,0.3712,0.5625,0.2537,0.1875,0.981,ANTLERLESS,ADULT,visible,ok,False,1,stop,
3979,SSWI000000013997887B.jpg,2019,6,0.5087,0.5491,0.2624,0.2591,0.965,ANTLERLESS,ADULT,visible,ok,False,1,stop,
3980,SSWI000000021295313A.jpg,2021,1,0.045,0.4516,0.4181,0.37,0.975,ANTLERLESS,ADULT,visible,ok,False,1,stop,
3981,SSWI000000019626407C.jpg,2020,8,0.5768,0.5775,0.07312,0.2441,0.958,ANTLERLESS,ADULT,visible,ok,False,1,stop,
3982,SSWI000000008863548B.jpg,2018,4,0.1562,0.0,0.8424,0.9991,0.981,ANTLERLESS,ADULT,visible,ok,False,1,stop,
3983,SSWI000000016050398A.jpg,2019,11,0.003124,0.6383,0.5368,0.3591,0.983,ANTLERLESS,ADULT,visible,ok,False,1,stop,
3984,SSWI000000019469763C.jpg,2020,9,0.0006249,0.1699,0.7718,0.6616,0.97,ANTLERLESS,ADULT,visible,ok,False,1,stop,
3985,SSWI000000032617010C.jpg,2023,9,0.4949,0.6816,0.2275,0.2199,0.951,ANTLERLESS,ADULT,not_visible,ok,False,1,stop,
3986,SSWI000000017123308C.jpg,2020,4,0.5406,0.5183,0.09062,0.2125,0.953,ANTLERLESS,ADULT,visible,ok,False,1,stop,
3987,SSWI000000007759882C.jpg,2018,2,0.6868,0.6008,0.2637,0.2883,0.978,ANTLERLESS,ADULT,visible,ok,False,1,stop,
3988,SSWI000000033514553C.jpg,2023,11,0.4218,0.3541,0.1962,0.5516,0.962,ANTLERLESS,ADULT,visible,ok,False,1,stop,
3989,SSWI000000011719308A.jpg,2019,1,0.2643,0.4983,0.2093,0.1624,0.96,ANTLERLESS,ADULT,visible,ok,False,1,stop,
3990,SSWI000000025704326B.jpg,2022,3,0.6137,0.1525,0.3862,0.6466,0.95,ANTLERLESS,ADULT,not_visible,ok,False,1,stop,
3991,SSWI000000026597909C.jpg,2022,6,0.3643,0.4616,0.2325,0.3591,0.955,ANTLERLESS,ADULT,visible,ok,False,1,stop,
3992,SSWI000000021373971C.jpg,2021,4,0.4131,0.4625,0.1875,0.1883,0.964,ANTLERLESS,ADULT,visible,ok,False,1,stop,
3993,SSWI000000017969236C.jpg,2020,2,0.5987,0.4541,0.2462,0.1866,0.975,ANTLERLESS,ADULT,visible,ok,False,1,stop,
3994,SSWI000000017374920B.jpg,2019,11,0.6762,0.3266,0.3231,0.67,0.978,ANTLERLESS,ADULT,visible,ok,False,1,stop,
3995,SSWI000000024690217A.jpg,2021,12,0.4106,0.5174,0.5843,0.4799,0.963,ANTLERLESS,ADULT,not_visible,ok,False,1,stop,
3996,SSWI000000024756694A.jpg,2021,12,0.6043,0.3149,0.3956,0.4675,0.983,ANTLERLESS,ADULT,visible,ok,False,1,stop,
3997,SSWI000000027293544B.jpg,2022,6,0.3975,0.6083,0.1562,0.3691,0.96,ANTLERLESS,ADULT,visible,ok,False,1,stop,
3998,SSWI000000017042721C.jpg,2020,3,0.7712,0.2291,0.2287,0.3958,0.968,ANTLERLESS,ADULT,visible,ok,False,1,stop,
3999,SSWI000000020365885B.jpg,2020,4,0.0,0.6266,0.2243,0.3274,0.957,ANTLERLESS,ADULT,visible,ok,False,1,stop,
4000,SSWI000000014713818B.jpg,2019,7,0.1868,0.6925,0.4043,0.3066,0.97,ANTLERLESS,ADULT,visible,ok,False,1,stop,
4001,SSWI000000032142390C.jpg,2023,8,0.4806,0.4474,0.3799,0.3633,0.96,ANTLERLESS,ADULT,visible,ok,False,1,stop,
4002,SSWI000000024333812A.jpg,2021,10,0.09375,0.6949,0.365,0.3025,0.977,ANTLERLESS,ADULT,visible,ok,False,1,stop,
4003,SSWI000000025650539B.jpg,2022,3,0.7268,0.3799,0.1468,0.5466,0.973,ANTLERLESS,ADULT,visible,ok,False,1,stop,
4004,SSWI000000029354917C.jpg,2022,12,0.1368,0.8174,0.2818,0.1716,0.956,ANTLERLESS,ADULT,visible,ok,False,1,stop,
4005,SSWI000000017971519C.jpg,2020,3,0.7193,0.4049,0.1768,0.2941,0.964,ANTLERLESS,ADULT,visible,ok,False,1,stop,
4006,SSWI000000008718430B.jpg,2018,3,0.5349,0.4508,0.2425,0.3766,0.967,ANTLERLESS,ADULT,visible,ok,False,1,stop,
4007,SSWI000000029353339B.jpg,2022,9,0.1737,0.7674,0.1262,0.2041,0.958,ANTLERLESS,ADULT,visible,ok,False,1,stop,
4008,SSWI000000022437995C.jpg,2021,6,0.0,0.5133,0.27,0.4866,0.978,ANTLERLESS,ADULT,visible,ok,False,1,stop,
4009,SSWI000000020713926A.jpg,2020,5,0.6406,0.5016,0.2006,0.4983,0.974,ANTLERLESS,ADULT,visible,ok,False,1,stop,
4010,SSWI000000015424099A.jpg,2019,10,0.6074,0.5608,0.1418,0.1408,0.959,ANTLERLESS,ADULT,visible,ok,False,1,stop,
4011,SSWI000000016771474B.jpg,2020,1,0.7449,0.4999,0.1756,0.18,0.968,ANTLERLESS,ADULT,visible,ok,False,1,stop,
4012,SSWI000000013491375A.jpg,2019,5,0.5481,0.3625,0.4518,0.5641,0.96,ANTLERLESS,ADULT,visible,ok,False,1,stop,
4013,SSWI000000024689576C.jpg,2021,8,0.5418,0.6266,0.2862,0.3708,0.981,ANTLERLESS,ADULT,visible,ok,False,1,stop,
4014,SSWI000000015901649B.jpg,2019,11,0.4725,0.5983,0.1718,0.1916,0.962,ANTLERLESS,ADULT,visible,ok,False,1,stop,
4015,SSWI000000012020332C.jpg,2018,12,0.4249,0.405,0.4675,0.3458,0.974,ANTLERLESS,ADULT,visible,ok,False,1,stop,
4016,SSWI000000011956836B.jpg,2018,11,0.0,0.0,1.0,0.995,0.959,ANTLERLESS,ADULT,visible,ok,False,1,stop,
4017,SSWI000000018068363C.jpg,2020,1,0.4931,0.2508,0.3075,0.4424,0.979,ANTLERLESS,ADULT,visible,ok,False,1,stop,
4018,SSWI000000021296287A.jpg,2020,12,0.0,0.5308,0.1281,0.3325,0.96,ANTLERLESS,ADULT,visible,ok,False,1,stop,
4019,SSWI000000025155904B.jpg,2022,1,0.0,0.56,0.2381,0.4391,0.97,ANTLERLESS,ADULT,not_visible,ok,False,1,stop,
4020,SSWI000000020135153A.jpg,2020,11,0.4868,0.5199,0.1299,0.2566,0.962,ANTLERLESS,ADULT,visible,ok,False,1,stop,
4021,SSWI000000027036094A.jpg,2022,5,0.0,0.4658,0.1493,0.2808,0.952,ANTLERLESS,ADULT,visible,ok,False,1,stop,
4022,SSWI000000025642854C.jpg,2022,2,0.1199,0.4249,0.4881,0.5074,0.975,ANTLERLESS,ADULT,visible,ok,False,1,stop,
4023,SSWI000000011340538A.jpg,2018,9,0.0,0.1458,0.2956,0.5216,0.953,ANTLERLESS,ADULT,visible,ok,False,1,stop,
4024,SSWI000000021456822C.jpg,2021,4,0.0,0.51,0.3856,0.4875,0.976,ANTLERLESS,ADULT,visible,ok,False,1,stop,
4025,SSWI000000027371581A.jpg,2022,5,0.0,0.4433,0.6031,0.5558,0.966,ANTLERLESS,ADULT,visible,ok,False,1,stop,
4026,SSWI000000015756288A.jpg,2019,11,0.4124,0.2374,0.3881,0.3641,0.95,ANTLERLESS,ADULT,visible,ok,False,1,stop,
4027,SSWI000000008035369B.jpg,2018,1,0.86,0.5024,0.14,0.495,0.966,ANTLERLESS,ADULT,visible,ok,False,1,stop,
4028,SSWI000000017965056A.jpg,2020,2,0.2225,0.51,0.2356,0.2808,0.98,ANTLERLESS,ADULT,visible,ok,False,1,stop,
4029,SSWI000000032226729B.jpg,2023,8,0.3575,0.4666,0.49,0.3824,0.96,ANTLERLESS,ADULT,visible,ok,False,1,stop,
4030,SSWI000000011522001C.jpg,2018,11,0.505,0.2941,0.3706,0.5149,0.972,ANTLERLESS,ADULT,visible,ok,False,1,stop,
4031,SSWI000000011392226C.jpg,2018,12,0.3693,0.5274,0.1193,0.2416,0.953,ANTLERLESS,ADULT,visible,ok,False,1,stop,
4032,SSWI000000010100597A.jpg,2018,7,0.5125,0.7866,0.3237,0.2133,0.957,ANTLERLESS,ADULT,visible,ok,False,1,stop,
4033,SSWI000000013077006A.jpg,2019,4,0.0,0.4733,0.1756,0.5191,0.959,ANTLERLESS,ADULT,visible,ok,False,1,stop,
4034,SSWI000000030385325A.jpg,2023,4,0.5331,0.008333,0.4668,0.9366,0.98,ANTLERLESS,ADULT,visible,ok,False,1,stop,
4035,SSWI000000022051290A.jpg,2021,4,0.4268,0.3583,0.5,0.4116,0.975,ANTLERLESS,ADULT,visible,ok,False,1,stop,
4036,SSWI000000025354115A.jpg,2022,2,0.3437,0.4933,0.2087,0.1816,0.956,ANTLERLESS,ADULT,not_visible,ok,False,1,stop,
4037,SSWI000000033252282C.jpg,2023,10,0.08375,0.4025,0.4893,0.4541,0.978,ANTLERLESS,ADULT,visible,ok,False,1,stop,
4038,SSWI000000027733388B.jpg,2022,7,0.5556,0.2433,0.4443,0.4891,0.961,ANTLERLESS,ADULT,visible,ok,False,1,stop,
4039,SSWI000000023969514A.jpg,2021,8,0.5725,0.42,0.2881,0.5591,0.961,ANTLERLESS,ADULT,visible,ok,False,1,stop,
4040,SSWI000000013079037B.jpg,2019,1,0.5493,0.3708,0.1862,0.2066,0.955,ANTLERLESS,ADULT,visible,ok,False,1,stop,
4041,SSWI000000017278093B.jpg,2020,5,0.6368,0.7458,0.3081,0.2516,0.964,ANTLERLESS,ADULT,visible,ok,False,1,stop,
4042,SSWI000000030748369C.jpg,2023,4,0.07937,0.5766,0.6018,0.4199,0.972,ANTLERLESS,ADULT,visible,ok,False,1,stop,
4043,SSWI000000025659690A.jpg,2021,11,0.5281,0.5449,0.2312,0.2441,0.951,ANTLERLESS,ADULT,visible,ok,False,1,stop,
4044,SSWI000000027923426B.jpg,2022,9,0.5031,0.5749,0.2112,0.1991,0.957,ANTLERLESS,ADULT,visible,ok,False,1,stop,
4045,SSWI000000024689613A.jpg,2021,8,0.3456,0.7016,0.4268,0.2949,0.979,ANTLERLESS,ADULT,visible,ok,False,1,stop,
4046,SSWI000000016525468B.jpg,2020,1,0.3324,0.6466,0.5212,0.3499,0.977,ANTLERLESS,ADULT,visible,ok,False,1,stop,
4047,SSWI000000011526355B.jpg,2018,11,0.2099,0.0925,0.3731,0.8625,0.983,ANTLERLESS,ADULT,visible,ok,False,1,stop,
4048,SSWI000000016532575A.jpg,2019,10,0.08312,0.4916,0.4375,0.3975,0.967,ANTLERLESS,ADULT,visible,ok,False,1,stop,
4049,SSWI000000015852622C.jpg,2019,11,0.5549,0.4333,0.2425,0.3933,0.965,ANTLERLESS,ADULT,visible,ok,False,1,stop,
4050,SSWI000000011330999A.jpg,2018,11,0.6812,0.5308,0.1468,0.3866,0.969,ANTLERLESS,ADULT,visible,ok,False,1,stop,
4051,SSWI000000020245273C.jpg,2020,9,0.0,0.3824,0.4418,0.615,0.971,ANTLERLESS,ADULT,visible,ok,False,1,stop,
4052,SSWI000000019246772A.jpg,2020,5,0.7018,0.4025,0.2787,0.2574,0.952,ANTLERLESS,ADULT,visible,ok,False,1,stop,
4053,SSWI000000011943735A.jpg,2018,12,0.3606,0.71,0.2131,0.18,0.969,ANTLERLESS,ADULT,visible,ok,False,1,stop,
4054,SSWI000000019521494B.jpg,2019,10,0.1299,0.6708,0.3981,0.3291,0.977,ANTLERLESS,ADULT,visible,ok,False,1,stop,
4055,SSWI000000023013933A.jpg,2021,6,0.5475,0.4808,0.4524,0.5183,0.95,ANTLERLESS,ADULT,not_visible,ok,False,1,stop,
4056,SSWI000000015032693B.jpg,2019,9,0.0,0.3549,0.6093,0.4383,0.968,ANTLERLESS,ADULT,visible,ok,False,1,stop,
4057,SSWI000000010877260B.jpg,2018,8,0.5937,0.7166,0.1312,0.28,0.951,ANTLERLESS,ADULT,visible,ok,False,1,stop,
4058,SSWI000000017933073B.jpg,2020,6,0.5999,0.3858,0.3762,0.6116,0.969,ANTLERLESS,ADULT,visible,ok,False,1,stop,
4059,SSWI000000021715772B.jpg,2021,3,0.06062,0.3808,0.5181,0.4458,0.977,ANTLERLESS,ADULT,visible,ok,False,1,stop,
4060,SSWI000000025659238B.jpg,2021,10,0.0,0.5724,0.2987,0.4241,0.964,ANTLERLESS,ADULT,visible,ok,False,1,stop,
4061,SSWI000000013454368B.jpg,2019,5,0.7793,0.4991,0.2206,0.465,0.956,ANTLERLESS,ADULT,visible,ok,False,1,stop,
4062,SSWI000000025722229A.jpg,2022,1,0.0,0.0,1.0,0.9966,0.965,ANTLERLESS,ADULT,visible,ok,False,1,stop,
4063,SSWI000000025671931A.jpg,2022,4,0.3974,0.4216,0.1262,0.5274,0.964,ANTLERLESS,ADULT,visible,ok,False,1,stop,
4064,SSWI000000033357713A.jpg,2023,10,0.8093,0.4725,0.1906,0.5266,0.97,ANTLERLESS,ADULT,visible,ok,False,1,stop,
4065,SSWI000000020714844B.jpg,2020,6,0.3768,0.5574,0.3637,0.4399,0.977,ANTLERLESS,ADULT,visible,ok,False,1,stop,
4066,SSWI000000015497816B.jpg,2019,9,0.5212,0.3866,0.4137,0.3274,0.972,ANTLERLESS,ADULT,visible,ok,False,1,stop,
4067,SSWI000000026155549B.jpg,2022,3,0.4718,0.4175,0.3218,0.2366,0.958,ANTLERLESS,ADULT,visible,ok,False,1,stop,
4068,SSWI000000021375125A.jpg,2020,9,0.07562,0.5724,0.3893,0.4241,0.964,ANTLERLESS,ADULT,visible,ok,False,1,stop,
4069,SSWI000000030158681A.jpg,2023,3,0.5456,0.5708,0.4543,0.4266,0.967,ANTLERLESS,ADULT,visible,ok,False,1,stop,
4070,SSWI000000018995081C.jpg,2020,6,0.2012,0.8408,0.3568,0.1591,0.952,ANTLERLESS,ADULT,not_visible,ok,False,1,stop,
4071,SSWI000000029353215C.jpg,2022,9,0.3593,0.8208,0.4681,0.1774,0.961,ANTLERLESS,ADULT,visible,ok,False,1,stop,
4072,SSWI000000033356982B.jpg,2023,10,0.0825,0.4758,0.6506,0.5199,0.98,ANTLERLESS,ADULT,visible,ok,False,1,stop,
4073,SSWI000000026222893C.jpg,2022,4,0.5118,0.4566,0.1856,0.2741,0.965,ANTLERLESS,ADULT,visible,ok,False,1,stop,
4074,SSWI000000021565396C.jpg,2021,4,0.3818,0.5241,0.3943,0.3625,0.967,ANTLERLESS,ADULT,visible,ok,False,1,stop,
4075,SSWI000000013558952B.jpg,2019,6,0.5256,0.7649,0.4743,0.2333,0.963,ANTLERLESS,ADULT,visible,ok,False,1,stop,
4076,SSWI000000025659611C.jpg,2021,11,0.6749,0.6341,0.2593,0.3633,0.975,ANTLERLESS,ADULT,visible,ok,False,1,stop,
4077,SSWI000000030348522B.jpg,2022,11,0.5568,0.3133,0.4431,0.4275,0.977,ANTLERLESS,ADULT,visible,ok,False,1,stop,
4078,SSWI000000013539601A.jpg,2019,6,0.5206,0.5783,0.2906,0.3758,0.98,ANTLERLESS,ADULT,visible,ok,False,1,stop,
4079,SSWI000000027824186C.jpg,2022,9,0.1168,0.3341,0.4218,0.3658,0.96,ANTLERLESS,ADULT,visible,ok,False,1,stop,
4080,SSWI000000021320934B.jpg,2021,1,0.0,0.0,1.0,0.9966,0.951,ANTLERLESS,ADULT,not_visible,ok,False,1,stop,
4081,SSWI000000034200165C.jpg,2023,12,0.0,0.5441,0.6943,0.4533,0.957,ANTLERLESS,ADULT,not_visible,ok,False,1,stop,
4082,SSWI000000016776779B.jpg,2020,3,0.0,0.5558,0.2162,0.4441,0.967,ANTLERLESS,ADULT,visible,ok,False,1,stop,
4083,SSWI000000025354230C.jpg,2021,12,0.05187,0.4666,0.3487,0.5299,0.963,ANTLERLESS,ADULT,visible,ok,False,1,stop,
4084,SSWI000000032405920A.jpg,2023,8,0.1525,0.6958,0.2531,0.3016,0.975,ANTLERLESS,ADULT,visible,ok,False,1,stop,
4085,SSWI000000014723475B.jpg,2019,5,0.5643,0.3858,0.4356,0.6141,0.975,ANTLERLESS,ADULT,visible,ok,False,1,stop,
4086,SSWI000000017375649A.jpg,2019,11,0.0,0.7491,0.4362,0.2491,0.961,ANTLERLESS,ADULT,visible,ok,False,1,stop,
4087,SSWI000000012392236A.jpg,2019,4,0.6693,0.5916,0.1875,0.2199,0.976,ANTLERLESS,ADULT,visible,ok,False,1,stop,
4088,SSWI000000015189665B.jpg,2019,8,0.4399,0.4074,0.2662,0.465,0.977,ANTLERLESS,ADULT,visible,ok,False,1,stop,
4089,SSWI000000012462800C.jpg,2019,1,0.4756,0.4066,0.1525,0.3341,0.975,ANTLERLESS,ADULT,visible,ok,False,1,stop,
4090,SSWI000000025296691B.jpg,2022,2,0.04937,0.4483,0.2406,0.2725,0.977,ANTLERLESS,ADULT,visible,ok,False,1,stop,
4091,SSWI000000022051987C.jpg,2021,4,0.05437,0.5383,0.3287,0.4616,0.966,ANTLERLESS,ADULT,visible,ok,False,1,stop,
4092,SSWI000000018421169B.jpg,2020,2,0.3918,0.3791,0.4737,0.3524,0.98,ANTLERLESS,ADULT,visible,ok,False,1,stop,
4093,SSWI000000021534473A.jpg,2021,3,0.08312,0.5008,0.3893,0.4683,0.976,ANTLERLESS,ADULT,visible,ok,False,1,stop,
4094,SSWI000000013454362B.jpg,2019,5,0.69,0.5391,0.31,0.4025,0.951,ANTLERLESS,ADULT,visible,ok,False,1,stop,
4095,SSWI000000030689898B.jpg,2023,2,0.1718,0.5183,0.1975,0.4008,0.975,ANTLERLESS,ADULT,visible,ok,False,1,stop,
4096,SSWI000000026921503C.jpg,2022,7,0.3349,0.5016,0.5168,0.495,0.984,ANTLERLESS,ADULT,visible,ok,False,1,stop,
4097,SSWI000000017968393C.jpg,2019,10,0.00625,0.4891,0.1993,0.3333,0.967,ANTLERLESS,ADULT,visible,ok,False,1,stop,
4098,SSWI000000012645355A.jpg,2019,1,0.0,0.4691,0.2518,0.5291,0.976,ANTLERLESS,ADULT,visible,ok,False,1,stop,
4099,SSWI000000032704501A.jpg,2023,8,0.3712,0.7533,0.3412,0.2466,0.954,ANTLERLESS,ADULT,visible,ok,False,1,stop,
4100,SSWI000000027107404C.jpg,2022,5,0.5274,0.385,0.2037,0.3516,0.954,ANTLERLESS,ADULT,visible,ok,False,1,stop,
4101,SSWI000000014355643C.jpg,2019,5,0.1668,0.4775,0.7149,0.5199,0.971,ANTLERLESS,ADULT,visible,ok,False,1,stop,
4102,SSWI000000011265736A.jpg,2018,11,0.3906,0.5158,0.1781,0.2475,0.96,ANTLERLESS,ADULT,not_visible,ok,False,1,stop,
4103,SSWI000000010762350A.jpg,2018,10,0.3168,0.1858,0.3237,0.5425,0.972,ANTLERLESS,ADULT,visible,ok,False,1,stop,
4104,SSWI000000010719721C.jpg,2018,7,0.2112,0.7283,0.155,0.2258,0.95,ANTLERLESS,ADULT,visible,ok,False,1,stop,
4105,SSWI000000017157580C.jpg,2020,4,0.4043,0.555,0.2287,0.2725,0.976,ANTLERLESS,ADULT,visible,ok,False,1,stop,
4106,SSWI000000016525727A.jpg,2019,12,0.0,0.7075,0.6349,0.2916,0.977,ANTLERLESS,ADULT,not_visible,ok,False,1,stop,
4107,SSWI000000012828452C.jpg,2019,4,0.5112,0.5775,0.4887,0.4216,0.986,ANTLERLESS,ADULT,visible,ok,False,1,stop,
4108,SSWI000000010482489B.jpg,2018,7,0.8393,0.5525,0.1606,0.3141,0.972,ANTLERLESS,ADULT,visible,ok,False,1,stop,
4109,SSWI000000011505137A.jpg,2018,10,0.3756,0.6874,0.2125,0.2158,0.966,ANTLERLESS,ADULT,visible,ok,False,1,stop,
4110,SSWI000000015541316C.jpg,2019,10,0.0,0.5841,0.4687,0.4133,0.968,ANTLERLESS,ADULT,visible,ok,False,1,stop,
4111,SSWI000000016082557C.jpg,2019,12,0.09687,0.1366,0.3912,0.73,0.977,ANTLERLESS,ADULT,visible,ok,False,1,stop,
4112,SSWI000000028783591A.jpg,2022,9,0.735,0.3658,0.2649,0.4216,0.97,ANTLERLESS,ADULT,visible,ok,False,1,stop,
4113,SSWI000000007580759A.jpg,2018,1,0.0,0.3558,1.0,0.6416,0.969,ANTLERLESS,ADULT,visible,ok,False,1,stop,
4114,SSWI000000012051587C.jpg,2018,10,0.04375,0.03416,0.5256,0.6524,0.968,ANTLERLESS,ADULT,visible,ok,False,1,stop,
4115,SSWI000000030737378C.jpg,2023,3,0.4006,0.485,0.2531,0.2249,0.965,ANTLERLESS,ADULT,visible,ok,False,1,stop,
4116,SSWI000000017123971B.jpg,2019,10,0.4881,0.6783,0.3593,0.3183,0.978,ANTLERLESS,ADULT,visible,ok,False,1,stop,
4117,SSWI000000017587389C.jpg,2020,5,0.2612,0.2908,0.2381,0.3366,0.981,ANTLERLESS,ADULT,visible,ok,False,1,stop,
4118,SSWI000000017589458B.jpg,2020,4,0.2824,0.2366,0.1612,0.4958,0.968,ANTLERLESS,ADULT,visible,ok,False,1,stop,
4119,SSWI000000030330629C.jpg,2022,11,0.7518,0.4383,0.2481,0.3341,0.955,ANTLERLESS,ADULT,visible,ok,False,1,stop,
4120,SSWI000000033415614C.jpg,2023,11,0.1368,0.685,0.3481,0.3125,0.968,ANTLERLESS,ADULT,visible,ok,False,1,stop,
4121,SSWI000000017531530B.jpg,2020,5,0.4756,0.6166,0.1875,0.3499,0.962,ANTLERLESS,ADULT,visible,ok,False,1,stop,
4122,SSWI000000013489932A.jpg,2019,4,0.5649,0.3766,0.2506,0.2466,0.966,ANTLERLESS,ADULT,visible,ok,False,1,stop,
4123,SSWI000000011988072C.jpg,2018,12,0.7925,0.3725,0.2074,0.2383,0.955,ANTLERLESS,ADULT,not_visible,ok,False,1,stop,
4124,SSWI000000013991646B.jpg,2019,4,0.5574,0.6475,0.1593,0.1466,0.951,ANTLERLESS,ADULT,visible,ok,False,1,stop,
4125,SSWI000000020365686C.jpg,2020,3,0.2493,0.6566,0.2949,0.3425,0.972,ANTLERLESS,ADULT,visible,ok,False,1,stop,
4126,SSWI000000011203954A.jpg,2018,10,0.3918,0.66,0.1924,0.2599,0.963,ANTLERLESS,ADULT,visible,ok,False,1,stop,
4127,SSWI000000011050973A.jpg,2018,9,0.0006249,0.4566,0.2931,0.3133,0.951,ANTLERLESS,ADULT,visible,ok,False,1,stop,
4128,SSWI000000011060477C.jpg,2018,11,0.7168,0.3024,0.2831,0.3558,0.958,ANTLERLESS,ADULT,visible,ok,False,1,stop,
4129,SSWI000000016124913C.jpg,2019,12,0.4062,0.5491,0.09499,0.2899,0.96,ANTLERLESS,ADULT,visible,ok,False,1,stop,
4130,SSWI000000032704445A.jpg,2023,8,0.03375,0.8024,0.4568,0.1966,0.954,ANTLERLESS,ADULT,visible,ok,False,1,stop,
4131,SSWI000000033158975B.jpg,2023,9,0.07249,0.3158,0.4818,0.6541,0.979,ANTLERLESS,ADULT,visible,ok,False,1,stop,
4132,SSWI000000015424290A.jpg,2019,11,0.5474,0.6149,0.4443,0.3824,0.977,ANTLERLESS,ADULT,visible,ok,False,1,stop,
4133,SSWI000000010858259A.jpg,2018,10,0.1812,0.5591,0.2212,0.2566,0.963,ANTLERLESS,ADULT,visible,ok,False,1,stop,
4134,SSWI000000020668170A.jpg,2020,7,0.0,0.5266,0.5412,0.4733,0.97,ANTLERLESS,ADULT,visible,ok,False,1,stop,
4135,SSWI000000029354079C.jpg,2022,10,0.645,0.81,0.18,0.1875,0.962,ANTLERLESS,ADULT,not_visible,ok,False,1,stop,
4136,SSWI000000020768673B.jpg,2020,11,0.1612,0.3149,0.3612,0.6841,0.971,ANTLERLESS,ADULT,visible,ok,False,1,stop,
4137,SSWI000000024452799B.jpg,2021,11,0.3031,0.2383,0.3643,0.3833,0.976,ANTLERLESS,ADULT,visible,ok,False,1,stop,
4138,SSWI000000023784797B.jpg,2021,7,0.08687,0.4483,0.3481,0.3025,0.951,ANTLERLESS,ADULT,visible,ok,False,1,stop,
4139,SSWI000000012185645B.jpg,2018,11,0.3524,0.3783,0.6468,0.6191,0.981,ANTLERLESS,ADULT,visible,ok,False,1,stop,
4140,SSWI000000021037835B.jpg,2021,3,0.4962,0.7266,0.2412,0.2441,0.973,ANTLERLESS,ADULT,visible,ok,False,1,stop,
4141,SSWI000000020162693C.jpg,2020,3,0.09562,0.4783,0.4399,0.4749,0.96,ANTLERLESS,ADULT,visible,ok,False,1,stop,
4142,SSWI000000015803334A.jpg,2019,8,0.008749,0.6883,0.3937,0.31,0.964,ANTLERLESS,ADULT,visible,ok,False,1,stop,
4143,SSWI000000017012265C.jpg,2019,10,0.0,0.6499,0.4518,0.3466,0.972,ANTLERLESS,ADULT,visible,ok,False,1,stop,
4144,SSWI000000012351868C.jpg,2019,4,0.1999,0.5375,0.1487,0.2716,0.967,ANTLERLESS,ADULT,visible,ok,False,1,stop,
4145,SSWI000000015853253C.jpg,2019,11,0.0,0.5799,0.425,0.4174,0.981,ANTLERLESS,ADULT,visible,ok,False,1,stop,
4146,SSWI000000023318660A.jpg,2021,7,0.1418,0.3341,0.4,0.3758,0.962,ANTLERLESS,ADULT,visible,ok,False,1,stop,
4147,SSWI000000010719700C.jpg,2018,7,0.3881,0.7708,0.5793,0.2283,0.964,ANTLERLESS,ADULT,visible,ok,False,1,stop,
4148,SSWI000000018966917C.jpg,2020,8,0.5406,0.4141,0.3224,0.3066,0.959,ANTLERLESS,ADULT,visible,ok,False,1,stop,
4149,SSWI000000031594468C.jpg,2023,6,0.3075,0.4408,0.2162,0.2841,0.971,ANTLERLESS,ADULT,visible,ok,False,1,stop,
4150,SSWI000000010847262B.jpg,2018,8,0.1931,0.5908,0.2368,0.4058,0.973,ANTLERLESS,ADULT,visible,ok,False,1,stop,
4151,SSWI000000015011333C.jpg,2019,8,0.0006249,0.3158,0.7925,0.6833,0.974,ANTLERLESS,ADULT,visible,ok,False,1,stop,
4152,SSWI000000010209175C.jpg,2018,5,0.2018,0.4566,0.2349,0.2091,0.951,ANTLERLESS,ADULT,visible,ok,False,1,stop,
4153,SSWI000000033643039C.jpg,2023,12,0.4093,0.5066,0.1868,0.1975,0.963,ANTLERLESS,ADULT,not_visible,ok,False,1,stop,
4154,SSWI000000015556041A.jpg,2019,9,0.1756,0.3733,0.3756,0.5133,0.954,ANTLERLESS,ADULT,visible,ok,False,1,stop,
4155,SSWI000000012641325C.jpg,2019,1,0.47,0.1024,0.5299,0.6966,0.975,ANTLERLESS,ADULT,visible,ok,False,1,stop,
4156,SSWI000000011050973B.jpg,2018,9,0.00875,0.4575,0.2768,0.3266,0.971,ANTLERLESS,ADULT,visible,ok,False,1,stop,
4157,SSWI000000020539291C.jpg,2020,12,0.5931,0.6883,0.2931,0.31,0.962,ANTLERLESS,ADULT,visible,ok,False,1,stop,
4158,SSWI000000010809568B.jpg,2018,10,0.0,0.4641,0.4562,0.5341,0.976,ANTLERLESS,ADULT,visible,ok,False,1,stop,
4159,SSWI000000033447862A.jpg,2023,12,0.7687,0.4691,0.2312,0.4833,0.955,ANTLERLESS,ADULT,visible,ok,False,1,stop,
4160,SSWI000000015709772C.jpg,2019,8,0.0,0.5724,0.395,0.3783,0.964,ANTLERLESS,ADULT,visible,ok,False,1,stop,
4161,SSWI000000030715672C.jpg,2023,3,0.2268,0.5183,0.1231,0.165,0.96,ANTLERLESS,ADULT,visible,ok,False,1,stop,
4162,SSWI000000021357155A.jpg,2021,2,0.7387,0.4508,0.1068,0.2291,0.975,ANTLERLESS,ADULT,visible,ok,False,1,stop,
4163,SSWI000000007759594A.jpg,2018,1,0.5787,0.3116,0.4212,0.6866,0.98,ANTLERLESS,ADULT,visible,ok,False,1,stop,
4164,SSWI000000019469876B.jpg,2020,10,0.4675,0.2733,0.4424,0.2708,0.965,ANTLERLESS,ADULT,visible,ok,False,1,stop,
4165,SSWI000000011336271A.jpg,2018,12,0.5168,0.6233,0.1937,0.1516,0.956,ANTLERLESS,ADULT,visible,ok,False,1,stop,
4166,SSWI000000031342368A.jpg,2023,7,0.0,0.3449,0.2349,0.335,0.952,ANTLERLESS,ADULT,visible,ok,False,1,stop,
4167,SSWI000000012966025A.jpg,2018,12,0.001249,0.7716,0.975,0.2283,0.95,ANTLERLESS,ADULT,visible,ok,False,1,stop,
4168,SSWI000000012592663C.jpg,2019,2,0.42,0.5083,0.1468,0.1466,0.965,ANTLERLESS,ADULT,visible,ok,False,1,stop,
4169,SSWI000000031559331B.jpg,2023,7,0.4875,0.5825,0.07312,0.2049,0.955,ANTLERLESS,ADULT,not_visible,ok,False,1,stop,
4170,SSWI000000011315290B.jpg,2018,10,0.4974,0.2941,0.2337,0.2725,0.956,ANTLERLESS,ADULT,visible,ok,False,1,stop,
4171,SSWI000000016239311A.jpg,2020,1,0.5356,0.1558,0.4643,0.4941,0.976,ANTLERLESS,ADULT,visible,ok,False,1,stop,
4172,SSWI000000026035239A.jpg,2022,5,0.335,0.4275,0.4262,0.4358,0.975,ANTLERLESS,ADULT,visible,ok,False,1,stop,
4173,SSWI000000012065649C.jpg,2018,12,0.4231,0.3116,0.3043,0.3799,0.964,ANTLERLESS,ADULT,visible,ok,False,1,stop,
4174,SSWI000000013189158B.jpg,2018,12,0.06999,0.6308,0.7187,0.3683,0.979,ANTLERLESS,ADULT,visible,ok,False,1,stop,
4175,SSWI000000017082229A.jpg,2020,4,0.5262,0.4166,0.1075,0.2533,0.958,ANTLERLESS,ADULT,visible,ok,False,1,stop,
4176,SSWI000000030715901C.jpg,2023,4,0.19,0.5391,0.1837,0.2166,0.964,ANTLERLESS,ADULT,visible,ok,False,1,stop,
4177,SSWI000000012019965B.jpg,2019,1,0.3568,0.3541,0.2306,0.3333,0.98,ANTLERLESS,ADULT,visible,ok,False,1,stop,
4178,SSWI000000015484761B.jpg,2019,10,0.4037,0.6291,0.2624,0.2216,0.97,ANTLERLESS,ADULT,visible,ok,False,1,stop,
4179,SSWI000000020908929B.jpg,2020,12,0.5031,0.5674,0.2156,0.3375,0.975,ANTLERLESS,ADULT,visible,ok,False,1,stop,
4180,SSWI000000011207616A.jpg,2018,10,0.009375,0.7283,0.2249,0.2175,0.967,ANTLERLESS,ADULT,visible,ok,False,1,stop,
4181,SSWI000000030332523B.jpg,2023,4,0.3093,0.4308,0.3387,0.2816,0.97,ANTLERLESS,ADULT,visible,ok,False,1,stop,
4182,SSWI000000016241474A.jpg,2019,12,0.8056,0.5858,0.1943,0.1983,0.974,ANTLERLESS,ADULT,visible,ok,False,1,stop,
4183,SSWI000000010695412C.jpg,2018,5,0.0,0.4666,0.28,0.4933,0.98,ANTLERLESS,ADULT,visible,ok,False,1,stop,
4184,SSWI000000015830548A.jpg,2019,10,0.7131,0.3941,0.2074,0.3266,0.957,ANTLERLESS,ADULT,visible,ok,False,1,stop,
4185,SSWI000000020667316C.jpg,2020,2,0.5143,0.2991,0.3031,0.5883,0.97,ANTLERLESS,ADULT,visible,ok,False,1,stop,
4186,SSWI000000029779949C.jpg,2022,11,0.0,0.5458,0.1256,0.3758,0.966,ANTLERLESS,ADULT,visible,ok,False,1,stop,
4187,SSWI000000017587079A.jpg,2020,4,0.06312,0.28,0.4937,0.5791,0.985,ANTLERLESS,ADULT,visible,ok,False,1,stop,
4188,SSWI000000031080912C.jpg,2023,5,0.8162,0.5525,0.1837,0.4441,0.979,ANTLERLESS,ADULT,visible,ok,False,1,stop,
4189,SSWI000000021345213B.jpg,2020,12,0.4612,0.2925,0.2125,0.2849,0.969,ANTLERLESS,ADULT,visible,ok,False,1,stop,
4190,SSWI000000012592956B.jpg,2018,11,0.2968,0.5124,0.1187,0.2633,0.967,ANTLERLESS,ADULT,visible,ok,False,1,stop,
4191,SSWI000000019485254B.jpg,2020,10,0.3387,0.5308,0.6343,0.4666,0.981,ANTLERLESS,ADULT,visible,ok,False,1,stop,
4192,SSWI000000016547905A.jpg,2020,2,0.8293,0.5941,0.1706,0.3391,0.955,ANTLERLESS,ADULT,visible,ok,False,1,stop,
4193,SSWI000000021829165C.jpg,2021,4,0.0,0.3124,0.865,0.685,0.962,ANTLERLESS,ADULT,visible,ok,False,1,stop,
4194,SSWI000000011956951B.jpg,2018,12,0.0,0.008333,0.7674,0.9574,0.975,ANTLERLESS,ADULT,not_visible,ok,False,1,stop,
4195,SSWI000000018112651B.jpg,2020,6,0.1862,0.4241,0.1949,0.2733,0.954,ANTLERLESS,ADULT,visible,ok,False,1,stop,
4196,SSWI000000015181848B.jpg,2019,10,0.2418,0.3724,0.3443,0.4316,0.952,ANTLERLESS,ADULT,visible,ok,False,1,stop,
4197,SSWI000000024875001C.jpg,2021,12,0.6962,0.5116,0.3037,0.485,0.964,ANTLERLESS,ADULT,visible,ok,False,1,stop,
4198,SSWI000000029671672B.jpg,2022,11,0.1212,0.3991,0.09749,0.3041,0.954,ANTLERLESS,ADULT,not_visible,ok,False,1,stop,
4199,SSWI000000031606696B.jpg,2023,8,0.8362,0.275,0.1437,0.4283,0.955,ANTLERLESS,ADULT,visible,ok,False,1,stop,
4200,SSWI000000011417476B.jpg,2018,10,0.0006249,0.5341,0.5975,0.4658,0.954,ANTLERLESS,ADULT,not_visible,ok,False,1,stop,
4201,SSWI000000021405083A.jpg,2021,3,0.0,0.7666,0.4699,0.2316,0.96,ANTLERLESS,ADULT,visible,ok,False,1,stop,
4202,SSWI000000008327567A.jpg,2018,4,0.3556,0.6249,0.2381,0.3725,0.972,ANTLERLESS,ADULT,visible,ok,False,1,stop,
4203,SSWI000000021928723C.jpg,2021,5,0.6968,0.5716,0.3031,0.2824,0.95,ANTLERLESS,ADULT,visible,ok,False,1,stop,
4204,SSWI000000019187985B.jpg,2020,7,0.515,0.4683,0.3462,0.5299,0.98,ANTLERLESS,ADULT,visible,ok,False,1,stop,
4205,SSWI000000012057017A.jpg,2019,1,0.1887,0.3149,0.3474,0.3308,0.951,ANTLERLESS,ADULT,visible,ok,False,1,stop,
4206,SSWI000000032053739B.jpg,2023,8,0.1449,0.2733,0.1643,0.1749,0.962,ANTLERLESS,ADULT,visible,ok,False,1,stop,
4207,SSWI000000024681498C.jpg,2021,9,0.1318,0.0,0.4306,0.7191,0.981,ANTLERLESS,ADULT,visible,ok,False,1,stop,
4208,SSWI000000016617884B.jpg,2019,11,0.7268,0.4483,0.2193,0.3524,0.964,ANTLERLESS,ADULT,visible,ok,False,1,stop,
4209,SSWI000000016592991C.jpg,2019,12,0.0,0.4691,0.6337,0.5274,0.98,ANTLERLESS,ADULT,visible,ok,False,1,stop,
4210,SSWI000000024029622B.jpg,2021,7,0.3556,0.6733,0.1831,0.2924,0.951,ANTLERLESS,ADULT,visible,ok,False,1,stop,
4211,SSWI000000009533212C.jpg,2018,7,0.585,0.5216,0.405,0.3041,0.981,ANTLERLESS,ADULT,visible,ok,False,1,stop,
4212,SSWI000000023824967C.jpg,2021,9,0.0,0.605,0.2062,0.3916,0.969,ANTLERLESS,ADULT,visible,ok,False,1,stop,
4213,SSWI000000015853049B.jpg,2019,10,0.5868,0.4433,0.2687,0.5308,0.959,ANTLERLESS,ADULT,visible,ok,False,1,stop,
4214,SSWI000000021357283A.jpg,2021,4,0.2475,0.4575,0.6781,0.5383,0.974,ANTLERLESS,ADULT,visible,ok,False,1,stop,
4215,SSWI000000008503889C.jpg,2018,3,0.3374,0.43,0.4174,0.5199,0.979,ANTLERLESS,ADULT,visible,ok,False,1,stop,
4216,SSWI000000032142346C.jpg,2023,8,0.5631,0.3883,0.2462,0.4316,0.966,ANTLERLESS,ADULT,visible,ok,False,1,stop,
4217,SSWI000000015498348B.jpg,2019,10,0.3181,0.4825,0.1581,0.1633,0.963,ANTLERLESS,ADULT,visible,ok,False,1,stop,
4218,SSWI000000017042651A.jpg,2020,3,0.1237,0.4066,0.1837,0.2775,0.975,ANTLERLESS,ADULT,visible,ok,False,1,stop,
4219,SSWI000000008396006C.jpg,2018,4,0.59,0.5558,0.4099,0.4433,0.982,ANTLERLESS,ADULT,visible,ok,False,1,stop,
4220,SSWI000000017296501A.jpg,2020,3,0.4656,0.5299,0.2649,0.4683,0.977,ANTLERLESS,ADULT,visible,ok,False,1,stop,
4221,SSWI000000018954203C.jpg,2020,8,0.06624,0.6325,0.4368,0.3658,0.975,ANTLERLESS,ADULT,visible,ok,False,1,stop,
4222,SSWI000000011719341A.jpg,2019,1,0.03687,0.5283,0.2943,0.3208,0.981,ANTLERLESS,ADULT,visible,ok,False,1,stop,
4223,SSWI000000017712156B.jpg,2020,6,0.0,0.3816,0.2281,0.2966,0.959,ANTLERLESS,ADULT,not_visible,ok,False,1,stop,
4224,SSWI000000019359068A.jpg,2020,5,0.3156,0.5333,0.1018,0.2283,0.956,ANTLERLESS,ADULT,not_visible,ok,False,1,stop,
4225,SSWI000000018176142B.jpg,2019,7,0.08375,0.7449,0.4006,0.2524,0.963,ANTLERLESS,ADULT,visible,ok,False,1,stop,
4226,SSWI000000016241277C.jpg,2019,11,0.4737,0.4866,0.2468,0.2099,0.968,ANTLERLESS,ADULT,visible,ok,False,1,stop,
4227,SSWI000000018741389A.jpg,2020,8,0.1618,0.56,0.4337,0.3266,0.954,ANTLERLESS,ADULT,not_visible,ok,False,1,stop,
4228,SSWI000000009482417B.jpg,2018,5,0.6031,0.4574,0.1749,0.2058,0.955,ANTLERLESS,ADULT,visible,ok,False,1,stop,
4229,SSWI000000030689971C.jpg,2023,3,0.3368,0.5366,0.1118,0.3141,0.951,ANTLERLESS,ADULT,visible,ok,False,1,stop,
4230,SSWI000000019573425B.jpg,2020,9,0.0,0.2983,0.6524,0.6991,0.983,ANTLERLESS,ADULT,visible,ok,False,1,stop,
4231,SSWI000000020128849A.jpg,2020,11,0.3512,0.2366,0.4437,0.5016,0.979,ANTLERLESS,ADULT,visible,ok,False,1,stop,
4232,SSWI000000034044503B.jpg,2023,12,0.1856,0.1866,0.3543,0.3941,0.979,ANTLERLESS,ADULT,visible,ok,False,1,stop,
4233,SSWI000000012828091B.jpg,2019,1,0.3531,0.6508,0.1075,0.2908,0.977,ANTLERLESS,ADULT,visible,ok,False,1,stop,
4234,SSWI000000023611487B.jpg,2021,7,0.04687,0.4999,0.4231,0.2933,0.963,ANTLERLESS,ADULT,visible,ok,False,1,stop,
4235,SSWI000000008716571C.jpg,2018,5,0.1512,0.39,0.3112,0.2408,0.956,ANTLERLESS,ADULT,visible,ok,False,1,stop,
4236,SSWI000000017889624B.jpg,2020,7,0.006249,0.3924,0.5012,0.605,0.981,ANTLERLESS,ADULT,visible,ok,False,1,stop,
4237,SSWI000000007974893C.jpg,2018,3,0.7556,0.5975,0.2443,0.4,0.962,ANTLERLESS,ADULT,visible,ok,False,1,stop,
4238,SSWI000000021296173A.jpg,2020,10,0.04312,0.5358,0.2662,0.4641,0.952,ANTLERLESS,ADULT,visible,ok,False,1,stop,
4239,SSWI000000011014412C.jpg,2018,10,0.2087,0.4766,0.3468,0.4225,0.969,ANTLERLESS,ADULT,visible,ok,False,1,stop,
4240,SSWI000000012640000B.jpg,2019,3,0.0,0.3158,0.8475,0.6808,0.981,ANTLERLESS,ADULT,visible,ok,False,1,stop,
4241,SSWI000000013672580A.jpg,2019,6,0.1762,0.4883,0.7131,0.5083,0.978,ANTLERLESS,ADULT,visible,ok,False,1,stop,
4242,SSWI000000022439847A.jpg,2021,6,0.305,0.275,0.37,0.3208,0.957,ANTLERLESS,ADULT,visible,ok,False,1,stop,
4243,SSWI000000012449334A.jpg,2019,4,0.5643,0.3533,0.2349,0.3574,0.964,ANTLERLESS,ADULT,visible,ok,False,1,stop,
4244,SSWI000000019625815A.jpg,2020,4,0.6512,0.4716,0.09,0.2125,0.956,ANTLERLESS,ADULT,visible,ok,False,1,stop,
4245,SSWI000000030816499C.jpg,2023,6,0.2475,0.6574,0.2781,0.34,0.979,ANTLERLESS,ADULT,visible,ok,False,1,stop,
4246,SSWI000000011022748B.jpg,2018,11,0.4256,0.2208,0.2312,0.3158,0.967,ANTLERLESS,ADULT,visible,ok,False,1,stop,
4247,SSWI000000024943507B.jpg,2022,1,0.5093,0.3358,0.3437,0.2183,0.972,ANTLERLESS,ADULT,visible,ok,False,1,stop,
4248,SSWI000000012372724A.jpg,2018,12,0.4993,0.4091,0.5,0.5866,0.981,ANTLERLESS,ADULT,visible,ok,False,1,stop,
4249,SSWI000000010773153C.jpg,2018,9,0.0,0.5841,0.3874,0.4158,0.98,ANTLERLESS,ADULT,visible,ok,False,1,stop,
4250,SSWI000000009816765B.jpg,2018,2,0.5781,0.4916,0.4218,0.3558,0.973,ANTLERLESS,ADULT,visible,ok,False,1,stop,
4251,SSWI000000013989002A.jpg,2019,6,0.3187,0.3866,0.2249,0.2108,0.963,ANTLERLESS,ADULT,visible,ok,False,1,stop,
4252,SSWI000000010857772A.jpg,2018,6,0.5531,0.4783,0.3368,0.2775,0.956,ANTLERLESS,ADULT,visible,ok,False,1,stop,
4253,SSWI000000025103621A.jpg,2022,1,0.7875,0.5283,0.1506,0.15,0.958,ANTLERLESS,ADULT,visible,ok,False,1,stop,
4254,SSWI000000009743894B.jpg,2018,6,0.8231,0.1841,0.1768,0.8108,0.951,ANTLERLESS,ADULT,not_visible,ok,False,1,stop,
4255,SSWI000000021661137B.jpg,2021,5,0.7712,0.4649,0.07562,0.2216,0.956,ANTLERLESS,ADULT,not_visible,ok,False,1,stop,
4256,SSWI000000022025447B.jpg,2021,5,0.2343,0.14,0.46,0.4658,0.97,ANTLERLESS,ADULT,visible,ok,False,1,stop,
4257,SSWI000000012320615B.jpg,2018,10,0.4799,0.2925,0.3156,0.4474,0.973,ANTLERLESS,ADULT,visible,ok,False,1,stop,
4258,SSWI000000025354192C.jpg,2021,12,0.3624,0.42,0.4156,0.3833,0.981,ANTLERLESS,ADULT,visible,ok,False,1,stop,
4259,SSWI000000017587083C.jpg,2020,4,0.5868,0.3266,0.3874,0.6616,0.984,ANTLERLESS,ADULT,visible,ok,False,1,stop,
4260,SSWI000000013471626C.jpg,2019,5,0.02124,0.4166,0.2293,0.5799,0.975,ANTLERLESS,ADULT,visible,ok,False,1,stop,
4261,SSWI000000025404642B.jpg,2022,1,0.2031,0.5083,0.1343,0.2349,0.969,ANTLERLESS,ADULT,visible,ok,False,1,stop,
4262,SSWI000000024507114A.jpg,2021,10,0.3212,0.18,0.4387,0.375,0.975,ANTLERLESS,ADULT,visible,ok,False,1,stop,
4263,SSWI000000015362458C.jpg,2019,10,0.39,0.5633,0.2781,0.3075,0.971,ANTLERLESS,ADULT,visible,ok,False,1,stop,
4264,SSWI000000032846357C.jpg,2023,11,0.5693,0.5158,0.2,0.305,0.962,ANTLERLESS,ADULT,visible,ok,False,1,stop,
4265,SSWI000000020438297B.jpg,2020,10,0.0,0.4575,0.1712,0.3708,0.966,ANTLERLESS,ADULT,visible,ok,False,1,stop,
4266,SSWI000000021456754B.jpg,2021,3,0.7387,0.4391,0.09437,0.2733,0.956,ANTLERLESS,ADULT,visible,ok,False,1,stop,
4267,SSWI000000026223446C.jpg,2022,5,0.155,0.4474,0.2318,0.2074,0.962,ANTLERLESS,ADULT,visible,ok,False,1,stop,
4268,SSWI000000011836669C.jpg,2019,1,0.4868,0.6424,0.1981,0.2775,0.974,ANTLERLESS,ADULT,visible,ok,False,1,stop,
4269,SSWI000000015444710A.jpg,2019,9,0.6043,0.6116,0.3956,0.3216,0.965,ANTLERLESS,ADULT,visible,ok,False,1,stop,
4270,SSWI000000015160721B.jpg,2019,9,0.2143,0.5666,0.3106,0.4074,0.97,ANTLERLESS,ADULT,visible,ok,False,1,stop,
4271,SSWI000000008720730B.jpg,2018,5,0.62,0.4841,0.3799,0.4633,0.973,ANTLERLESS,ADULT,visible,ok,False,1,stop,
4272,SSWI000000021705956C.jpg,2021,4,0.5712,0.4016,0.4287,0.5966,0.978,ANTLERLESS,ADULT,visible,ok,False,1,stop,
4273,SSWI000000025354095C.jpg,2022,2,0.2412,0.4399,0.4124,0.3524,0.975,ANTLERLESS,ADULT,visible,ok,False,1,stop,
4274,SSWI000000024754921A.jpg,2021,11,0.2418,0.3224,0.4481,0.6741,0.975,ANTLERLESS,ADULT,visible,ok,False,1,stop,
4275,SSWI000000016629065C.jpg,2019,11,0.4287,0.6958,0.4106,0.3041,0.976,ANTLERLESS,ADULT,visible,ok,False,1,stop,
4276,SSWI000000024638254B.jpg,2021,12,0.03375,0.5258,0.1787,0.2383,0.962,ANTLERLESS,ADULT,not_visible,ok,False,1,stop,
4277,SSWI000000011088004A.jpg,2018,9,0.3768,0.5999,0.1368,0.215,0.957,ANTLERLESS,ADULT,visible,ok,False,1,stop,
4278,SSWI000000024692252B.jpg,2021,6,0.2931,0.3883,0.4731,0.4325,0.961,ANTLERLESS,ADULT,visible,ok,False,1,stop,
4279,SSWI000000021502523B.jpg,2021,4,0.3768,0.4574,0.3962,0.4766,0.979,ANTLERLESS,ADULT,visible,ok,False,1,stop,
4280,SSWI000000012513331B.jpg,2019,1,0.1568,0.5016,0.2856,0.4958,0.976,ANTLERLESS,ADULT,visible,ok,False,1,stop,
4281,SSWI000000008450554B.jpg,2018,2,0.3718,0.67,0.2425,0.3291,0.981,ANTLERLESS,ADULT,visible,ok,False,1,stop,
4282,SSWI000000012217817C.jpg,2019,2,0.4025,0.565,0.2537,0.2641,0.959,ANTLERLESS,ADULT,visible,ok,False,1,stop,
4283,SSWI000000020151883A.jpg,2020,10,0.4887,0.6125,0.2012,0.2808,0.97,ANTLERLESS,ADULT,visible,ok,False,1,stop,
4284,SSWI000000015863190B.jpg,2019,10,0.3612,0.3366,0.3774,0.46,0.973,ANTLERLESS,ADULT,visible,ok,False,1,stop,
4285,SSWI000000025296652B.jpg,2022,1,0.1712,0.1866,0.5812,0.5074,0.973,ANTLERLESS,ADULT,visible,ok,False,1,stop,
4286,SSWI000000008830924A.jpg,2018,4,0.0,0.4158,0.1818,0.4258,0.975,ANTLERLESS,ADULT,visible,ok,False,1,stop,
4287,SSWI000000013558713B.jpg,2019,4,0.4962,0.7391,0.3412,0.2599,0.979,ANTLERLESS,ADULT,visible,ok,False,1,stop,
4288,SSWI000000008651786C.jpg,2018,5,0.05125,0.47,0.1918,0.2025,0.971,ANTLERLESS,ADULT,visible,ok,False,1,stop,
4289,SSWI000000020503543C.jpg,2020,10,0.405,0.2558,0.435,0.3833,0.963,ANTLERLESS,ADULT,visible,ok,False,1,stop,
4290,SSWI000000009570327B.jpg,2018,6,0.5812,0.6175,0.2206,0.3075,0.954,ANTLERLESS,ADULT,visible,ok,False,1,stop,
4291,SSWI000000010719727B.jpg,2018,7,0.0,0.7691,0.3962,0.23,0.977,ANTLERLESS,ADULT,visible,ok,False,1,stop,
4292,SSWI000000019780651B.jpg,2020,9,0.2318,0.5533,0.4968,0.4441,0.969,ANTLERLESS,ADULT,visible,ok,False,1,stop,
4293,SSWI000000030427566B.jpg,2022,12,0.4762,0.6149,0.3943,0.3808,0.964,ANTLERLESS,ADULT,visible,ok,False,1,stop,
4294,SSWI000000023427255C.jpg,2021,7,0.1725,0.4891,0.7181,0.5099,0.981,ANTLERLESS,ADULT,visible,ok,False,1,stop,
4295,SSWI000000032056428C.jpg,2023,7,0.3312,0.6183,0.335,0.3358,0.968,ANTLERLESS,ADULT,visible,ok,False,1,stop,
4296,SSWI000000019358743A.jpg,2020,4,0.0,0.6458,0.2412,0.2591,0.955,ANTLERLESS,ADULT,visible,ok,False,1,stop,
4297,SSWI000000013988993A.jpg,2019,6,0.4324,0.3858,0.2006,0.2541,0.971,ANTLERLESS,ADULT,visible,ok,False,1,stop,
4298,SSWI000000031723172B.jpg,2023,8,0.2937,0.4275,0.3381,0.3566,0.96,ANTLERLESS,ADULT,visible,ok,False,1,stop,
4299,SSWI000000025650873A.jpg,2022,3,0.6199,0.525,0.1706,0.3408,0.974,ANTLERLESS,ADULT,visible,ok,False,1,stop,
4300,SSWI000000018264050A.jpg,2020,4,0.6675,0.6066,0.3287,0.2899,0.969,ANTLERLESS,ADULT,visible,ok,False,1,stop,
4301,SSWI000000032142473A.jpg,2023,9,0.0,0.6575,0.5356,0.3408,0.981,ANTLERLESS,ADULT,visible,ok,False,1,stop,
4302,SSWI000000011288078A.jpg,2018,10,0.37,0.4891,0.4706,0.4824,0.964,ANTLERLESS,ADULT,visible,ok,False,1,stop,
4303,SSWI000000013818874B.jpg,2019,5,0.55,0.4666,0.2712,0.2083,0.962,ANTLERLESS,ADULT,visible,ok,False,1,stop,
4304,SSWI000000019625855A.jpg,2020,4,0.3737,0.4125,0.1881,0.3633,0.971,ANTLERLESS,ADULT,visible,ok,False,1,stop,
4305,SSWI000000008098476A.jpg,2018,3,0.3487,0.345,0.2568,0.2391,0.954,ANTLERLESS,ADULT,visible,ok,False,1,stop,
4306,SSWI000000024876878B.jpg,2021,11,0.3406,0.4833,0.4293,0.3183,0.972,ANTLERLESS,ADULT,visible,ok,False,1,stop,
4307,SSWI000000015177542C.jpg,2019,8,0.7218,0.4699,0.2725,0.2858,0.953,ANTLERLESS,ADULT,not_visible,ok,False,1,stop,
4308,SSWI000000015497461A.jpg,2019,8,0.5456,0.4191,0.4206,0.5808,0.981,ANTLERLESS,ADULT,visible,ok,False,1,stop,
4309,SSWI000000020145897A.jpg,2020,11,0.5968,0.6583,0.3187,0.3391,0.974,ANTLERLESS,ADULT,visible,ok,False,1,stop,
4310,SSWI000000027674227C.jpg,2022,8,0.7981,0.6124,0.2018,0.3841,0.96,ANTLERLESS,ADULT,visible,ok,False,1,stop,
4311,SSWI000000016776850B.jpg,2020,3,0.0,0.5249,0.5749,0.4716,0.985,ANTLERLESS,ADULT,visible,ok,False,1,stop,
4312,SSWI000000008450595A.jpg,2018,3,0.7199,0.5866,0.1,0.25,0.956,ANTLERLESS,ADULT,visible,ok,False,1,stop,
4313,SSWI000000033416920C.jpg,2023,10,0.4874,0.5466,0.2206,0.2933,0.974,ANTLERLESS,ADULT,visible,ok,False,1,stop,
4314,SSWI000000025471644B.jpg,2022,3,0.0,0.275,0.1606,0.5833,0.953,ANTLERLESS,ADULT,visible,ok,False,1,stop,
4315,SSWI000000016173743A.jpg,2019,10,0.6156,0.5541,0.2462,0.3133,0.972,ANTLERLESS,ADULT,visible,ok,False,1,stop,
4316,SSWI000000031608225A.jpg,2023,6,0.825,0.6466,0.1749,0.3524,0.955,ANTLERLESS,ADULT,visible,ok,False,1,stop,
4317,SSWI000000024690470A.jpg,2021,7,0.6943,0.6241,0.3056,0.3725,0.963,ANTLERLESS,ADULT,visible,ok,False,1,stop,
4318,SSWI000000029657111A.jpg,2023,2,0.7087,0.3958,0.1474,0.2883,0.975,ANTLERLESS,ADULT,visible,ok,False,1,stop,
4319,SSWI000000012392238B.jpg,2019,4,0.02437,0.5741,0.3143,0.3224,0.979,ANTLERLESS,ADULT,visible,ok,False,1,stop,
4320,SSWI000000010477161B.jpg,2018,7,0.6212,0.4525,0.2731,0.2183,0.956,ANTLERLESS,ADULT,visible,ok,False,1,stop,
4321,SSWI000000019012823B.jpg,2020,7,0.0,0.2433,0.2118,0.4399,0.954,ANTLERLESS,ADULT,visible,ok,False,1,stop,
4322,SSWI000000012448848C.jpg,2018,11,0.4543,0.3049,0.4981,0.5316,0.978,ANTLERLESS,ADULT,visible,ok,False,1,stop,
4323,SSWI000000033496953C.jpg,2023,9,0.4031,0.5041,0.4174,0.4933,0.977,ANTLERLESS,ADULT,visible,ok,False,1,stop,
4324,SSWI000000026184898A.jpg,2022,5,0.0,0.5033,0.4906,0.4933,0.975,ANTLERLESS,ADULT,visible,ok,False,1,stop,
4325,SSWI000000024333700A.jpg,2021,10,0.4512,0.6525,0.3118,0.3441,0.976,ANTLERLESS,ADULT,visible,ok,False,1,stop,
4326,SSWI000000016728618C.jpg,2020,2,0.1449,0.1316,0.8543,0.8633,0.977,ANTLERLESS,ADULT,visible,ok,False,1,stop,
4327,SSWI000000012217844B.jpg,2019,2,0.8193,0.5166,0.1037,0.2308,0.957,ANTLERLESS,ADULT,visible,ok,False,1,stop,
4328,SSWI000000014009036B.jpg,2019,4,0.0,0.0,1.0,0.9958,0.969,ANTLERLESS,ADULT,visible,ok,False,1,stop,
4329,SSWI000000010195472B.jpg,2018,9,0.0,0.6133,0.1768,0.3849,0.971,ANTLERLESS,ADULT,visible,ok,False,1,stop,
4330,SSWI000000020072034C.jpg,2020,10,0.6449,0.5591,0.23,0.2758,0.973,ANTLERLESS,ADULT,visible,ok,False,1,stop,
4331,SSWI000000011836958B.jpg,2018,12,0.1712,0.7233,0.5637,0.2758,0.963,ANTLERLESS,ADULT,visible,ok,False,1,stop,
4332,SSWI000000025092627B.jpg,2022,2,0.1887,0.5541,0.2331,0.2508,0.96,ANTLERLESS,ADULT,visible,ok,False,1,stop,
4333,SSWI000000018009041C.jpg,2019,8,0.4893,0.5341,0.1599,0.2591,0.954,ANTLERLESS,ADULT,visible,ok,False,1,stop,
4334,SSWI000000010847107B.jpg,2018,7,0.4075,0.4875,0.2168,0.5099,0.978,ANTLERLESS,ADULT,visible,ok,False,1,stop,
4335,SSWI000000016776777C.jpg,2020,3,0.1118,0.4983,0.6143,0.4991,0.984,ANTLERLESS,ADULT,visible,ok,False,1,stop,
4336,SSWI000000021705909A.jpg,2021,3,0.7206,0.5216,0.2793,0.4774,0.961,ANTLERLESS,ADULT,not_visible,ok,False,1,stop,
4337,SSWI000000011315627B.jpg,2018,10,0.0,0.2349,0.34,0.5683,0.965,ANTLERLESS,ADULT,visible,ok,False,1,stop,
4338,SSWI000000024325868A.jpg,2020,11,0.0,0.7166,0.2349,0.28,0.955,ANTLERLESS,ADULT,not_visible,ok,False,1,stop,
4339,SSWI000000014071569C.jpg,2019,8,0.0,0.2033,0.4818,0.7958,0.962,ANTLERLESS,ADULT,not_visible,ok,False,1,stop,
4340,SSWI000000013078609C.jpg,2019,6,0.6181,0.5008,0.3712,0.3108,0.966,ANTLERLESS,ADULT,visible,ok,False,1,stop,
4341,SSWI000000017931849C.jpg,2019,12,0.1918,0.4491,0.1981,0.4391,0.974,ANTLERLESS,ADULT,visible,ok,False,1,stop,
4342,SSWI000000024690798A.jpg,2021,10,0.5924,0.5941,0.4074,0.4058,0.968,ANTLERLESS,ADULT,visible,ok,False,1,stop,
4343,SSWI000000017356320C.jpg,2020,4,0.7118,0.2883,0.28,0.435,0.976,ANTLERLESS,ADULT,visible,ok,False,1,stop,
4344,SSWI000000025250164A.jpg,2022,2,0.2256,0.6083,0.2237,0.2924,0.954,ANTLERLESS,ADULT,visible,ok,False,1,stop,
4345,SSWI000000021321175B.jpg,2021,4,0.725,0.47,0.2693,0.3224,0.979,ANTLERLESS,ADULT,visible,ok,False,1,stop,
4346,SSWI000000028167390C.jpg,2022,8,0.7831,0.6583,0.2168,0.2849,0.971,ANTLERLESS,ADULT,visible,ok,False,1,stop,
4347,SSWI000000012957766B.jpg,2019,5,0.6625,0.5633,0.3375,0.3116,0.96,ANTLERLESS,ADULT,visible,ok,False,1,stop,
4348,SSWI000000009538897B.jpg,2018,4,0.165,0.43,0.3274,0.3383,0.95,ANTLERLESS,ADULT,visible,ok,False,1,stop,
4349,SSWI000000017540669A.jpg,2020,3,0.6037,0.6233,0.3962,0.3758,0.977,ANTLERLESS,ADULT,visible,ok,False,1,stop,
4350,SSWI000000016241440C.jpg,2019,12,0.19,0.5816,0.6424,0.4116,0.985,ANTLERLESS,ADULT,visible,ok,False,1,stop,
4351,SSWI000000034200679C.jpg,2023,12,0.495,0.4375,0.5049,0.5591,0.987,ANTLERLESS,ADULT,visible,ok,False,1,stop,
4352,SSWI000000017933026A.jpg,2020,5,0.2412,0.385,0.1656,0.3583,0.95,ANTLERLESS,ADULT,visible,ok,False,1,stop,
4353,SSWI000000025405186C.jpg,2022,4,0.4675,0.5775,0.435,0.4216,0.977,ANTLERLESS,ADULT,visible,ok,False,1,stop,
4354,SSWI000000022167082C.jpg,2021,5,0.7599,0.5516,0.2399,0.4474,0.957,ANTLERLESS,ADULT,not_visible,ok,False,1,stop,
4355,SSWI000000026184223C.jpg,2022,3,0.1287,0.5041,0.4925,0.4933,0.978,ANTLERLESS,ADULT,visible,ok,False,1,stop,
4356,SSWI000000020768563B.jpg,2020,12,0.1512,0.355,0.2093,0.5083,0.972,ANTLERLESS,ADULT,visible,ok,False,1,stop,
4357,SSWI000000029609014A.jpg,2022,9,0.5587,0.6125,0.2531,0.2516,0.957,ANTLERLESS,ADULT,visible,ok,False,1,stop,
4358,SSWI000000021247586A.jpg,2020,12,0.0,0.5166,0.5206,0.4799,0.986,ANTLERLESS,ADULT,visible,ok,False,1,stop,
4359,SSWI000000009666710C.jpg,2018,6,0.3356,0.7366,0.1487,0.1583,0.951,ANTLERLESS,ADULT,not_visible,ok,False,1,stop,
4360,SSWI000000015053065B.jpg,2019,9,0.0,0.3966,0.4968,0.6008,0.963,ANTLERLESS,ADULT,visible,ok,False,1,stop,
4361,SSWI000000033257030C.jpg,2023,10,0.03687,0.5524,0.4281,0.4449,0.978,ANTLERLESS,ADULT,visible,ok,False,1,stop,
4362,SSWI000000018998403B.jpg,2020,3,0.08562,0.64,0.2437,0.3574,0.968,ANTLERLESS,ADULT,visible,ok,False,1,stop,
4363,SSWI000000012828389A.jpg,2019,4,0.3743,0.6391,0.1218,0.1141,0.959,ANTLERLESS,ADULT,visible,ok,False,1,stop,
4364,SSWI000000024648332B.jpg,2021,11,0.8456,0.3933,0.1543,0.3025,0.956,ANTLERLESS,ADULT,visible,ok,False,1,stop,
4365,SSWI000000015423979A.jpg,2019,9,0.2599,0.625,0.2056,0.1841,0.955,ANTLERLESS,ADULT,visible,ok,False,1,stop,
4366,SSWI000000033642978A.jpg,2023,11,0.09,0.4733,0.2106,0.1599,0.959,ANTLERLESS,ADULT,visible,ok,False,1,stop,
4367,SSWI000000021183179C.jpg,2020,9,0.3718,0.4441,0.3281,0.405,0.961,ANTLERLESS,ADULT,visible,ok,False,1,stop,
4368,SSWI000000025550507B.jpg,2022,1,0.3574,0.4966,0.1093,0.2316,0.966,ANTLERLESS,ADULT,visible,ok,False,1,stop,
4369,SSWI000000033486173B.jpg,2023,11,0.4712,0.3158,0.2381,0.2366,0.973,ANTLERLESS,ADULT,visible,ok,False,1,stop,
4370,SSWI000000028783401C.jpg,2022,8,0.2081,0.4025,0.1912,0.2091,0.963,ANTLERLESS,ADULT,visible,ok,False,1,stop,
4371,SSWI000000032616811A.jpg,2023,7,0.6818,0.6516,0.2206,0.18,0.96,ANTLERLESS,ADULT,visible,ok,False,1,stop,
4372,SSWI000000025575369A.jpg,2022,2,0.5762,0.4116,0.1525,0.2541,0.975,ANTLERLESS,ADULT,visible,ok,False,1,stop,
4373,SSWI000000013991773A.jpg,2019,5,0.2493,0.6991,0.2706,0.2966,0.954,ANTLERLESS,ADULT,visible,ok,False,1,stop,
4374,SSWI000000015535441C.jpg,2019,11,0.6106,0.3675,0.1418,0.2841,0.973,ANTLERLESS,ADULT,visible,ok,False,1,stop,
4375,SSWI000000017919757B.jpg,2020,5,0.1875,0.5383,0.4406,0.4608,0.974,ANTLERLESS,ADULT,visible,ok,False,1,stop,
4376,SSWI000000015480803A.jpg,2019,5,0.245,0.5233,0.09125,0.3291,0.952,ANTLERLESS,ADULT,visible,ok,False,1,stop,
4377,SSWI000000022291561B.jpg,2021,7,0.0,0.46,0.3362,0.535,0.973,ANTLERLESS,ADULT,visible,ok,False,1,stop,
4378,SSWI000000027905984A.jpg,2022,8,0.7018,0.6133,0.2162,0.3858,0.978,ANTLERLESS,ADULT,not_visible,ok,False,1,stop,
4379,SSWI000000012999629B.jpg,2018,12,0.6156,0.5783,0.2806,0.3375,0.971,ANTLERLESS,ADULT,visible,ok,False,1,stop,
4380,SSWI000000011454981C.jpg,2018,12,0.3262,0.5433,0.4762,0.3358,0.96,ANTLERLESS,ADULT,visible,ok,False,1,stop,
4381,SSWI000000025650803C.jpg,2022,3,0.5837,0.3408,0.4162,0.6558,0.95,ANTLERLESS,ADULT,visible,ok,False,1,stop,
4382,SSWI000000024977431A.jpg,2021,12,0.3081,0.7633,0.4199,0.2341,0.975,ANTLERLESS,ADULT,visible,ok,False,1,stop,
4383,SSWI000000033257547A.jpg,2023,11,0.5375,0.5208,0.3843,0.3083,0.963,ANTLERLESS,ADULT,visible,ok,False,1,stop,
4384,SSWI000000021345188B.jpg,2020,11,0.2799,0.2741,0.72,0.6633,0.979,ANTLERLESS,ADULT,visible,ok,False,1,stop,
4385,SSWI000000021296092A.jpg,2021,3,0.05812,0.6041,0.2475,0.3783,0.968,ANTLERLESS,ADULT,visible,ok,False,1,stop,
4386,SSWI000000011523185B.jpg,2019,1,0.6924,0.3741,0.3075,0.5575,0.966,ANTLERLESS,ADULT,visible,ok,False,1,stop,
4387,SSWI000000016236868A.jpg,2019,7,0.5806,0.2658,0.4193,0.6441,0.966,ANTLERLESS,ADULT,visible,ok,False,1,stop,
4388,SSWI000000023427406C.jpg,2021,9,0.4481,0.4916,0.335,0.3,0.964,ANTLERLESS,ADULT,visible,ok,False,1,stop,
4389,SSWI000000011060265B.jpg,2018,11,0.1225,0.6549,0.2949,0.3433,0.972,ANTLERLESS,ADULT,visible,ok,False,1,stop,
4390,SSWI000000016063187C.jpg,2019,11,0.6993,0.5033,0.1749,0.2741,0.956,ANTLERLESS,ADULT,visible,ok,False,1,stop,
4391,SSWI000000027733556A.jpg,2022,8,0.2212,0.4033,0.3718,0.595,0.974,ANTLERLESS,ADULT,visible,ok,False,1,stop,
4392,SSWI000000018768631C.jpg,2020,8,0.4124,0.4416,0.4193,0.3891,0.97,ANTLERLESS,ADULT,visible,ok,False,1,stop,
4393,SSWI000000027062148C.jpg,2022,5,0.3681,0.2216,0.3343,0.7774,0.981,ANTLERLESS,ADULT,visible,ok,False,1,stop,
4394,SSWI000000013454132B.jpg,2019,3,0.4018,0.4833,0.3431,0.2791,0.969,ANTLERLESS,ADULT,visible,ok,False,1,stop,
4395,SSWI000000017048376C.jpg,2020,3,0.4693,0.445,0.4124,0.4191,0.981,ANTLERLESS,ADULT,visible,ok,False,1,stop,
4396,SSWI000000008191055A.jpg,2018,4,0.03312,0.4424,0.5243,0.4808,0.977,ANTLERLESS,ADULT,visible,ok,False,1,stop,
4397,SSWI000000022396883C.jpg,2021,6,0.4956,0.7908,0.4662,0.2083,0.971,ANTLERLESS,ADULT,visible,ok,False,1,stop,
4398,SSWI000000017965104C.jpg,2020,2,0.1512,0.4283,0.2381,0.1866,0.978,ANTLERLESS,ADULT,visible,ok,False,1,stop,
4399,SSWI000000013004898A.jpg,2019,5,0.01062,0.2208,0.6131,0.7774,0.98,ANTLERLESS,ADULT,visible,ok,False,1,stop,
4400,SSWI000000033520229C.jpg,2023,11,0.7281,0.4691,0.2462,0.2308,0.964,ANTLERLESS,ADULT,visible,ok,False,1,stop,
4401,SSWI000000032461825B.jpg,2023,9,0.5162,0.5791,0.1418,0.2775,0.974,ANTLERLESS,ADULT,visible,ok,False,1,stop,
4402,SSWI000000016548046A.jpg,2019,12,0.4518,0.5216,0.3706,0.4758,0.975,ANTLERLESS,ADULT,visible,ok,False,1,stop,
4403,SSWI000000033293531B.jpg,2023,9,0.6968,0.4225,0.2668,0.3108,0.965,ANTLERLESS,ADULT,visible,ok,False,1,stop,
4404,SSWI000000012158955C.jpg,2019,1,0.6799,0.3891,0.3199,0.4408,0.964,ANTLERLESS,ADULT,visible,ok,False,1,stop,
4405,SSWI000000009380246A.jpg,2018,5,0.5156,0.2191,0.4843,0.7774,0.977,ANTLERLESS,ADULT,visible,ok,False,1,stop,
4406,SSWI000000018492985B.jpg,2020,6,0.7781,0.4358,0.2218,0.2899,0.95,ANTLERLESS,ADULT,visible,ok,False,1,stop,
4407,SSWI000000025115150C.jpg,2022,1,0.625,0.5308,0.375,0.4658,0.976,ANTLERLESS,ADULT,visible,ok,False,1,stop,
4408,SSWI000000018999428C.jpg,2020,8,0.2012,0.8191,0.2356,0.1783,0.963,ANTLERLESS,ADULT,visible,ok,False,1,stop,
4409,SSWI000000017969262A.jpg,2020,2,0.1831,0.5299,0.1774,0.4683,0.962,ANTLERLESS,ADULT,visible,ok,False,1,stop,
4410,SSWI000000016236482C.jpg,2019,5,0.06499,0.3025,0.6806,0.6974,0.981,ANTLERLESS,ADULT,visible,ok,False,1,stop,
4411,SSWI000000012361388B.jpg,2018,11,0.4993,0.3524,0.2018,0.1983,0.953,ANTLERLESS,ADULT,visible,ok,False,1,stop,
4412,SSWI000000023927236B.jpg,2021,10,0.0,0.5766,0.3199,0.4233,0.974,ANTLERLESS,ADULT,visible,ok,False,1,stop,
4413,SSWI000000015863417C.jpg,2019,10,0.6943,0.3241,0.2493,0.3583,0.96,ANTLERLESS,ADULT,visible,ok,False,1,stop,
4414,SSWI000000019359067A.jpg,2020,5,0.5731,0.4058,0.3075,0.2966,0.978,ANTLERLESS,ADULT,visible,ok,False,1,stop,
4415,SSWI000000024507283A.jpg,2021,11,0.2418,0.2383,0.2475,0.4416,0.978,ANTLERLESS,ADULT,visible,ok,False,1,stop,
4416,SSWI000000012592945B.jpg,2018,11,0.5449,0.6091,0.3881,0.3883,0.986,ANTLERLESS,ADULT,visible,ok,False,1,stop,
4417,SSWI000000025102509A.jpg,2021,12,0.6887,0.5016,0.1656,0.2325,0.964,ANTLERLESS,ADULT,visible,ok,False,1,stop,
4418,SSWI000000014349652A.jpg,2019,6,0.1243,0.4083,0.2281,0.2725,0.969,ANTLERLESS,ADULT,visible,ok,False,1,stop,
4419,SSWI000000014205957B.jpg,2019,5,0.0,0.5024,0.2662,0.28,0.972,ANTLERLESS,ADULT,visible,ok,False,1,stop,
4420,SSWI000000008833227A.jpg,2018,5,0.7362,0.6333,0.2637,0.2716,0.964,ANTLERLESS,ADULT,visible,ok,False,1,stop,
4421,SSWI000000030038019C.jpg,2022,12,0.0,0.5508,0.2049,0.4466,0.962,ANTLERLESS,ADULT,visible,ok,False,1,stop,
4422,SSWI000000025404944B.jpg,2022,2,0.1349,0.52,0.1962,0.2508,0.972,ANTLERLESS,ADULT,visible,ok,False,1,stop,
4423,SSWI000000011502843A.jpg,2018,10,0.1631,0.3758,0.2425,0.2666,0.968,ANTLERLESS,ADULT,visible,ok,False,1,stop,
4424,SSWI000000030962983B.jpg,2023,6,0.135,0.4108,0.4356,0.4258,0.958,ANTLERLESS,ADULT,visible,ok,False,1,stop,
4425,SSWI000000021150679C.jpg,2021,1,0.62,0.5233,0.2831,0.2491,0.965,ANTLERLESS,ADULT,visible,ok,False,1,stop,
4426,SSWI000000020503771B.jpg,2020,11,0.1462,0.3241,0.3675,0.2775,0.967,ANTLERLESS,ADULT,visible,ok,False,1,stop,
4427,SSWI000000008700482B.jpg,2018,5,0.0,0.5866,0.2074,0.4124,0.977,ANTLERLESS,ADULT,visible,ok,False,1,stop,
4428,SSWI000000017004517B.jpg,2020,4,0.0,0.4774,0.2318,0.4799,0.96,ANTLERLESS,ADULT,visible,ok,False,1,stop,
4429,SSWI000000012592668C.jpg,2019,2,0.4362,0.5183,0.2025,0.1908,0.966,ANTLERLESS,ADULT,visible,ok,False,1,stop,
4430,SSWI000000017931317C.jpg,2019,8,0.0,0.3883,0.4718,0.6041,0.967,ANTLERLESS,ADULT,visible,ok,False,1,stop,
4431,SSWI000000016547816C.jpg,2020,2,0.265,0.6491,0.2106,0.2491,0.98,ANTLERLESS,ADULT,visible,ok,False,1,stop,
4432,SSWI000000025405691C.jpg,2022,1,0.8387,0.6133,0.1612,0.3191,0.955,ANTLERLESS,ADULT,visible,ok,False,1,stop,
4433,SSWI000000017433889B.jpg,2020,4,0.2425,0.535,0.425,0.3799,0.983,ANTLERLESS,ADULT,visible,ok,False,1,stop,
4434,SSWI000000024943558C.jpg,2021,9,0.0,0.4183,0.3899,0.4341,0.958,ANTLERLESS,ADULT,visible,ok,False,1,stop,
4435,SSWI000000021270840A.jpg,2020,9,0.3199,0.7191,0.5512,0.2791,0.968,ANTLERLESS,ADULT,visible,ok,False,1,stop,
4436,SSWI000000021183073C.jpg,2020,9,0.3487,0.3858,0.3762,0.3491,0.961,ANTLERLESS,ADULT,visible,ok,False,1,stop,
4437,SSWI000000019625572B.jpg,2020,4,0.6168,0.5199,0.09562,0.2708,0.957,ANTLERLESS,ADULT,visible,ok,False,1,stop,
4438,SSWI000000024456186C.jpg,2021,10,0.3699,0.5233,0.0925,0.1566,0.951,ANTLERLESS,ADULT,visible,ok,False,1,stop,
4439,SSWI000000011417350B.jpg,2018,11,0.6087,0.3566,0.2481,0.2283,0.973,ANTLERLESS,ADULT,visible,ok,False,1,stop,
4440,SSWI000000025091191B.jpg,2021,11,0.5712,0.6166,0.2868,0.3799,0.977,ANTLERLESS,ADULT,visible,ok,False,1,stop,
4441,SSWI000000010562571C.jpg,2018,9,0.4299,0.2241,0.5699,0.7733,0.956,ANTLERLESS,ADULT,not_visible,ok,False,1,stop,
4442,SSWI000000018741157A.jpg,2020,6,0.4431,0.5091,0.3812,0.4858,0.968,ANTLERLESS,ADULT,visible,ok,False,1,stop,
4443,SSWI000000021947346C.jpg,2021,4,0.1599,0.26,0.4993,0.5716,0.982,ANTLERLESS,ADULT,visible,ok,False,1,stop,
4444,SSWI000000025405104A.jpg,2022,3,0.1581,0.5849,0.2518,0.4124,0.982,ANTLERLESS,ADULT,visible,ok,False,1,stop,
4445,SSWI000000015698280C.jpg,2019,10,0.3624,0.3066,0.5662,0.6908,0.979,ANTLERLESS,ADULT,visible,ok,False,1,stop,
4446,SSWI000000020664639A.jpg,2020,9,0.4781,0.3958,0.1418,0.4541,0.963,ANTLERLESS,ADULT,not_visible,ok,False,1,stop,
4447,SSWI000000017375529A.jpg,2020,4,0.5093,0.8316,0.3368,0.1683,0.95,ANTLERLESS,ADULT,visible,ok,False,1,stop,
4448,SSWI000000034464903C.jpg,2023,12,0.3968,0.5599,0.3831,0.4333,0.977,ANTLERLESS,ADULT,visible,ok,False,1,stop,
4449,SSWI000000012054094B.jpg,2019,3,0.6356,0.3316,0.3093,0.4199,0.953,ANTLERLESS,ADULT,visible,ok,False,1,stop,
4450,SSWI000000025255178A.jpg,2022,1,0.7737,0.2691,0.2262,0.6924,0.966,ANTLERLESS,ADULT,visible,ok,False,1,stop,
4451,SSWI000000016728711A.jpg,2020,3,0.3587,0.8291,0.1724,0.1683,0.959,ANTLERLESS,ADULT,visible,ok,False,1,stop,
4452,SSWI000000025659610A.jpg,2021,11,0.8131,0.6474,0.1868,0.3499,0.961,ANTLERLESS,ADULT,not_visible,ok,False,1,stop,
4453,SSWI000000009015612C.jpg,2018,6,0.2606,0.3266,0.2531,0.3358,0.972,ANTLERLESS,ADULT,visible,ok,False,1,stop,
4454,SSWI000000011315312A.jpg,2018,10,0.6518,0.2649,0.3481,0.3066,0.968,ANTLERLESS,ADULT,visible,ok,False,1,stop,
4455,SSWI000000010848162B.jpg,2018,9,0.3237,0.5133,0.2418,0.4258,0.955,ANTLERLESS,ADULT,visible,ok,False,1,stop,
4456,SSWI000000011523157B.jpg,2019,1,0.1087,0.31,0.2431,0.3066,0.956,ANTLERLESS,ADULT,visible,ok,False,1,stop,
4457,SSWI000000018791836C.jpg,2020,6,0.06687,0.4741,0.4199,0.4258,0.96,ANTLERLESS,ADULT,visible,ok,False,1,stop,
4458,SSWI000000021421868B.jpg,2019,5,0.5143,0.5066,0.4856,0.4908,0.978,ANTLERLESS,ADULT,visible,ok,False,1,stop,
4459,SSWI000000022400177C.jpg,2021,6,0.1631,0.39,0.3043,0.4925,0.973,ANTLERLESS,ADULT,visible,ok,False,1,stop,
4460,SSWI000000026223428A.jpg,2022,5,0.4712,0.5008,0.2887,0.3174,0.961,ANTLERLESS,ADULT,visible,ok,False,1,stop,
4461,SSWI000000008716418C.jpg,2018,5,0.3943,0.4124,0.5812,0.4833,0.972,ANTLERLESS,ADULT,visible,ok,False,1,stop,
4462,SSWI000000011466216C.jpg,2018,7,0.2574,0.345,0.2812,0.4774,0.967,ANTLERLESS,ADULT,visible,ok,False,1,stop,
4463,SSWI000000021514203A.jpg,2020,10,0.7543,0.4925,0.2443,0.215,0.95,ANTLERLESS,ADULT,visible,ok,False,1,stop,
4464,SSWI000000021183230B.jpg,2020,10,0.0,0.3916,0.5031,0.4749,0.957,ANTLERLESS,ADULT,visible,ok,False,1,stop,
4465,SSWI000000010819110C.jpg,2018,10,0.3131,0.6899,0.2325,0.3075,0.963,ANTLERLESS,ADULT,visible,ok,False,1,stop,
4466,SSWI000000011987937B.jpg,2018,11,0.1712,0.3941,0.3243,0.2766,0.971,ANTLERLESS,ADULT,visible,ok,False,1,stop,
4467,SSWI000000009859315B.jpg,2018,7,0.0,0.5958,0.3281,0.2541,0.962,ANTLERLESS,ADULT,visible,ok,False,1,stop,
4468,SSWI000000013703556B.jpg,2019,5,0.1581,0.5291,0.2593,0.2633,0.959,ANTLERLESS,ADULT,visible,ok,False,1,stop,
4469,SSWI000000031484678C.jpg,2023,6,0.6287,0.5841,0.3143,0.4133,0.976,ANTLERLESS,ADULT,visible,ok,False,1,stop,
4470,SSWI000000012832045A.jpg,2019,3,0.2818,0.5349,0.15,0.2166,0.965,ANTLERLESS,ADULT,visible,ok,False,1,stop,
4471,SSWI000000033194050C.jpg,2023,11,0.3681,0.7008,0.4562,0.2966,0.963,ANTLERLESS,ADULT,visible,ok,False,1,stop,
4472,SSWI000000021172517B.jpg,2021,4,0.55,0.2508,0.2556,0.3291,0.975,ANTLERLESS,ADULT,visible,ok,False,1,stop,
4473,SSWI000000013832810A.jpg,2019,4,0.8775,0.5374,0.1225,0.4616,0.963,ANTLERLESS,ADULT,not_visible,ok,False,1,stop,
4474,SSWI000000020383508B.jpg,2020,10,0.2637,0.5808,0.2487,0.3416,0.972,ANTLERLESS,ADULT,visible,ok,False,1,stop,
4475,SSWI000000020644832B.jpg,2020,12,0.7374,0.5958,0.2624,0.3233,0.973,ANTLERLESS,ADULT,visible,ok,False,1,stop,
4476,SSWI000000010732985C.jpg,2018,8,0.004999,0.4083,0.3793,0.3174,0.965,ANTLERLESS,ADULT,visible,ok,False,1,stop,
4477,SSWI000000008624973C.jpg,2018,3,0.4037,0.4283,0.1331,0.2175,0.964,ANTLERLESS,ADULT,visible,ok,False,1,stop,
4478,SSWI000000013418277A.jpg,2019,6,0.4056,0.6841,0.4262,0.3158,0.966,ANTLERLESS,ADULT,visible,ok,False,1,stop,
4479,SSWI000000025843619B.jpg,2022,1,0.0,0.6933,0.5718,0.3033,0.954,ANTLERLESS,ADULT,visible,ok,False,1,stop,
4480,SSWI000000018967046B.jpg,2020,9,0.0,0.2949,0.3474,0.7049,0.967,ANTLERLESS,ADULT,visible,ok,False,1,stop,
4481,SSWI000000014964710A.jpg,2019,9,0.5324,0.4833,0.1162,0.1758,0.952,ANTLERLESS,ADULT,visible,ok,False,1,stop,
4482,SSWI000000020713946B.jpg,2020,5,0.66,0.4816,0.135,0.1491,0.958,ANTLERLESS,ADULT,visible,ok,False,1,stop,
4483,SSWI000000015401607B.jpg,2019,10,0.6518,0.4133,0.3481,0.5833,0.981,ANTLERLESS,ADULT,visible,ok,False,1,stop,
4484,SSWI000000024805918B.jpg,2021,11,0.4568,0.4366,0.3912,0.3158,0.974,ANTLERLESS,ADULT,visible,ok,False,1,stop,
4485,SSWI000000010279055B.jpg,2018,9,0.5675,0.2883,0.2824,0.305,0.967,ANTLERLESS,ADULT,visible,ok,False,1,stop,
4486,SSWI000000018008966C.jpg,2018,12,0.2374,0.5441,0.6793,0.455,0.973,ANTLERLESS,ADULT,visible,ok,False,1,stop,
4487,SSWI000000025255579C.jpg,2022,1,0.2143,0.3949,0.3943,0.4524,0.985,ANTLERLESS,ADULT,visible,ok,False,1,stop,
4488,SSWI000000014722001A.jpg,2019,8,0.47,0.4166,0.1756,0.1691,0.95,ANTLERLESS,ADULT,visible,ok,False,1,stop,
4489,SSWI000000017838737C.jpg,2020,4,0.2906,0.6908,0.2262,0.3091,0.974,ANTLERLESS,ADULT,visible,ok,False,1,stop,
4490,SSWI000000027675733A.jpg,2022,8,0.0,0.5816,0.5343,0.4166,0.962,ANTLERLESS,ADULT,not_visible,ok,False,1,stop,
4491,SSWI000000021721918B.jpg,2020,11,0.7168,0.49,0.2831,0.5083,0.972,ANTLERLESS,ADULT,visible,ok,False,1,stop,
4492,SSWI000000010519088B.jpg,2018,8,0.3099,0.4975,0.5087,0.5016,0.973,ANTLERLESS,ADULT,visible,ok,False,1,stop,
4493,SSWI000000019613017C.jpg,2020,8,0.08187,0.7499,0.3675,0.2475,0.967,ANTLERLESS,ADULT,not_visible,ok,False,1,stop,
4494,SSWI000000009538594C.jpg,2018,3,0.04749,0.3833,0.3799,0.4583,0.972,ANTLERLESS,ADULT,visible,ok,False,1,stop,
4495,SSWI000000021879875B.jpg,2021,3,0.6193,0.39,0.3643,0.3474,0.972,ANTLERLESS,ADULT,visible,ok,False,1,stop,
4496,SSWI000000011000894B.jpg,2018,10,0.2293,0.4116,0.1743,0.2283,0.953,ANTLERLESS,ADULT,visible,ok,False,1,stop,
4497,SSWI000000009537843C.jpg,2018,1,0.1487,0.1599,0.4275,0.5233,0.975,ANTLERLESS,ADULT,visible,ok,False,1,stop,
4498,SSWI000000010225132B.jpg,2018,5,0.3837,0.355,0.1675,0.2116,0.958,ANTLERLESS,ADULT,visible,ok,False,1,stop,
4499,SSWI000000015852847B.jpg,2019,10,0.7612,0.6674,0.2118,0.33,0.972,ANTLERLESS,ADULT,visible,ok,False,1,stop,
4500,SSWI000000026319610A.jpg,2022,6,0.46,0.5958,0.5068,0.4008,0.981,ANTLERLESS,ADULT,visible,ok,False,1,stop,
4501,SSWI000000015853258A.jpg,2019,11,0.06937,0.4658,0.2975,0.3033,0.967,ANTLERLESS,ADULT,visible,ok,False,1,stop,
4502,SSWI000000017012205B.jpg,2019,10,0.0,0.5066,0.1837,0.4908,0.955,ANTLERLESS,ADULT,visible,ok,False,1,stop,
4503,SSWI000000019626577C.jpg,2020,9,0.5162,0.54,0.2374,0.4575,0.982,ANTLERLESS,ADULT,visible,ok,False,1,stop,
4504,SSWI000000033334592B.jpg,2023,9,0.7737,0.6949,0.1837,0.3025,0.97,ANTLERLESS,ADULT,visible,ok,False,1,stop,
4505,SSWI000000011341762B.jpg,2018,10,0.3449,0.4916,0.3762,0.3008,0.972,ANTLERLESS,ADULT,visible,ok,False,1,stop,
4506,SSWI000000016124928B.jpg,2019,12,0.4887,0.6358,0.2987,0.3608,0.974,ANTLERLESS,ADULT,not_visible,ok,False,1,stop,
4507,SSWI000000011219170A.jpg,2018,10,0.1831,0.2725,0.3037,0.4491,0.976,ANTLERLESS,ADULT,visible,ok,False,1,stop,
4508,SSWI000000030329735C.jpg,2022,11,0.3524,0.485,0.3362,0.3108,0.97,ANTLERLESS,ADULT,visible,ok,False,1,stop,
4509,SSWI000000029790795C.jpg,2023,2,0.4262,0.3158,0.4406,0.3366,0.983,ANTLERLESS,ADULT,visible,ok,False,1,stop,
4510,SSWI000000015642144A.jpg,2019,9,0.6299,0.4408,0.37,0.5558,0.972,ANTLERLESS,ADULT,visible,ok,False,1,stop,
4511,SSWI000000018080524C.jpg,2020,7,0.03625,0.2725,0.3431,0.3025,0.964,ANTLERLESS,ADULT,visible,ok,False,1,stop,
4512,SSWI000000025624972B.jpg,2022,4,0.3643,0.3591,0.3056,0.3925,0.973,ANTLERLESS,ADULT,visible,ok,False,1,stop,
4513,SSWI000000015328654B.jpg,2019,10,0.5062,0.6425,0.1968,0.2524,0.968,ANTLERLESS,ADULT,visible,ok,False,1,stop,
4514,SSWI000000030748423A.jpg,2023,4,0.1525,0.4716,0.4062,0.5258,0.973,ANTLERLESS,ADULT,visible,ok,False,1,stop,
4515,SSWI000000008662017C.jpg,2018,4,0.3093,0.4166,0.09624,0.2333,0.972,ANTLERLESS,ADULT,visible,ok,False,1,stop,
4516,SSWI000000016955014C.jpg,2020,3,0.3049,0.4925,0.3656,0.3683,0.983,ANTLERLESS,ADULT,visible,ok,False,1,stop,
4517,SSWI000000032406306A.jpg,2023,6,0.4806,0.5083,0.1943,0.1391,0.954,ANTLERLESS,ADULT,visible,ok,False,1,stop,
4518,SSWI000000010190358B.jpg,2018,7,0.5031,0.5624,0.1381,0.18,0.951,ANTLERLESS,ADULT,visible,ok,False,1,stop,
4519,SSWI000000017291829B.jpg,2020,4,0.6612,0.5025,0.06812,0.1741,0.952,ANTLERLESS,ADULT,visible,ok,False,1,stop,
4520,SSWI000000011836865A.jpg,2018,11,0.005624,0.7991,0.3125,0.2008,0.95,ANTLERLESS,ADULT,visible,ok,False,1,stop,
4521,SSWI000000013080526C.jpg,2019,6,0.04874,0.5349,0.4731,0.3283,0.971,ANTLERLESS,ADULT,visible,ok,False,1,stop,
4522,SSWI000000011504086C.jpg,2018,12,0.4399,0.4283,0.4262,0.3241,0.978,ANTLERLESS,ADULT,visible,ok,False,1,stop,
4523,SSWI000000019613062C.jpg,2020,9,0.4999,0.7,0.2381,0.2958,0.974,ANTLERLESS,ADULT,visible,ok,False,1,stop,
4524,SSWI000000012650642A.jpg,2018,11,0.5293,0.4766,0.1181,0.2066,0.956,ANTLERLESS,ADULT,visible,ok,False,1,stop,
4525,SSWI000000027211828C.jpg,2022,7,0.2818,0.3925,0.09749,0.2158,0.953,ANTLERLESS,ADULT,visible,ok,False,1,stop,
4526,SSWI000000010877153B.jpg,2018,7,0.6781,0.6975,0.3218,0.3,0.978,ANTLERLESS,ADULT,visible,ok,False,1,stop,
4527,SSWI000000022704424C.jpg,2021,5,0.3187,0.4158,0.09499,0.2599,0.954,ANTLERLESS,ADULT,visible,ok,False,1,stop,
4528,SSWI000000033415194B.jpg,2023,9,0.7587,0.6533,0.1593,0.3458,0.957,ANTLERLESS,ADULT,visible,ok,False,1,stop,
4529,SSWI000000015181674B.jpg,2019,9,0.5693,0.3666,0.2,0.3799,0.967,ANTLERLESS,ADULT,visible,ok,False,1,stop,
4530,SSWI000000029310887B.jpg,2022,12,0.2837,0.615,0.2768,0.2116,0.978,ANTLERLESS,ADULT,visible,ok,False,1,stop,
4531,SSWI000000016581331A.jpg,2020,3,0.0,0.2991,0.4356,0.3524,0.966,ANTLERLESS,ADULT,visible,ok,False,1,stop,
4532,SSWI000000008307068C.jpg,2018,1,0.0,0.5941,0.5418,0.3891,0.978,ANTLERLESS,ADULT,visible,ok,False,1,stop,
4533,SSWI000000025708939B.jpg,2022,4,0.4943,0.6725,0.5056,0.3274,0.977,ANTLERLESS,ADULT,visible,ok,False,1,stop,
4534,SSWI000000010595539A.jpg,2018,9,0.045,0.5708,0.3493,0.4266,0.982,ANTLERLESS,ADULT,visible,ok,False,1,stop,
4535,SSWI000000012023844C.jpg,2019,3,0.4625,0.3275,0.3668,0.3658,0.951,ANTLERLESS,ADULT,visible,ok,False,1,stop,
4536,SSWI000000027877007A.jpg,2022,9,0.01874,0.4991,0.28,0.3083,0.959,ANTLERLESS,ADULT,visible,ok,False,1,stop,
4537,SSWI000000025704435C.jpg,2022,4,0.0,0.2133,0.1375,0.4816,0.972,ANTLERLESS,ADULT,visible,ok,False,1,stop,
4538,SSWI000000009456680B.jpg,2018,4,0.5156,0.3191,0.4206,0.2833,0.976,ANTLERLESS,ADULT,visible,ok,False,1,stop,
4539,SSWI000000014722013B.jpg,2019,8,0.3887,0.5408,0.3168,0.4558,0.979,ANTLERLESS,ADULT,visible,ok,False,1,stop,
4540,SSWI000000011107392B.jpg,2018,11,0.6962,0.6458,0.3037,0.3524,0.977,ANTLERLESS,ADULT,visible,ok,False,1,stop,
4541,SSWI000000018008536A.jpg,2019,1,0.5468,0.5108,0.4487,0.4866,0.979,ANTLERLESS,ADULT,visible,ok,False,1,stop,
4542,SSWI000000029814382B.jpg,2023,1,0.6999,0.3099,0.2593,0.6883,0.983,ANTLERLESS,ADULT,visible,ok,False,1,stop,
4543,SSWI000000029352980C.jpg,2022,9,0.5437,0.7649,0.2912,0.2333,0.972,ANTLERLESS,ADULT,visible,ok,False,1,stop,
4544,SSWI000000012640757B.jpg,2019,4,0.2268,0.3316,0.1968,0.1983,0.963,ANTLERLESS,ADULT,visible,ok,False,1,stop,
4545,SSWI000000016343501C.jpg,2019,12,0.0,0.5941,0.2443,0.4033,0.982,ANTLERLESS,ADULT,visible,ok,False,1,stop,
4546,SSWI000000020586734A.jpg,2021,1,0.5393,0.6766,0.4606,0.3224,0.976,ANTLERLESS,ADULT,visible,ok,False,1,stop,
4547,SSWI000000016771453A.jpg,2020,1,0.0,0.3174,0.36,0.4325,0.974,ANTLERLESS,ADULT,visible,ok,False,1,stop,
4548,SSWI000000025735375A.jpg,2022,2,0.7812,0.4641,0.2187,0.3308,0.98,ANTLERLESS,ADULT,visible,ok,False,1,stop,
4549,SSWI000000007612424C.jpg,2018,1,0.3718,0.5266,0.3906,0.3025,0.959,ANTLERLESS,ADULT,visible,ok,False,1,stop,
4550,SSWI000000011441212C.jpg,2018,11,0.6006,0.3866,0.1668,0.17,0.972,ANTLERLESS,ADULT,visible,ok,False,1,stop,
4551,SSWI000000030962563B.jpg,2023,5,0.6525,0.3949,0.3474,0.365,0.968,ANTLERLESS,ADULT,visible,ok,False,1,stop,
4552,SSWI000000021321277A.jpg,2021,4,0.7081,0.4066,0.1456,0.3899,0.964,ANTLERLESS,ADULT,visible,ok,False,1,stop,
4553,SSWI000000033203636C.jpg,2023,10,0.4199,0.6366,0.4556,0.3608,0.973,ANTLERLESS,ADULT,visible,ok,False,1,stop,
4554,SSWI000000016096694B.jpg,2019,10,0.1637,0.66,0.4931,0.3375,0.973,ANTLERLESS,ADULT,visible,ok,False,1,stop,
4555,SSWI000000015497438B.jpg,2019,8,0.2475,0.6425,0.18,0.1599,0.958,ANTLERLESS,ADULT,visible,ok,False,1,stop,
4556,SSWI000000015900721B.jpg,2019,9,0.2874,0.6133,0.1537,0.1883,0.968,ANTLERLESS,ADULT,visible,ok,False,1,stop,
4557,SSWI000000020365563C.jpg,2020,3,0.5031,0.595,0.3943,0.3174,0.974,ANTLERLESS,ADULT,visible,ok,False,1,stop,
4558,SSWI000000022290210B.jpg,2021,5,0.5262,0.6633,0.4731,0.335,0.98,ANTLERLESS,ADULT,visible,ok,False,1,stop,
4559,SSWI000000011392220B.jpg,2018,12,0.1387,0.5391,0.2,0.4474,0.976,ANTLERLESS,ADULT,visible,ok,False,1,stop,
4560,SSWI000000020325043C.jpg,2020,11,0.0,0.4174,0.4893,0.5816,0.977,ANTLERLESS,ADULT,visible,ok,False,1,stop,
4561,SSWI000000013997866B.jpg,2019,6,0.1312,0.4175,0.2862,0.3125,0.967,ANTLERLESS,ADULT,visible,ok,False,1,stop,
4562,SSWI000000021373803A.jpg,2021,2,0.5731,0.3949,0.2312,0.2316,0.967,ANTLERLESS,ADULT,visible,ok,False,1,stop,
4563,SSWI000000023785291B.jpg,2021,9,0.4662,0.4316,0.3812,0.3149,0.972,ANTLERLESS,ADULT,visible,ok,False,1,stop,
4564,SSWI000000017252741A.jpg,2020,4,0.5356,0.5325,0.2725,0.2483,0.966,ANTLERLESS,ADULT,visible,ok,False,1,stop,
4565,SSWI000000016629173B.jpg,2019,12,0.69,0.6566,0.31,0.3416,0.977,ANTLERLESS,ADULT,visible,ok,False,1,stop,
4566,SSWI000000014347035C.jpg,2019,7,0.2975,0.3124,0.4281,0.4199,0.97,ANTLERLESS,ADULT,visible,ok,False,1,stop,
4567,SSWI000000018040923A.jpg,2020,6,0.5549,0.7491,0.2162,0.2083,0.956,ANTLERLESS,ADULT,visible,ok,False,1,stop,
4568,SSWI000000015484579A.jpg,2019,9,0.5524,0.5716,0.1012,0.18,0.952,ANTLERLESS,ADULT,visible,ok,False,1,stop,
4569,SSWI000000025471746A.jpg,2022,3,0.2056,0.4108,0.3506,0.5208,0.96,ANTLERLESS,ADULT,visible,ok,False,1,stop,
4570,SSWI000000032179547A.jpg,2022,6,0.6706,0.2991,0.3293,0.3224,0.958,ANTLERLESS,ADULT,visible,ok,False,1,stop,
4571,SSWI000000020667098B.jpg,2019,12,0.5293,0.36,0.3131,0.6383,0.981,ANTLERLESS,ADULT,visible,ok,False,1,stop,
4572,SSWI000000009477409B.jpg,2018,7,0.5918,0.6508,0.2056,0.3491,0.976,ANTLERLESS,ADULT,visible,ok,False,1,stop,
4573,SSWI000000020664593C.jpg,2020,9,0.4699,0.3608,0.4537,0.6349,0.963,ANTLERLESS,ADULT,visible,ok,False,1,stop,
4574,SSWI000000015189708B.jpg,2019,8,0.0,0.4108,0.2118,0.5866,0.955,ANTLERLESS,ADULT,not_visible,ok,False,1,stop,
4575,SSWI000000027870565B.jpg,2022,6,0.7718,0.5416,0.2187,0.2275,0.961,ANTLERLESS,ADULT,visible,ok,False,1,stop,
4576,SSWI000000009710115B.jpg,2018,6,0.0,0.5058,0.4312,0.4266,0.971,ANTLERLESS,ADULT,visible,ok,False,1,stop,
4577,SSWI000000033447870C.jpg,2023,12,0.4037,0.4624,0.4106,0.5116,0.974,ANTLERLESS,ADULT,visible,ok,False,1,stop,
4578,SSWI000000011957281A.jpg,2019,3,0.1187,0.5324,0.2643,0.1933,0.954,ANTLERLESS,ADULT,visible,ok,False,1,stop,
4579,SSWI000000021726981C.jpg,2021,3,0.2662,0.5966,0.4499,0.4025,0.976,ANTLERLESS,ADULT,visible,ok,False,1,stop,
4580,SSWI000000020924195A.jpg,2021,1,0.0,0.3083,0.3093,0.4,0.961,ANTLERLESS,ADULT,visible,ok,False,1,stop,
4581,SSWI000000015498337C.jpg,2019,10,0.5212,0.5075,0.1856,0.1408,0.953,ANTLERLESS,ADULT,visible,ok,False,1,stop,
4582,SSWI000000031559404A.jpg,2023,8,0.815,0.4791,0.185,0.5183,0.961,ANTLERLESS,ADULT,visible,ok,False,1,stop,
4583,SSWI000000010190225B.jpg,2018,6,0.0,0.5175,0.3668,0.4791,0.982,ANTLERLESS,ADULT,visible,ok,False,1,stop,
4584,SSWI000000020664870C.jpg,2020,12,0.4812,0.2908,0.3231,0.3883,0.978,ANTLERLESS,ADULT,visible,ok,False,1,stop,
4585,SSWI000000017253752C.jpg,2020,1,0.0,0.6425,0.4831,0.3541,0.98,ANTLERLESS,ADULT,visible,ok,False,1,stop,
4586,SSWI000000013914711B.jpg,2019,6,0.2018,0.4691,0.3831,0.3183,0.966,ANTLERLESS,ADULT,visible,ok,False,1,stop,
4587,SSWI000000016548094C.jpg,2020,3,0.01437,0.6325,0.3,0.31,0.972,ANTLERLESS,ADULT,visible,ok,False,1,stop,
4588,SSWI000000021271174C.jpg,2021,4,0.1356,0.4383,0.2025,0.3858,0.967,ANTLERLESS,ADULT,visible,ok,False,1,stop,
4589,SSWI000000012410937A.jpg,2019,1,0.4256,0.4258,0.5612,0.5708,0.967,ANTLERLESS,ADULT,not_visible,ok,False,1,stop,
4590,SSWI000000021296309A.jpg,2020,12,0.7587,0.5983,0.2412,0.3991,0.958,ANTLERLESS,ADULT,visible,ok,False,1,stop,
4591,SSWI000000018264672B.jpg,2020,5,0.0,0.5908,0.1981,0.3149,0.96,ANTLERLESS,ADULT,visible,ok,False,1,stop,
4592,SSWI000000017005115C.jpg,2019,10,0.3331,0.6183,0.6668,0.3791,0.978,ANTLERLESS,ADULT,visible,ok,False,1,stop,
4593,SSWI000000013137453B.jpg,2019,4,0.5287,0.3483,0.4343,0.6483,0.961,ANTLERLESS,ADULT,not_visible,ok,False,1,stop,
4594,SSWI000000027542784A.jpg,2022,8,0.4168,0.4858,0.1962,0.2016,0.951,ANTLERLESS,ADULT,visible,ok,False,1,stop,
4595,SSWI000000012472680C.jpg,2019,1,0.05625,0.5816,0.5774,0.4183,0.969,ANTLERLESS,ADULT,visible,ok,False,1,stop,
4596,SSWI000000029185532B.jpg,2022,12,0.4568,0.4525,0.5431,0.4174,0.973,ANTLERLESS,ADULT,visible,ok,False,1,stop,
4597,SSWI000000025405966C.jpg,2022,3,0.215,0.6191,0.3874,0.3799,0.983,ANTLERLESS,ADULT,visible,ok,False,1,stop,
4598,SSWI000000013832475C.jpg,2019,4,0.1656,0.4758,0.4099,0.4016,0.959,ANTLERLESS,ADULT,visible,ok,False,1,stop,
4599,SSWI000000030690008C.jpg,2023,4,0.3706,0.5308,0.125,0.3641,0.952,ANTLERLESS,ADULT,visible,ok,False,1,stop,
4600,SSWI000000018999068B.jpg,2020,6,0.4218,0.7108,0.2381,0.2866,0.964,ANTLERLESS,ADULT,visible,ok,False,1,stop,
4601,SSWI000000015653245C.jpg,2019,11,0.0,0.4841,0.4618,0.5124,0.979,ANTLERLESS,ADULT,visible,ok,False,1,stop,
4602,SSWI000000010543458C.jpg,2018,8,0.3725,0.4183,0.1068,0.3174,0.963,ANTLERLESS,ADULT,visible,ok,False,1,stop,
4603,SSWI000000025867151C.jpg,2022,5,0.7643,0.4341,0.1887,0.2933,0.969,ANTLERLESS,ADULT,visible,ok,False,1,stop,
4604,SSWI000000018419858C.jpg,2020,5,0.6056,0.5766,0.1987,0.2308,0.965,ANTLERLESS,ADULT,visible,ok,False,1,stop,
4605,SSWI000000009593492A.jpg,2018,5,0.6637,0.03583,0.3362,0.8291,0.953,ANTLERLESS,ADULT,visible,ok,False,1,stop,
4606,SSWI000000017770393C.jpg,2020,3,0.0,0.5083,0.2362,0.4908,0.984,ANTLERLESS,ADULT,visible,ok,False,1,stop,
4607,SSWI000000014533949C.jpg,2019,4,0.5912,0.4991,0.4087,0.4933,0.977,ANTLERLESS,ADULT,visible,ok,False,1,stop,
4608,SSWI000000012456898B.jpg,2019,4,0.2699,0.5341,0.4437,0.3766,0.978,ANTLERLESS,ADULT,visible,ok,False,1,stop,
4609,SSWI000000018419980B.jpg,2019,11,0.5356,0.7524,0.4643,0.245,0.961,ANTLERLESS,ADULT,visible,ok,False,1,stop,
4610,SSWI000000029768038C.jpg,2022,12,0.0,0.605,0.3456,0.3916,0.979,ANTLERLESS,ADULT,visible,ok,False,1,stop,
4611,SSWI000000020438605A.jpg,2020,10,0.7437,0.4883,0.2056,0.27,0.973,ANTLERLESS,ADULT,visible,ok,False,1,stop,
4612,SSWI000000024689816B.jpg,2021,10,0.5349,0.5633,0.465,0.4325,0.978,ANTLERLESS,ADULT,visible,ok,False,1,stop,
4613,SSWI000000012927158A.jpg,2019,2,0.2237,0.2441,0.5249,0.3,0.977,ANTLERLESS,ADULT,visible,ok,False,1,stop,
4614,SSWI000000021892156B.jpg,2021,6,0.08812,0.4499,0.5037,0.4066,0.964,ANTLERLESS,ADULT,visible,ok,False,1,stop,
4615,SSWI000000016342317A.jpg,2019,9,0.4068,0.5566,0.2768,0.4433,0.964,ANTLERLESS,ADULT,visible,ok,False,1,stop,
4616,SSWI000000012645868C.jpg,2019,5,0.0,0.5108,0.6675,0.4891,0.956,ANTLERLESS,ADULT,not_visible,ok,False,1,stop,
4617,SSWI000000033587588C.jpg,2023,11,0.3825,0.5183,0.3249,0.4774,0.981,ANTLERLESS,ADULT,visible,ok,False,1,stop,
4618,SSWI000000017586679A.jpg,2020,3,0.2199,0.3091,0.2099,0.2916,0.969,ANTLERLESS,ADULT,visible,ok,False,1,stop,
4619,SSWI000000009161433B.jpg,2018,5,0.1331,0.2883,0.2512,0.4633,0.973,ANTLERLESS,ADULT,visible,ok,False,1,stop,
4620,SSWI000000020162579A.jpg,2020,3,0.7493,0.5074,0.2506,0.49,0.975,ANTLERLESS,ADULT,visible,ok,False,1,stop,
4621,SSWI000000014758398B.jpg,2019,8,0.3912,0.5208,0.3262,0.3524,0.954,ANTLERLESS,ADULT,visible,ok,False,1,stop,
4622,SSWI000000013079361C.jpg,2018,12,0.2887,0.4516,0.2537,0.2716,0.976,ANTLERLESS,ADULT,visible,ok,False,1,stop,
4623,SSWI000000016752975A.jpg,2020,2,0.2087,0.3983,0.6324,0.6,0.978,ANTLERLESS,ADULT,visible,ok,False,1,stop,
4624,SSWI000000033416507B.jpg,2023,11,0.5781,0.3858,0.1731,0.305,0.957,ANTLERLESS,ADULT,visible,ok,False,1,stop,
4625,SSWI000000025115177B.jpg,2022,1,0.0,0.3674,0.18,0.3625,0.954,ANTLERLESS,ADULT,visible,ok,False,1,stop,
4626,SSWI000000021649779A.jpg,2020,9,0.3125,0.6541,0.4131,0.3458,0.973,ANTLERLESS,ADULT,visible,ok,False,1,stop,
4627,SSWI000000020300452C.jpg,2020,1,0.3218,0.4633,0.3062,0.2524,0.975,ANTLERLESS,ADULT,visible,ok,False,1,stop,
4628,SSWI000000019626328B.jpg,2020,8,0.3518,0.5741,0.4275,0.425,0.982,ANTLERLESS,ADULT,visible,ok,False,1,stop,
4629,SSWI000000026825149C.jpg,2022,6,0.01437,0.5074,0.4018,0.3375,0.981,ANTLERLESS,ADULT,visible,ok,False,1,stop,
4630,SSWI000000020617255A.jpg,2020,11,0.3331,0.2374,0.3849,0.4791,0.975,ANTLERLESS,ADULT,visible,ok,False,1,stop,
4631,SSWI000000018264809B.jpg,2020,6,0.4343,0.5558,0.3368,0.2983,0.964,ANTLERLESS,ADULT,visible,ok,False,1,stop,
4632,SSWI000000033625670C.jpg,2023,9,0.545,0.4224,0.2549,0.4591,0.978,ANTLERLESS,ADULT,visible,ok,False,1,stop,
4633,SSWI000000011150931C.jpg,2018,8,0.09624,0.4833,0.5199,0.4083,0.965,ANTLERLESS,ADULT,not_visible,ok,False,1,stop,
4634,SSWI000000031595260B.jpg,2023,7,0.3331,0.6908,0.2962,0.3058,0.975,ANTLERLESS,ADULT,visible,ok,False,1,stop,
4635,SSWI000000015863993A.jpg,2019,11,0.6362,0.3366,0.3106,0.2966,0.955,ANTLERLESS,ADULT,visible,ok,False,1,stop,
4636,SSWI000000010847114B.jpg,2018,7,0.3131,0.4658,0.3056,0.5316,0.98,ANTLERLESS,ADULT,visible,ok,False,1,stop,
4637,SSWI000000017287932C.jpg,2020,5,0.3181,0.8016,0.2037,0.1966,0.959,ANTLERLESS,ADULT,visible,ok,False,1,stop,
4638,SSWI000000021268436C.jpg,2021,4,0.07625,0.56,0.2706,0.3283,0.968,ANTLERLESS,ADULT,visible,ok,False,1,stop,
4639,SSWI000000008334451C.jpg,2018,2,0.09125,0.0825,0.4787,0.5133,0.98,ANTLERLESS,ADULT,visible,ok,False,1,stop,
4640,SSWI000000018008595A.jpg,2019,3,0.1443,0.4075,0.1487,0.2158,0.957,ANTLERLESS,ADULT,visible,ok,False,1,stop,
4641,SSWI000000032967178A.jpg,2023,10,0.8112,0.5766,0.185,0.3933,0.966,ANTLERLESS,ADULT,visible,ok,False,1,stop,
4642,SSWI000000012592735C.jpg,2019,3,0.3556,0.5233,0.1762,0.2208,0.973,ANTLERLESS,ADULT,visible,ok,False,1,stop,
4643,SSWI000000020068457C.jpg,2020,11,0.7293,0.5166,0.2418,0.1841,0.952,ANTLERLESS,ADULT,visible,ok,False,1,stop,
4644,SSWI000000008139360B.jpg,2018,1,0.3087,0.4175,0.5006,0.5791,0.976,ANTLERLESS,ADULT,not_visible,ok,False,1,stop,
4645,SSWI000000009041655C.jpg,2018,5,0.3649,0.5158,0.2406,0.245,0.964,ANTLERLESS,ADULT,visible,ok,False,1,stop,
4646,SSWI000000016525237A.jpg,2019,11,0.4268,0.4916,0.3137,0.5066,0.974,ANTLERLESS,ADULT,visible,ok,False,1,stop,
4647,SSWI000000033413330A.jpg,2023,9,0.0,0.5424,0.1931,0.3608,0.976,ANTLERLESS,ADULT,visible,ok,False,1,stop,
4648,SSWI000000027035598C.jpg,2022,5,0.05687,0.6058,0.4806,0.3941,0.962,ANTLERLESS,ADULT,visible,ok,False,1,stop,
4649,SSWI000000022396834B.jpg,2021,6,0.1162,0.7524,0.3987,0.2441,0.958,ANTLERLESS,ADULT,visible,ok,False,1,stop,
4650,SSWI000000021273847B.jpg,2020,10,0.1012,0.2283,0.4456,0.455,0.978,ANTLERLESS,ADULT,visible,ok,False,1,stop,
4651,SSWI000000033357022B.jpg,2023,11,0.2312,0.4608,0.3574,0.5066,0.978,ANTLERLESS,ADULT,visible,ok,False,1,stop,
4652,SSWI000000008840406A.jpg,2018,3,0.1568,0.6541,0.5618,0.3425,0.97,ANTLERLESS,ADULT,visible,ok,False,1,stop,
4653,SSWI000000020145738B.jpg,2020,9,0.08187,0.6158,0.2481,0.3774,0.956,ANTLERLESS,ADULT,visible,ok,False,1,stop,
4654,SSWI000000028461022B.jpg,2022,11,0.06125,0.3375,0.5493,0.6616,0.978,ANTLERLESS,ADULT,visible,ok,False,1,stop,
4655,SSWI000000021183380B.jpg,2021,1,0.2962,0.32,0.2425,0.2783,0.974,ANTLERLESS,ADULT,visible,ok,False,1,stop,
4656,SSWI000000021502451A.jpg,2021,4,0.0,0.5316,0.1987,0.3316,0.959,ANTLERLESS,ADULT,visible,ok,False,1,stop,
4657,SSWI000000019469575C.jpg,2020,8,0.6468,0.1616,0.3531,0.615,0.954,ANTLERLESS,ADULT,not_visible,ok,False,1,stop,
4658,SSWI000000021295324C.jpg,2021,1,0.08687,0.3966,0.3868,0.33,0.974,ANTLERLESS,ADULT,visible,ok,False,1,stop,
4659,SSWI000000009234251C.jpg,2018,6,0.5281,0.7216,0.4718,0.2766,0.975,ANTLERLESS,ADULT,visible,ok,False,1,stop,
4660,SSWI000000015484400B.jpg,2019,8,0.3206,0.5899,0.1743,0.2133,0.958,ANTLERLESS,ADULT,visible,ok,False,1,stop,
4661,SSWI000000011455044B.jpg,2018,12,0.0,0.4366,0.3512,0.5366,0.973,ANTLERLESS,ADULT,visible,ok,False,1,stop,
4662,SSWI000000015642236C.jpg,2019,10,0.5287,0.5124,0.2981,0.485,0.982,ANTLERLESS,ADULT,visible,ok,False,1,stop,
4663,SSWI000000012841242C.jpg,2019,3,0.4543,0.6366,0.2025,0.2599,0.957,ANTLERLESS,ADULT,visible,ok,False,1,stop,
4664,SSWI000000012020317C.jpg,2018,12,0.4518,0.3341,0.2737,0.2966,0.968,ANTLERLESS,ADULT,visible,ok,False,1,stop,
4665,SSWI000000025071593A.jpg,2021,12,0.0,0.38,0.1743,0.3516,0.95,ANTLERLESS,ADULT,visible,ok,False,1,stop,
4666,SSWI000000012753871C.jpg,2019,5,0.175,0.4958,0.6606,0.5033,0.983,ANTLERLESS,ADULT,visible,ok,False,1,stop,
4667,SSWI000000019789362A.jpg,2020,7,0.0,0.5816,0.2524,0.4166,0.971,ANTLERLESS,ADULT,visible,ok,False,1,stop,
4668,SSWI000000021727961B.jpg,2021,1,0.3331,0.6083,0.3818,0.3141,0.973,ANTLERLESS,ADULT,visible,ok,False,1,stop,
4669,SSWI000000020068423A.jpg,2020,11,0.7918,0.5399,0.1875,0.1675,0.95,ANTLERLESS,ADULT,visible,ok,False,1,stop,
4670,SSWI000000020151557C.jpg,2020,12,0.1493,0.5025,0.1843,0.23,0.953,ANTLERLESS,ADULT,visible,ok,False,1,stop,
4671,SSWI000000017253361B.jpg,2019,12,0.3237,0.6008,0.1312,0.1449,0.952,ANTLERLESS,ADULT,visible,ok,False,1,stop,
4672,SSWI000000025659567C.jpg,2021,11,0.5968,0.5208,0.2649,0.2566,0.953,ANTLERLESS,ADULT,visible,ok,False,1,stop,
4673,SSWI000000028353171B.jpg,2022,8,0.7525,0.485,0.2312,0.3025,0.973,ANTLERLESS,ADULT,visible,ok,False,1,stop,
4674,SSWI000000012053634A.jpg,2019,2,0.0,0.2849,0.2937,0.7133,0.951,ANTLERLESS,ADULT,not_visible,ok,False,1,stop,
4675,SSWI000000010857603B.jpg,2018,5,0.5149,0.4766,0.485,0.5199,0.984,ANTLERLESS,ADULT,visible,ok,False,1,stop,
4676,SSWI000000033407850B.jpg,2023,12,0.5906,0.4033,0.1206,0.3824,0.955,ANTLERLESS,ADULT,visible,ok,False,1,stop,
4677,SSWI000000014352697C.jpg,2019,6,0.0,0.2241,0.2649,0.5608,0.974,ANTLERLESS,ADULT,visible,ok,False,1,stop,
4678,SSWI000000009875459B.jpg,2018,8,0.5531,0.625,0.4468,0.3733,0.975,ANTLERLESS,ADULT,visible,ok,False,1,stop,
4679,SSWI000000014715785B.jpg,2019,8,0.1062,0.4958,0.08124,0.1841,0.954,ANTLERLESS,ADULT,visible,ok,False,1,stop,
4680,SSWI000000021404229C.jpg,2021,4,0.3262,0.5916,0.2981,0.2741,0.962,ANTLERLESS,ADULT,visible,ok,False,1,stop,
4681,SSWI000000020481060B.jpg,2020,11,0.4675,0.6483,0.09875,0.3499,0.954,ANTLERLESS,ADULT,not_visible,ok,False,1,stop,
4682,SSWI000000017042636A.jpg,2020,3,0.0,0.5741,0.2549,0.425,0.985,ANTLERLESS,ADULT,visible,ok,False,1,stop,
4683,SSWI000000025689066C.jpg,2022,4,0.5674,0.6558,0.2531,0.2508,0.959,ANTLERLESS,ADULT,visible,ok,False,1,stop,
4684,SSWI000000016544686B.jpg,2020,1,0.4949,0.4399,0.1956,0.2224,0.973,ANTLERLESS,ADULT,visible,ok,False,1,stop,
4685,SSWI000000025353968A.jpg,2022,1,0.3043,0.3624,0.2987,0.4658,0.953,ANTLERLESS,ADULT,visible,ok,False,1,stop,
4686,SSWI000000027847358A.jpg,2022,8,0.08249,0.3858,0.2512,0.335,0.97,ANTLERLESS,ADULT,visible,ok,False,1,stop,
4687,SSWI000000017587182A.jpg,2020,4,0.6899,0.3149,0.25,0.4066,0.978,ANTLERLESS,ADULT,visible,ok,False,1,stop,
4688,SSWI000000012020378B.jpg,2018,12,0.0,0.425,0.17,0.5099,0.974,ANTLERLESS,ADULT,visible,ok,False,1,stop,
4689,SSWI000000027304566A.jpg,2022,7,0.6506,0.7766,0.3493,0.2224,0.975,ANTLERLESS,ADULT,visible,ok,False,1,stop,
4690,SSWI000000024407960C.jpg,2021,10,0.3306,0.3441,0.3737,0.3591,0.966,ANTLERLESS,ADULT,visible,ok,False,1,stop,
4691,SSWI000000028313867B.jpg,2022,6,0.0,0.4916,0.6712,0.5058,0.963,ANTLERLESS,ADULT,not_visible,ok,False,1,stop,
4692,SSWI000000033447873B.jpg,2023,12,0.02187,0.4216,0.2443,0.2908,0.963,ANTLERLESS,ADULT,visible,ok,False,1,stop,
4693,SSWI000000020663151B.jpg,2019,10,0.5606,0.4766,0.4393,0.5233,0.976,ANTLERLESS,ADULT,visible,ok,False,1,stop,
4694,SSWI000000017254622B.jpg,2020,5,0.001874,0.6158,0.2368,0.2233,0.967,ANTLERLESS,ADULT,visible,ok,False,1,stop,
4695,SSWI000000021796304C.jpg,2021,5,0.7506,0.5341,0.1006,0.2366,0.951,ANTLERLESS,ADULT,visible,ok,False,1,stop,
4696,SSWI000000017082890C.jpg,2020,4,0.6281,0.3599,0.27,0.3233,0.978,ANTLERLESS,ADULT,visible,ok,False,1,stop,
4697,SSWI000000015641918C.jpg,2019,11,0.1218,0.4216,0.3656,0.3808,0.978,ANTLERLESS,ADULT,visible,ok,False,1,stop,
4698,SSWI000000023074183A.jpg,2020,10,0.1443,0.5283,0.2712,0.3233,0.973,ANTLERLESS,ADULT,visible,ok,False,1,stop,
4699,SSWI000000011265438A.jpg,2018,10,0.4162,0.1474,0.2906,0.665,0.971,ANTLERLESS,ADULT,visible,ok,False,1,stop,
4700,SSWI000000012613982A.jpg,2019,5,0.735,0.6925,0.2649,0.305,0.959,ANTLERLESS,ADULT,visible,ok,False,1,stop,
4701,SSWI000000032773986B.jpg,2023,10,0.6506,0.3474,0.2118,0.3083,0.959,ANTLERLESS,ADULT,visible,ok,False,1,stop,
4702,SSWI000000014515862B.jpg,2019,7,0.5437,0.1766,0.3243,0.4233,0.963,ANTLERLESS,ADULT,visible,ok,False,1,stop,
4703,SSWI000000021449977A.jpg,2021,4,0.07312,0.5275,0.2962,0.2508,0.964,ANTLERLESS,ADULT,visible,ok,False,1,stop,
4704,SSWI000000029814637B.jpg,2022,12,0.1587,0.5658,0.365,0.4316,0.974,ANTLERLESS,ADULT,not_visible,ok,False,1,stop,
4705,SSWI000000012449263C.jpg,2019,3,0.45,0.2558,0.4799,0.5091,0.981,ANTLERLESS,ADULT,visible,ok,False,1,stop,
4706,SSWI000000015863175A.jpg,2019,10,0.05374,0.3333,0.3181,0.4266,0.968,ANTLERLESS,ADULT,visible,ok,False,1,stop,
4707,SSWI000000013558729B.jpg,2019,4,0.5931,0.7199,0.2693,0.2691,0.974,ANTLERLESS,ADULT,visible,ok,False,1,stop,
4708,SSWI000000021565355C.jpg,2021,4,0.2943,0.4833,0.3387,0.3883,0.963,ANTLERLESS,ADULT,visible,ok,False,1,stop,
4709,SSWI000000013818712B.jpg,2019,4,0.1093,0.5916,0.2643,0.2333,0.971,ANTLERLESS,ADULT,visible,ok,False,1,stop,
4710,SSWI000000017082614A.jpg,2019,11,0.4168,0.4766,0.2106,0.2441,0.955,ANTLERLESS,ADULT,visible,ok,False,1,stop,
4711,SSWI000000033395347C.jpg,2023,11,0.0,0.45,0.2493,0.5466,0.966,ANTLERLESS,ADULT,visible,ok,False,1,stop,
4712,SSWI000000017005102C.jpg,2019,10,0.3225,0.7408,0.3249,0.2549,0.975,ANTLERLESS,ADULT,visible,ok,False,1,stop,
4713,SSWI000000016242122B.jpg,2019,12,0.1087,0.4233,0.1368,0.1916,0.967,ANTLERLESS,ADULT,visible,ok,False,1,stop,
4714,SSWI000000010166655B.jpg,2018,5,0.0,0.6074,0.3368,0.3908,0.971,ANTLERLESS,ADULT,visible,ok,False,1,stop,
4715,SSWI000000017531524A.jpg,2020,5,0.0,0.6158,0.3524,0.3808,0.975,ANTLERLESS,ADULT,visible,ok,False,1,stop,
4716,SSWI000000027457120B.jpg,2022,5,0.2937,0.5366,0.3462,0.3908,0.962,ANTLERLESS,ADULT,visible,ok,False,1,stop,
4717,SSWI000000010707849B.jpg,2018,10,0.5987,0.5083,0.2393,0.2691,0.967,ANTLERLESS,ADULT,visible,ok,False,1,stop,
4718,SSWI000000015220114A.jpg,2019,9,0.0,0.2424,0.4868,0.7541,0.979,ANTLERLESS,ADULT,not_visible,ok,False,1,stop,
4719,SSWI000000024640331A.jpg,2021,11,0.4412,0.1058,0.3993,0.8358,0.961,ANTLERLESS,ADULT,visible,ok,False,1,stop,
4720,SSWI000000007761275C.jpg,2018,1,0.365,0.5249,0.2212,0.4716,0.972,ANTLERLESS,ADULT,visible,ok,False,1,stop,
4721,SSWI000000021980949A.jpg,2021,6,0.3693,0.6483,0.3106,0.3516,0.971,ANTLERLESS,ADULT,visible,ok,False,1,stop,
4722,SSWI000000022841234B.jpg,2021,5,0.3843,0.7858,0.3281,0.2116,0.957,ANTLERLESS,ADULT,visible,ok,False,1,stop,
4723,SSWI000000016629344A.jpg,2019,12,0.39,0.6858,0.2306,0.3125,0.974,ANTLERLESS,ADULT,visible,ok,False,1,stop,
4724,SSWI000000008700504C.jpg,2018,5,0.3043,0.7333,0.5612,0.2658,0.954,ANTLERLESS,ADULT,visible,ok,False,1,stop,
4725,SSWI000000030822879A.jpg,2023,4,0.6568,0.1016,0.3431,0.7583,0.962,ANTLERLESS,ADULT,not_visible,ok,False,1,stop,
4726,SSWI000000013631092C.jpg,2019,4,0.04499,0.4533,0.0825,0.1616,0.951,ANTLERLESS,ADULT,visible,ok,False,1,stop,
4727,SSWI000000027304882B.jpg,2022,8,0.6087,0.7433,0.3912,0.2549,0.963,ANTLERLESS,ADULT,visible,ok,False,1,stop,
4728,SSWI000000031606294A.jpg,2023,5,0.0,0.4191,0.7387,0.5799,0.977,ANTLERLESS,ADULT,visible,ok,False,1,stop,
4729,SSWI000000014208127A.jpg,2019,6,0.7725,0.1066,0.2275,0.6866,0.953,ANTLERLESS,ADULT,visible,ok,False,1,stop,
4730,SSWI000000020126319A.jpg,2020,11,0.0,0.4308,0.4431,0.5674,0.971,ANTLERLESS,ADULT,not_visible,ok,False,1,stop,
4731,SSWI000000020300080A.jpg,2019,7,0.1099,0.5291,0.5706,0.4675,0.982,ANTLERLESS,ADULT,visible,ok,False,1,stop,
4732,SSWI000000023112760C.jpg,2021,6,0.4137,0.2983,0.5862,0.6999,0.969,ANTLERLESS,ADULT,visible,ok,False,1,stop,
4733,SSWI000000011060437C.jpg,2018,11,0.5081,0.155,0.3687,0.5658,0.976,ANTLERLESS,ADULT,visible,ok,False,1,stop,
4734,SSWI000000012184915C.jpg,2018,11,0.2943,0.8408,0.5162,0.1591,0.97,ANTLERLESS,ADULT,visible,ok,False,1,stop,
4735,SSWI000000016236387C.jpg,2019,4,0.5712,0.1716,0.4081,0.7566,0.977,ANTLERLESS,ADULT,visible,ok,False,1,stop,
4736,SSWI000000021980625A.jpg,2021,5,0.3749,0.4425,0.3362,0.5566,0.978,ANTLERLESS,ADULT,visible,ok,False,1,stop,
4737,SSWI000000020663312B.jpg,2019,12,0.07062,0.2908,0.5099,0.7058,0.984,ANTLERLESS,ADULT,visible,ok,False,1,stop,
4738,SSWI000000009041498B.jpg,2018,5,0.055,0.5358,0.5718,0.4625,0.98,ANTLERLESS,ADULT,visible,ok,False,1,stop,
4739,SSWI000000008450717B.jpg,2018,3,0.6849,0.5825,0.3149,0.4166,0.974,ANTLERLESS,ADULT,visible,ok,False,1,stop,
4740,SSWI000000021534594C.jpg,2020,12,0.6687,0.4575,0.1949,0.5224,0.98,ANTLERLESS,ADULT,visible,ok,False,1,stop,
4741,SSWI000000026487895A.jpg,2022,5,0.0,0.2466,0.7225,0.7483,0.961,ANTLERLESS,ADULT,visible,ok,False,1,stop,
4742,SSWI000000031559170B.jpg,2023,6,0.1206,0.5158,0.4499,0.3774,0.977,ANTLERLESS,ADULT,visible,ok,False,1,stop,
4743,SSWI000000015964215B.jpg,2019,5,0.2187,0.2791,0.7212,0.5666,0.974,ANTLERLESS,ADULT,visible,ok,False,1,stop,
4744,SSWI000000016789070A.jpg,2019,10,0.0,0.0125,0.5768,0.9608,0.988,ANTLERLESS,ADULT,visible,ok,False,1,stop,
4745,SSWI000000018998580C.jpg,2020,4,0.3974,0.7725,0.3499,0.2275,0.968,ANTLERLESS,ADULT,not_visible,ok,False,1,stop,
4746,SSWI000000027542627C.jpg,2022,7,0.0725,0.6025,0.4099,0.395,0.979,ANTLERLESS,ADULT,visible,ok,False,1,stop,
4747,SSWI000000029671708A.jpg,2022,11,0.2,0.42,0.2381,0.3058,0.972,ANTLERLESS,ADULT,visible,ok,False,1,stop,
4748,SSWI000000010477547C.jpg,2018,9,0.2856,0.5275,0.1581,0.2899,0.961,ANTLERLESS,ADULT,visible,ok,False,1,stop,
4749,SSWI000000016704502B.jpg,2020,3,0.4287,0.7075,0.5212,0.2899,0.958,ANTLERLESS,ADULT,not_visible,ok,False,1,stop,
4750,SSWI000000021428513B.jpg,2020,11,0.5568,0.54,0.1837,0.3308,0.962,ANTLERLESS,ADULT,visible,ok,False,1,stop,
4751,SSWI000000012377317A.jpg,2018,12,0.2243,0.4591,0.3899,0.3008,0.98,ANTLERLESS,ADULT,visible,ok,False,1,stop,
4752,SSWI000000009832378A.jpg,2018,8,0.04499,0.42,0.1331,0.2241,0.955,ANTLERLESS,ADULT,visible,ok,False,1,stop,
4753,SSWI000000031609153C.jpg,2023,6,0.5924,0.8324,0.2762,0.1658,0.957,ANTLERLESS,ADULT,visible,ok,False,1,stop,
4754,SSWI000000011341890B.jpg,2018,11,0.0425,0.4416,0.4,0.4449,0.952,ANTLERLESS,ADULT,visible,ok,False,1,stop,
4755,SSWI000000017124329C.jpg,2020,4,0.3887,0.4274,0.1543,0.2475,0.968,ANTLERLESS,ADULT,visible,ok,False,1,stop,
4756,SSWI000000025354012B.jpg,2022,2,0.0,0.3249,0.34,0.5774,0.969,ANTLERLESS,ADULT,visible,ok,False,1,stop,
4757,SSWI000000033293788B.jpg,2023,10,0.08749,0.4541,0.1593,0.3641,0.96,ANTLERLESS,ADULT,visible,ok,False,1,stop,
4758,SSWI000000010903547C.jpg,2018,10,0.005624,0.2908,0.3518,0.3558,0.974,ANTLERLESS,ADULT,visible,ok,False,1,stop,
4759,SSWI000000017888568C.jpg,2020,4,0.0,0.4724,0.4887,0.5258,0.964,ANTLERLESS,ADULT,visible,ok,False,1,stop,
4760,SSWI000000010336636A.jpg,2018,5,0.4787,0.5341,0.1481,0.2374,0.963,ANTLERLESS,ADULT,visible,ok,False,1,stop,
4761,SSWI000000014610437A.jpg,2019,5,0.0,0.3916,0.2056,0.5058,0.953,ANTLERLESS,ADULT,visible,ok,False,1,stop,
4762,SSWI000000009538859B.jpg,2018,4,0.1699,0.4333,0.365,0.3499,0.965,ANTLERLESS,ADULT,visible,ok,False,1,stop,
4763,SSWI000000016771761A.jpg,2020,3,0.6443,0.4924,0.1774,0.2683,0.964,ANTLERLESS,ADULT,not_visible,ok,False,1,stop,
4764,SSWI000000015302827A.jpg,2019,9,0.1756,0.6716,0.3062,0.3258,0.966,ANTLERLESS,ADULT,visible,ok,False,1,stop,
4765,SSWI000000013703581B.jpg,2019,5,0.7468,0.4741,0.2531,0.2241,0.959,ANTLERLESS,ADULT,visible,ok,False,1,stop,
4766,SSWI000000030716235C.jpg,2023,5,0.7287,0.5608,0.2468,0.2691,0.955,ANTLERLESS,ADULT,visible,ok,False,1,stop,
4767,SSWI000000026155717C.jpg,2022,5,0.2787,0.4466,0.1093,0.335,0.95,ANTLERLESS,ADULT,not_visible,ok,False,1,stop,
4768,SSWI000000014352751C.jpg,2019,7,0.0,0.3491,0.1981,0.6258,0.957,ANTLERLESS,ADULT,not_visible,ok,False,1,stop,
4769,SSWI000000025255593C.jpg,2022,1,0.5068,0.3358,0.4506,0.3491,0.976,ANTLERLESS,ADULT,visible,ok,False,1,stop,
4770,SSWI000000017716538C.jpg,2020,5,0.4081,0.2175,0.4375,0.5799,0.979,ANTLERLESS,ADULT,visible,ok,False,1,stop,
4771,SSWI000000022907626C.jpg,2021,5,0.1831,0.6116,0.3643,0.3524,0.963,ANTLERLESS,ADULT,visible,ok,False,1,stop,
4772,SSWI000000011943747C.jpg,2018,12,0.3724,0.7066,0.2,0.1833,0.97,ANTLERLESS,ADULT,visible,ok,False,1,stop,
4773,SSWI000000025690098A.jpg,2022,2,0.1468,0.5999,0.1075,0.085,0.965,ANTLERLESS,ADULT,visible,ok,False,1,stop,
4774,SSWI000000009073010C.jpg,2018,5,0.0,0.3424,0.2318,0.2208,0.959,ANTLERLESS,ADULT,visible,ok,False,1,stop,
4775,SSWI000000030715711A.jpg,2023,4,0.6231,0.5091,0.1381,0.2558,0.963,ANTLERLESS,ADULT,visible,ok,False,1,stop,
4776,SSWI000000033193833B.jpg,2023,10,0.1306,0.3883,0.4137,0.3291,0.962,ANTLERLESS,ADULT,visible,ok,False,1,stop,
4777,SSWI000000019231282B.jpg,2020,8,0.1381,0.4591,0.1912,0.2541,0.967,ANTLERLESS,ADULT,visible,ok,False,1,stop,
4778,SSWI000000008566731B.jpg,2018,4,0.2618,0.5099,0.34,0.3358,0.951,ANTLERLESS,ADULT,visible,ok,False,1,stop,
4779,SSWI000000031690644A.jpg,2023,5,0.3862,0.4208,0.2631,0.2641,0.954,ANTLERLESS,ADULT,visible,ok,False,1,stop,
4780,SSWI000000029014322B.jpg,2022,11,0.3706,0.6008,0.2662,0.3608,0.973,ANTLERLESS,ADULT,visible,ok,False,1,stop,
4781,SSWI000000018999436C.jpg,2020,8,0.635,0.6658,0.2524,0.3316,0.963,ANTLERLESS,ADULT,visible,ok,False,1,stop,
4782,SSWI000000026331130C.jpg,2022,4,0.0,0.5233,1.0,0.4758,0.963,ANTLERLESS,ADULT,visible,ok,False,1,stop,
4783,SSWI000000015377548C.jpg,2019,9,0.5431,0.2974,0.4568,0.4516,0.976,ANTLERLESS,ADULT,visible,ok,False,1,stop,
4784,SSWI000000021404098C.jpg,2021,3,0.3143,0.5491,0.2393,0.2016,0.98,ANTLERLESS,ADULT,visible,ok,False,1,stop,
4785,SSWI000000015642203A.jpg,2019,10,0.2981,0.4566,0.2406,0.3116,0.953,ANTLERLESS,ADULT,visible,ok,False,1,stop,
4786,SSWI000000010327421A.jpg,2018,5,0.2781,0.5216,0.3356,0.3558,0.967,ANTLERLESS,ADULT,visible,ok,False,1,stop,
4787,SSWI000000015330139C.jpg,2019,9,0.3331,0.4966,0.4056,0.5016,0.975,ANTLERLESS,ADULT,visible,ok,False,1,stop,
4788,SSWI000000014375411A.jpg,2019,7,0.2575,0.2175,0.2243,0.4233,0.977,ANTLERLESS,ADULT,visible,ok,False,1,stop,
4789,SSWI000000034074460B.jpg,2023,12,0.0,0.5158,0.4331,0.3133,0.975,ANTLERLESS,ADULT,visible,ok,False,1,stop,
4790,SSWI000000024690809C.jpg,2021,10,0.375,0.6091,0.5737,0.3891,0.967,ANTLERLESS,ADULT,visible,ok,False,1,stop,
4791,SSWI000000029671616A.jpg,2022,10,0.3012,0.3366,0.3156,0.2566,0.971,ANTLERLESS,ADULT,visible,ok,False,1,stop,
4792,SSWI000000029693254B.jpg,2023,1,0.01187,0.64,0.4181,0.3566,0.98,ANTLERLESS,ADULT,visible,ok,False,1,stop,
4793,SSWI000000009860747C.jpg,2018,5,0.3762,0.6633,0.6237,0.335,0.975,ANTLERLESS,ADULT,visible,ok,False,1,stop,
4794,SSWI000000015087594B.jpg,2019,9,0.225,0.6058,0.3375,0.2349,0.964,ANTLERLESS,ADULT,visible,ok,False,1,stop,
4795,SSWI000000018283483B.jpg,2019,11,0.04437,0.2741,0.2775,0.3325,0.963,ANTLERLESS,ADULT,visible,ok,False,1,stop,
4796,SSWI000000011065249A.jpg,2018,11,0.5081,0.3525,0.2668,0.2658,0.962,ANTLERLESS,ADULT,not_visible,ok,False,1,stop,
4797,SSWI000000033875802C.jpg,2023,11,0.7868,0.4458,0.2131,0.5508,0.968,ANTLERLESS,ADULT,not_visible,ok,False,1,stop,
4798,SSWI000000017263780A.jpg,2020,5,0.4556,0.3616,0.3118,0.4583,0.969,ANTLERLESS,ADULT,visible,ok,False,1,stop,
4799,SSWI000000010877704C.jpg,2018,10,0.0,0.5566,0.4468,0.4416,0.983,ANTLERLESS,ADULT,visible,ok,False,1,stop,
4800,SSWI000000024689594B.jpg,2021,8,0.5775,0.6266,0.4199,0.2966,0.967,ANTLERLESS,ADULT,visible,ok,False,1,stop,
4801,SSWI000000016776364B.jpg,2020,1,0.8518,0.4899,0.1393,0.1716,0.956,ANTLERLESS,ADULT,visible,ok,False,1,stop,
4802,SSWI000000020134111C.jpg,2020,10,0.2624,0.3666,0.2062,0.3008,0.957,ANTLERLESS,ADULT,visible,ok,False,1,stop,
4803,SSWI000000032822150B.jpg,2023,8,0.0,0.535,0.1643,0.4641,0.966,ANTLERLESS,ADULT,visible,ok,False,1,stop,
4804,SSWI000000021284871A.jpg,2021,1,0.03125,0.6733,0.9687,0.3241,0.963,ANTLERLESS,ADULT,visible,ok,False,1,stop,
4805,SSWI000000033515226C.jpg,2023,11,0.5156,0.3691,0.4037,0.3899,0.977,ANTLERLESS,ADULT,visible,ok,False,1,stop,
4806,SSWI000000018249362B.jpg,2020,6,0.4262,0.6333,0.4168,0.3658,0.98,ANTLERLESS,ADULT,visible,ok,False,1,stop,
4807,SSWI000000021422858C.jpg,2020,1,0.0006249,0.5883,0.4918,0.4025,0.981,ANTLERLESS,ADULT,visible,ok,False,1,stop,
4808,SSWI000000020573161B.jpg,2020,12,0.6574,0.5599,0.2887,0.2508,0.975,ANTLERLESS,ADULT,visible,ok,False,1,stop,
4809,SSWI000000017048725C.jpg,2020,4,0.3199,0.4158,0.2962,0.5833,0.967,ANTLERLESS,ADULT,visible,ok,False,1,stop,
4810,SSWI000000012652477A.jpg,2018,12,0.4812,0.3,0.34,0.3883,0.96,ANTLERLESS,ADULT,visible,ok,False,1,stop,
4811,SSWI000000018998654B.jpg,2020,5,0.4756,0.7166,0.2262,0.2833,0.974,ANTLERLESS,ADULT,visible,ok,False,1,stop,
4812,SSWI000000021090033A.jpg,2020,12,0.6893,0.7574,0.1943,0.2125,0.962,ANTLERLESS,ADULT,visible,ok,False,1,stop,
4813,SSWI000000025296698B.jpg,2022,2,0.1793,0.4308,0.2106,0.3091,0.971,ANTLERLESS,ADULT,visible,ok,False,1,stop,
4814,SSWI000000011836844A.jpg,2018,11,0.6256,0.7158,0.3187,0.2791,0.979,ANTLERLESS,ADULT,visible,ok,False,1,stop,
4815,SSWI000000015829725A.jpg,2019,11,0.7443,0.645,0.2556,0.3541,0.954,ANTLERLESS,ADULT,visible,ok,False,1,stop,
4816,SSWI000000011095709B.jpg,2018,9,0.3099,0.5375,0.1687,0.3558,0.973,ANTLERLESS,ADULT,visible,ok,False,1,stop,
4817,SSWI000000027435162B.jpg,2022,7,0.4843,0.4649,0.5156,0.5341,0.951,ANTLERLESS,ADULT,visible,ok,False,1,stop,
4818,SSWI000000034200470C.jpg,2023,12,0.0,0.4058,0.2056,0.4883,0.959,ANTLERLESS,ADULT,visible,ok,False,1,stop,
4819,SSWI000000014516741A.jpg,2019,8,0.5081,0.7916,0.4306,0.2066,0.961,ANTLERLESS,ADULT,visible,ok,False,1,stop,
4820,SSWI000000013631082B.jpg,2019,4,0.4474,0.3758,0.2381,0.2691,0.974,ANTLERLESS,ADULT,visible,ok,False,1,stop,
4821,SSWI000000025009390C.jpg,2021,12,0.6068,0.5175,0.2249,0.4691,0.971,ANTLERLESS,ADULT,visible,ok,False,1,stop,
4822,SSWI000000030690443A.jpg,2023,3,0.02812,0.4016,0.2387,0.2041,0.965,ANTLERLESS,ADULT,visible,ok,False,1,stop,
4823,SSWI000000024555165B.jpg,2021,11,0.1712,0.3599,0.3968,0.3933,0.977,ANTLERLESS,ADULT,visible,ok,False,1,stop,
4824,SSWI000000020688906B.jpg,2020,10,0.2062,0.5908,0.3518,0.3091,0.975,ANTLERLESS,ADULT,visible,ok,False,1,stop,
4825,SSWI000000020302042C.jpg,2020,4,0.1018,0.5533,0.2787,0.3675,0.967,ANTLERLESS,ADULT,visible,ok,False,1,stop,
4826,SSWI000000033515287C.jpg,2023,12,0.003749,0.3174,0.2668,0.6075,0.98,ANTLERLESS,ADULT,visible,ok,False,1,stop,
4827,SSWI000000029671484B.jpg,2022,9,0.00625,0.3974,0.2325,0.4916,0.97,ANTLERLESS,ADULT,visible,ok,False,1,stop,
4828,SSWI000000013076874C.jpg,2019,2,0.5037,0.3575,0.4524,0.6399,0.976,ANTLERLESS,ADULT,visible,ok,False,1,stop,
4829,SSWI000000010170876B.jpg,2018,5,0.375,0.48,0.1768,0.5033,0.965,ANTLERLESS,ADULT,visible,ok,False,1,stop,
4830,SSWI000000012833135C.jpg,2019,5,0.05937,0.7641,0.2131,0.2158,0.954,ANTLERLESS,ADULT,visible,ok,False,1,stop,
4831,SSWI000000021373975C.jpg,2021,4,0.375,0.5291,0.335,0.3308,0.971,ANTLERLESS,ADULT,visible,ok,False,1,stop,
4832,SSWI000000024102209C.jpg,2021,9,0.3268,0.4633,0.3518,0.4499,0.967,ANTLERLESS,ADULT,visible,ok,False,1,stop,
4833,SSWI000000028544917B.jpg,2022,8,0.23,0.615,0.7699,0.3849,0.97,ANTLERLESS,ADULT,visible,ok,False,1,stop,
4834,SSWI000000020958812C.jpg,2020,12,0.0,0.2649,0.4399,0.6399,0.973,ANTLERLESS,ADULT,visible,ok,False,1,stop,
4835,SSWI000000016819386C.jpg,2019,11,0.4462,0.3049,0.3381,0.4266,0.968,ANTLERLESS,ADULT,visible,ok,False,1,stop,
4836,SSWI000000011065330C.jpg,2018,11,0.23,0.3024,0.2806,0.2991,0.973,ANTLERLESS,ADULT,visible,ok,False,1,stop,
4837,SSWI000000017501494B.jpg,2020,4,0.02125,0.5666,0.3899,0.3033,0.966,ANTLERLESS,ADULT,visible,ok,False,1,stop,
4838,SSWI000000009710263C.jpg,2018,6,0.4687,0.5175,0.4518,0.4808,0.975,ANTLERLESS,ADULT,visible,ok,False,1,stop,
4839,SSWI000000013492201B.jpg,2019,6,0.2162,0.4633,0.2468,0.2874,0.953,ANTLERLESS,ADULT,visible,ok,False,1,stop,
4840,SSWI000000012828136A.jpg,2019,1,0.3712,0.6533,0.1312,0.3141,0.969,ANTLERLESS,ADULT,visible,ok,False,1,stop,
4841,SSWI000000024498136A.jpg,2021,8,0.1193,0.7324,0.3193,0.2658,0.962,ANTLERLESS,ADULT,visible,ok,False,1,stop,
4842,SSWI000000017042625A.jpg,2020,3,0.0,0.3666,0.2643,0.3366,0.955,ANTLERLESS,ADULT,visible,ok,False,1,stop,
4843,SSWI000000007970597C.jpg,2018,1,0.3481,0.285,0.3956,0.3458,0.981,ANTLERLESS,ADULT,visible,ok,False,1,stop,
4844,SSWI000000029671513A.jpg,2022,9,0.3131,0.4158,0.2025,0.5366,0.954,ANTLERLESS,ADULT,visible,ok,False,1,stop,
4845,SSWI000000031609273B.jpg,2023,8,0.0,0.6841,0.3725,0.3125,0.977,ANTLERLESS,ADULT,visible,ok,False,1,stop,
4846,SSWI000000022553234C.jpg,2021,6,0.1968,0.5141,0.3237,0.2733,0.966,ANTLERLESS,ADULT,visible,ok,False,1,stop,
4847,SSWI000000033383242B.jpg,2023,8,0.4968,0.4666,0.3675,0.5316,0.976,ANTLERLESS,ADULT,visible,ok,False,1,stop,
4848,SSWI000000009654279C.jpg,2018,5,0.1437,0.5799,0.3481,0.4,0.972,ANTLERLESS,ADULT,visible,ok,False,1,stop,
4849,SSWI000000025650677C.jpg,2021,12,0.5337,0.4675,0.3799,0.5258,0.979,ANTLERLESS,ADULT,visible,ok,False,1,stop,
4850,SSWI000000028783651B.jpg,2022,9,0.2818,0.4391,0.3637,0.3008,0.957,ANTLERLESS,ADULT,visible,ok,False,1,stop,
4851,SSWI000000011341862C.jpg,2018,10,0.4612,0.4883,0.5218,0.5108,0.973,ANTLERLESS,ADULT,visible,ok,False,1,stop,
4852,SSWI000000024555008C.jpg,2021,9,0.1937,0.2633,0.3937,0.7358,0.984,ANTLERLESS,ADULT,visible,ok,False,1,stop,
4853,SSWI000000033383199C.jpg,2023,8,0.2337,0.4658,0.5425,0.4558,0.957,ANTLERLESS,ADULT,visible,ok,False,1,stop,
4854,SSWI000000028454923A.jpg,2022,9,0.575,0.3858,0.1218,0.2133,0.954,ANTLERLESS,ADULT,visible,ok,False,1,stop,
4855,SSWI000000021217856A.jpg,2021,2,0.0,0.4525,0.15,0.2116,0.953,ANTLERLESS,ADULT,visible,ok,False,1,stop,
4856,SSWI000000019159661B.jpg,2020,4,0.7356,0.5683,0.2374,0.4316,0.977,ANTLERLESS,ADULT,visible,ok,False,1,stop,
4857,SSWI000000017465023B.jpg,2020,4,0.1356,0.4999,0.2524,0.2916,0.963,ANTLERLESS,ADULT,visible,ok,False,1,stop,
4858,SSWI000000025259551B.jpg,2022,2,0.1668,0.2416,0.5099,0.6508,0.955,ANTLERLESS,ADULT,visible,ok,False,1,stop,
4859,SSWI000000017969129C.jpg,2020,2,0.6999,0.3666,0.2762,0.37,0.976,ANTLERLESS,ADULT,visible,ok,False,1,stop,
4860,SSWI000000018263783C.jpg,2020,3,0.07062,0.4824,0.2256,0.2,0.95,ANTLERLESS,ADULT,visible,ok,False,1,stop,
4861,SSWI000000029693303B.jpg,2023,1,0.2575,0.4558,0.7418,0.5408,0.97,ANTLERLESS,ADULT,visible,ok,False,1,stop,
4862,SSWI000000008485515A.jpg,2018,3,0.1568,0.5416,0.23,0.3474,0.972,ANTLERLESS,ADULT,not_visible,ok,False,1,stop,
4863,SSWI000000011058543B.jpg,2018,11,0.5418,0.3441,0.2175,0.3083,0.97,ANTLERLESS,ADULT,visible,ok,False,1,stop,
4864,SSWI000000033228487B.jpg,2023,11,0.7012,0.6133,0.2549,0.3849,0.97,ANTLERLESS,ADULT,visible,ok,False,1,stop,
4865,SSWI000000012472853A.jpg,2019,4,0.4724,0.8016,0.5274,0.1983,0.961,ANTLERLESS,ADULT,visible,ok,False,1,stop,
4866,SSWI000000021428405B.jpg,2020,11,0.7418,0.6058,0.2581,0.3933,0.978,ANTLERLESS,ADULT,visible,ok,False,1,stop,
4867,SSWI000000012618138A.jpg,2019,5,0.6031,0.4358,0.1331,0.3,0.963,ANTLERLESS,ADULT,not_visible,ok,False,1,stop,
4868,SSWI000000012641869A.jpg,2019,4,0.3787,0.5574,0.1912,0.2374,0.978,ANTLERLESS,ADULT,visible,ok,False,1,stop,
4869,SSWI000000033324494A.jpg,2023,11,0.5768,0.3508,0.2381,0.4333,0.96,ANTLERLESS,ADULT,visible,ok,False,1,stop,
4870,SSWI000000019309341B.jpg,2019,11,0.0,0.7116,0.3693,0.2866,0.978,ANTLERLESS,ADULT,visible,ok,False,1,stop,
4871,SSWI000000021787446A.jpg,2021,5,0.8318,0.5066,0.1681,0.1608,0.956,ANTLERLESS,ADULT,visible,ok,False,1,stop,
4872,SSWI000000026188719A.jpg,2022,4,0.6512,0.2883,0.3487,0.4208,0.96,ANTLERLESS,ADULT,visible,ok,False,1,stop,
4873,SSWI000000009590316C.jpg,2018,6,0.5168,0.6258,0.2556,0.3741,0.982,ANTLERLESS,ADULT,visible,ok,False,1,stop,
4874,SSWI000000017838513A.jpg,2020,3,0.6524,0.5566,0.2137,0.4424,0.969,ANTLERLESS,ADULT,visible,ok,False,1,stop,
4875,SSWI000000011392584B.jpg,2018,11,0.0,0.5208,0.3368,0.4758,0.976,ANTLERLESS,ADULT,visible,ok,False,1,stop,
4876,SSWI000000021217867A.jpg,2021,2,0.0,0.4491,0.1949,0.2216,0.964,ANTLERLESS,ADULT,visible,ok,False,1,stop,
4877,SSWI000000009559284B.jpg,2018,5,0.4237,0.5958,0.3156,0.4008,0.98,ANTLERLESS,ADULT,visible,ok,False,1,stop,
4878,SSWI000000009654277A.jpg,2018,5,0.0,0.5933,0.2143,0.3499,0.955,ANTLERLESS,ADULT,visible,ok,False,1,stop,
4879,SSWI000000030286211B.jpg,2023,4,0.2462,0.2566,0.7531,0.74,0.983,ANTLERLESS,ADULT,visible,ok,False,1,stop,
